⚠️  Engine already running. Aborting.
✅ DB inicializada: storage/batman.db
✅ DB inicializada: storage/batman.db
✅ DB inicializada: storage/batman.db
✅ DB inicializada: storage/batman.db
✅ DB inicializada: storage/batman.db
✅ DB inicializada: storage/batman.db
✅ DB inicializada: storage/batman.db
✅ DB inicializada: storage/batman.db
✅ DB inicializada: storage/batman.db
✅ DB inicializada: storage/batman.db
✅ DB inicializada: storage/batman.db
✅ DB inicializada: storage/batman.db
✅ DB inicializada: storage/batman.db
✅ DB inicializada: storage/batman.db
✅ DB inicializada: storage/batman.db
✅ DB inicializada: storage/batman.db
✅ DB inicializada: storage/batman.db
✅ DB inicializada: storage/batman.db
✅ DB inicializada: storage/batman.db
✅ DB inicializada: storage/batman.db
✅ DB inicializada: storage/batman.db

🦇 RISK SCORES TOP 10
SYM        RISK  VOL_Z REGIME
-----------------------------------
UAL        5.81   3.95 EXTREME
DAL        4.87   3.72 EXTREME
MAR        3.70   3.59 EXTREME
HLT        3.64   3.94 EXTREME
XLF        3.49   3.65 EXTREME
XLK        3.47   3.73 EXTREME
IWM        3.36   3.70 EXTREME
KO         3.16   4.15 EXTREME
FOXA       3.14   3.47 EXTREME
TLT        3.14   4.10 EXTREME
✅ DB inicializada: storage/batman.db

🦇 RISK SCORES TOP 10
SYM        RISK  VOL_Z REGIME
-----------------------------------
UAL        5.81   3.95 EXTREME
DAL        4.87   3.72 EXTREME
MAR        3.70   3.59 EXTREME
HLT        3.64   3.94 EXTREME
XLF        3.49   3.65 EXTREME
XLK        3.47   3.73 EXTREME
IWM        3.36   3.70 EXTREME
KO         3.16   4.15 EXTREME
FOXA       3.14   3.47 EXTREME
TLT        3.14   4.10 EXTREME
✅ DB inicializada: storage/batman.db

🦇 RISK SCORES TOP 10
SYM        RISK  VOL_Z REGIME
-----------------------------------
UAL        5.81   3.95 EXTREME
DAL        4.87   3.72 EXTREME
MAR        3.70   3.59 EXTREME
HLT        3.64   3.94 EXTREME
XLF        3.49   3.65 EXTREME
XLK        3.47   3.73 EXTREME
IWM        3.36   3.70 EXTREME
KO         3.16   4.15 EXTREME
FOXA       3.14   3.47 EXTREME
TLT        3.14   4.10 EXTREME
✅ DB inicializada: storage/batman.db

🦇 RISK SCORES TOP 10
SYM        RISK  VOL_Z REGIME
-----------------------------------
UAL        5.81   3.95 EXTREME
DAL        4.87   3.72 EXTREME
MAR        3.70   3.59 EXTREME
HLT        3.64   3.94 EXTREME
XLF        3.49   3.65 EXTREME
XLK        3.47   3.73 EXTREME
IWM        3.36   3.70 EXTREME
KO         3.16   4.15 EXTREME
FOXA       3.14   3.47 EXTREME
TLT        3.14   4.10 EXTREME
✅ DB inicializada: storage/batman.db

🦇 RISK SCORES TOP 10
SYM        RISK  VOL_Z REGIME
-----------------------------------
UAL        5.81   3.95 EXTREME
DAL        4.87   3.72 EXTREME
MAR        3.70   3.59 EXTREME
HLT        3.64   3.94 EXTREME
XLF        3.49   3.65 EXTREME
XLK        3.47   3.73 EXTREME
IWM        3.36   3.70 EXTREME
KO         3.16   4.15 EXTREME
FOXA       3.14   3.47 EXTREME
TLT        3.14   4.10 EXTREME
✅ DB inicializada: storage/batman.db

🦇 RISK SCORES TOP 10
SYM        RISK  VOL_Z REGIME
-----------------------------------
UAL        5.81   3.95 EXTREME
DAL        4.87   3.72 EXTREME
MAR        3.70   3.59 EXTREME
HLT        3.64   3.94 EXTREME
XLF        3.49   3.65 EXTREME
XLK        3.47   3.73 EXTREME
IWM        3.36   3.70 EXTREME
KO         3.16   4.15 EXTREME
FOXA       3.14   3.47 EXTREME
TLT        3.14   4.10 EXTREME
✅ DB inicializada: storage/batman.db

🦇 RISK SCORES TOP 10
SYM        RISK  VOL_Z REGIME
-----------------------------------
UAL        5.81   3.95 EXTREME
DAL        4.87   3.72 EXTREME
MAR        3.70   3.59 EXTREME
HLT        3.64   3.94 EXTREME
XLF        3.49   3.65 EXTREME
XLK        3.47   3.73 EXTREME
IWM        3.36   3.70 EXTREME
KO         3.16   4.15 EXTREME
FOXA       3.14   3.47 EXTREME
TLT        3.14   4.10 EXTREME
✅ DB inicializada: storage/batman.db

🦇 RISK SCORES TOP 10
SYM        RISK  VOL_Z REGIME
-----------------------------------
UAL        5.81   3.95 EXTREME
DAL        4.87   3.72 EXTREME
MAR        3.70   3.59 EXTREME
HLT        3.64   3.94 EXTREME
XLF        3.49   3.65 EXTREME
XLK        3.47   3.73 EXTREME
IWM        3.36   3.70 EXTREME
KO         3.16   4.15 EXTREME
FOXA       3.14   3.47 EXTREME
TLT        3.14   4.10 EXTREME
✅ DB inicializada: storage/batman.db

🦇 RISK SCORES TOP 10
SYM        RISK  VOL_Z REGIME
-----------------------------------
UAL        5.81   3.95 EXTREME
DAL        4.87   3.72 EXTREME
MAR        3.70   3.59 EXTREME
HLT        3.64   3.94 EXTREME
XLF        3.49   3.65 EXTREME
XLK        3.47   3.73 EXTREME
IWM        3.36   3.70 EXTREME
KO         3.16   4.15 EXTREME
FOXA       3.14   3.47 EXTREME
TLT        3.14   4.10 EXTREME
✅ DB inicializada: storage/batman.db

🦇 RISK SCORES TOP 10
SYM        RISK  VOL_Z REGIME
-----------------------------------
UAL        5.81   3.95 EXTREME
DAL        4.87   3.72 EXTREME
MAR        3.70   3.59 EXTREME
HLT        3.64   3.94 EXTREME
XLF        3.49   3.65 EXTREME
XLK        3.47   3.73 EXTREME
IWM        3.36   3.70 EXTREME
KO         3.16   4.15 EXTREME
FOXA       3.14   3.47 EXTREME
TLT        3.14   4.10 EXTREME
✅ DB inicializada: storage/batman.db

🦇 RISK SCORES TOP 10
SYM        RISK  VOL_Z REGIME
-----------------------------------
UAL        5.81   3.95 EXTREME
DAL        4.87   3.72 EXTREME
MAR        3.70   3.59 EXTREME
HLT        3.64   3.94 EXTREME
XLF        3.49   3.65 EXTREME
XLK        3.47   3.73 EXTREME
IWM        3.36   3.70 EXTREME
KO         3.16   4.15 EXTREME
FOXA       3.14   3.47 EXTREME
TLT        3.14   4.10 EXTREME
✅ DB inicializada: storage/batman.db

🦇 RISK SCORES TOP 10
SYM        RISK  VOL_Z REGIME
-----------------------------------
UAL        5.81   3.95 EXTREME
DAL        4.87   3.72 EXTREME
MAR        3.70   3.59 EXTREME
HLT        3.64   3.94 EXTREME
XLF        3.49   3.65 EXTREME
XLK        3.47   3.73 EXTREME
IWM        3.36   3.70 EXTREME
KO         3.16   4.15 EXTREME
FOXA       3.14   3.47 EXTREME
TLT        3.14   4.10 EXTREME
✅ DB inicializada: storage/batman.db

🦇 RISK SCORES TOP 10
SYM        RISK  VOL_Z REGIME
-----------------------------------
UAL        5.81   3.95 EXTREME
DAL        4.87   3.72 EXTREME
MAR        3.70   3.59 EXTREME
HLT        3.64   3.94 EXTREME
XLF        3.49   3.65 EXTREME
XLK        3.47   3.73 EXTREME
IWM        3.36   3.70 EXTREME
KO         3.16   4.15 EXTREME
FOXA       3.14   3.47 EXTREME
TLT        3.14   4.10 EXTREME
✅ DB inicializada: storage/batman.db

🦇 RISK SCORES TOP 10
SYM        RISK  VOL_Z REGIME
-----------------------------------
UAL        5.81   3.95 EXTREME
DAL        4.87   3.72 EXTREME
MAR        3.70   3.59 EXTREME
HLT        3.64   3.94 EXTREME
XLF        3.49   3.65 EXTREME
XLK        3.47   3.73 EXTREME
IWM        3.36   3.70 EXTREME
KO         3.16   4.15 EXTREME
FOXA       3.14   3.47 EXTREME
TLT        3.14   4.10 EXTREME
✅ DB inicializada: storage/batman.db

🦇 RISK SCORES TOP 10
SYM        RISK  VOL_Z REGIME
-----------------------------------
DKNG       1.53  -0.93 TENSION
MAR        1.30  -0.46 TENSION
HLT        1.23  -0.71 TENSION
UAL        1.21  -0.35 TENSION
PEP        1.17   0.91 TENSION
DIS        0.97  -0.77 NORMAL
DAL        0.93  -0.52 NORMAL
XLY        0.89  -0.64 NORMAL
TLT        0.64  -0.51 NORMAL
HYG        0.61  -0.68 NORMAL
✅ DB inicializada: storage/batman.db

🦇 RISK SCORES TOP 10
SYM        RISK  VOL_Z REGIME
-----------------------------------
MAR        3.38   2.88 EXTREME
UAL        1.41  -0.21 TENSION
DKNG       1.41  -0.24 TENSION
HLT        1.19  -0.44 TENSION
DAL        0.99  -0.14 NORMAL
XLY        0.96   0.15 NORMAL
HYG        0.91   0.65 NORMAL
DIS        0.87  -0.23 NORMAL
XLE        0.74   0.52 NORMAL
TLT        0.65  -0.25 NORMAL
✅ DB inicializada: storage/batman.db

🦇 RISK SCORES TOP 10
SYM        RISK  VOL_Z REGIME
-----------------------------------
MAR        3.09   2.40 EXTREME
UAL        1.42  -0.58 TENSION
PEP        1.39   1.42 TENSION
HLT        1.33  -0.77 TENSION
DAL        1.13  -0.61 TENSION
DKNG       1.11  -0.87 TENSION
DIS        1.05  -0.92 TENSION
XLY        0.92  -0.60 NORMAL
HYG        0.79  -1.40 NORMAL
TLT        0.70  -0.69 NORMAL
✅ DB inicializada: storage/batman.db

🦇 RISK SCORES TOP 10
SYM        RISK  VOL_Z REGIME
-----------------------------------
MAR        3.07   2.47 EXTREME
UAL        3.02  -0.49 EXTREME
PEP        1.56   1.54 TENSION
HLT        1.25  -0.10 TENSION
DKNG       1.10  -1.06 TENSION
DAL        1.09  -0.51 TENSION
DIS        1.03  -0.71 TENSION
QQQ        0.93   0.56 NORMAL
XLY        0.88  -0.24 NORMAL
IWM        0.86  -0.23 NORMAL
✅ DB inicializada: storage/batman.db

🦇 RISK SCORES TOP 10
SYM        RISK  VOL_Z REGIME
-----------------------------------
MAR        1.18  -0.95 TENSION
HLT        1.10  -0.87 TENSION
UAL        1.09  -0.56 TENSION
DIS        1.07  -1.03 TENSION
DAL        0.82  -0.67 NORMAL
DKNG       0.78  -1.04 NORMAL
HYG        0.77  -1.30 NORMAL
TLT        0.69  -0.74 NORMAL
XLP        0.66  -0.66 NORMAL
PEP        0.65  -0.99 NORMAL
✅ DB inicializada: storage/batman.db

🦇 RISK SCORES TOP 10
SYM        RISK  VOL_Z REGIME
-----------------------------------
UAL        3.03  -0.50 EXTREME
MAR        2.68   2.30 STRESS
DIS        1.10  -0.86 TENSION
HLT        1.09  -0.83 TENSION
XLY        0.90  -0.59 NORMAL
DKNG       0.80  -0.98 NORMAL
HYG        0.78  -1.28 NORMAL
DAL        0.76  -0.60 NORMAL
TLT        0.68  -0.72 NORMAL
MCD        0.60  -0.94 NORMAL
✅ DB inicializada: storage/batman.db

🦇 RISK SCORES TOP 10
SYM        RISK  VOL_Z REGIME
-----------------------------------
PEP        1.45   1.58 TENSION
TLT        1.44   1.10 TENSION
UAL        1.29  -0.70 TENSION
MAR        1.25  -1.00 TENSION
HLT        1.08  -0.84 TENSION
DIS        1.05  -1.04 TENSION
XLY        0.93  -1.14 NORMAL
DAL        0.91  -0.59 NORMAL
XLP        0.79  -1.33 NORMAL
MCD        0.69  -0.93 NORMAL
✅ DB inicializada: storage/batman.db

🦇 RISK SCORES TOP 10
SYM        RISK  VOL_Z REGIME
-----------------------------------
UAL        2.82   1.97 STRESS
PEP        2.60   3.17 STRESS
TLT        2.55   2.64 STRESS
MAR        1.28  -0.96 TENSION
HLT        1.09  -0.72 TENSION
DIS        1.09  -0.78 TENSION
DAL        0.95  -0.52 NORMAL
XLY        0.87  -0.69 NORMAL
XLP        0.76  -1.01 NORMAL
QQQ        0.69   0.41 NORMAL
✅ DB inicializada: storage/batman.db

🦇 RISK SCORES TOP 10
SYM        RISK  VOL_Z REGIME
-----------------------------------
UAL        1.39  -0.74 TENSION
DIS        1.19  -1.28 TENSION
XLY        1.18  -1.77 TENSION
XLK        1.17  -1.49 TENSION
DAL        0.99  -0.56 NORMAL
MAR        0.98  -0.80 NORMAL
XLP        0.93  -1.46 NORMAL
TLT        0.91  -1.20 NORMAL
HLT        0.89  -0.84 NORMAL
HYG        0.83  -1.43 NORMAL
✅ DB inicializada: storage/batman.db

🦇 RISK SCORES TOP 10
SYM        RISK  VOL_Z REGIME
-----------------------------------
UAL        1.25  -0.68 TENSION
DIS        1.07  -0.89 TENSION
XLY        1.00  -1.23 NORMAL
MAR        0.99  -0.77 NORMAL
TLT        0.91  -1.18 NORMAL
DAL        0.89  -0.44 NORMAL
XLP        0.89  -1.14 NORMAL
HLT        0.83  -0.62 NORMAL
HYG        0.79  -1.28 NORMAL
KO         0.78  -0.58 NORMAL
✅ DB inicializada: storage/batman.db

🦇 RISK SCORES TOP 10
SYM        RISK  VOL_Z REGIME
-----------------------------------
UAL        1.65  -0.62 TENSION
XLY        1.64  -2.67 TENSION
DAL        1.59  -1.35 TENSION
DIS        1.47  -1.71 TENSION
PEP        1.40   1.15 TENSION
XLP        1.31  -2.20 TENSION
TLT        1.20   0.78 TENSION
HLT        1.06  -1.27 TENSION
XLF        1.02  -2.12 TENSION
MCD        1.01  -1.67 TENSION
✅ DB inicializada: storage/batman.db

🦇 RISK SCORES TOP 10
SYM        RISK  VOL_Z REGIME
-----------------------------------
UAL        1.74  -0.53 TENSION
DAL        1.59  -0.90 TENSION
XLY        1.46  -1.90 TENSION
PEP        1.42   1.19 TENSION
DIS        1.33  -1.09 TENSION
XLP        1.22  -1.84 TENSION
TLT        1.20   0.80 TENSION
DKNG       1.09  -0.53 TENSION
XLF        0.99  -1.90 NORMAL
MAR        0.96  -0.54 NORMAL
✅ DB inicializada: storage/batman.db

🦇 RISK SCORES TOP 10
SYM        RISK  VOL_Z REGIME
-----------------------------------
XLY        1.56  -2.80 TENSION
DIS        1.49  -1.96 TENSION
DAL        1.45  -1.76 TENSION
XLK        1.42  -2.18 TENSION
XLP        1.34  -2.30 TENSION
UAL        1.33  -0.65 TENSION
HLT        1.30  -2.29 TENSION
TLT        1.14  -1.75 TENSION
XLE        1.10  -2.58 TENSION
KO         1.06  -1.50 TENSION
✅ DB inicializada: storage/batman.db

🦇 RISK SCORES TOP 10
SYM        RISK  VOL_Z REGIME
-----------------------------------
DIS        1.35  -1.49 TENSION
UAL        1.25  -0.63 TENSION
DAL        1.23  -0.85 TENSION
KO         1.13  -1.85 TENSION
XLF        1.12  -0.82 TENSION
XLP        1.11  -1.49 TENSION
MCD        1.05  -1.71 TENSION
HLT        1.00  -1.20 NORMAL
XLY        0.86   0.48 NORMAL
XLE        0.79  -1.49 NORMAL
✅ DB inicializada: storage/batman.db

🦇 RISK SCORES TOP 10
SYM        RISK  VOL_Z REGIME
-----------------------------------
MAR        3.26   2.84 EXTREME
XLY        1.54  -2.69 TENSION
DAL        1.46  -1.47 TENSION
DIS        1.36  -1.55 TENSION
UAL        1.28  -0.52 TENSION
XLP        1.24  -2.14 TENSION
MCD        1.17  -1.50 TENSION
KO         1.11  -1.69 TENSION
HLT        1.11   0.76 TENSION
TLT        1.08  -1.61 TENSION
✅ DB inicializada: storage/batman.db

🦇 RISK SCORES TOP 10
SYM        RISK  VOL_Z REGIME
-----------------------------------
DAL        1.51  -1.64 TENSION
HLT        1.47   1.44 TENSION
IWM        1.43  -2.26 TENSION
DIS        1.41  -1.94 TENSION
MCD        1.40  -2.43 TENSION
UAL        1.33  -0.60 TENSION
XLP        1.26  -2.27 TENSION
KO         1.20  -2.03 TENSION
TLT        1.11  -1.65 TENSION
XLK        1.10  -2.76 TENSION
✅ DB inicializada: storage/batman.db

🦇 RISK SCORES TOP 10
SYM        RISK  VOL_Z REGIME
-----------------------------------
DIS        1.41  -1.80 TENSION
HLT        1.40  -2.12 TENSION
XLY        1.36  -2.26 TENSION
DAL        1.30  -1.24 TENSION
MCD        1.20  -1.92 TENSION
UAL        1.15  -0.44 TENSION
TLT        1.11   0.54 TENSION
XLP        1.10  -1.78 TENSION
KO         1.01  -1.41 TENSION
XLK        0.96  -2.30 NORMAL
✅ DB inicializada: storage/batman.db

🦇 RISK SCORES TOP 10
SYM        RISK  VOL_Z REGIME
-----------------------------------
DIS        1.52  -2.21 TENSION
XLY        1.46  -2.67 TENSION
HLT        1.42  -2.28 TENSION
DAL        1.40  -1.58 TENSION
MCD        1.28  -2.14 TENSION
XLP        1.15  -2.02 TENSION
UAL        1.11  -0.45 TENSION
KO         1.09  -1.80 TENSION
TLT        1.00  -1.30 TENSION
XLE        0.94  -2.35 NORMAL
✅ DB inicializada: storage/batman.db

🦇 RISK SCORES TOP 10
SYM        RISK  VOL_Z REGIME
-----------------------------------
PEP        1.54   1.18 TENSION
DIS        1.37  -1.68 TENSION
XLY        1.33  -2.26 TENSION
MCD        1.30  -1.73 TENSION
DAL        1.25  -1.21 TENSION
XLP        1.03  -1.68 TENSION
UAL        0.99  -0.49 NORMAL
KO         0.94  -1.26 NORMAL
TLT        0.94  -1.21 NORMAL
HLT        0.87  -0.85 NORMAL
✅ DB inicializada: storage/batman.db

🦇 RISK SCORES TOP 10
SYM        RISK  VOL_Z REGIME
-----------------------------------
DIS        1.76  -2.90 TENSION
MCD        1.64  -2.93 TENSION
XLY        1.42  -2.59 TENSION
DAL        1.35  -1.42 TENSION
HLT        1.16  -2.03 TENSION
UAL        1.03  -0.50 TENSION
XLP        0.95  -1.36 NORMAL
TLT        0.93  -1.24 NORMAL
KO         0.93  -1.40 NORMAL
FOXA       0.92  -2.29 NORMAL
✅ DB inicializada: storage/batman.db

🦇 RISK SCORES TOP 10
SYM        RISK  VOL_Z REGIME
-----------------------------------
DIS        1.40  -1.39 TENSION
MCD        1.36  -1.96 TENSION
DAL        1.19  -1.09 TENSION
IWM        1.07  -1.08 TENSION
XLY        1.05  -1.39 TENSION
UAL        1.02  -0.40 TENSION
XLP        0.96  -1.39 NORMAL
TLT        0.94  -1.22 NORMAL
QQQ        0.93   0.80 NORMAL
HLT        0.92  -0.76 NORMAL
✅ DB inicializada: storage/batman.db

🦇 RISK SCORES TOP 10
SYM        RISK  VOL_Z REGIME
-----------------------------------
DIS        1.70  -2.60 TENSION
DAL        1.40  -1.83 TENSION
XLY        1.35  -2.50 TENSION
HLT        1.25  -1.89 TENSION
MCD        1.14  -1.17 TENSION
XLP        1.05  -1.83 TENSION
UAL        0.98  -0.40 NORMAL
XLK        0.97  -2.44 NORMAL
KO         0.91  -1.16 NORMAL
TLT        0.89  -1.13 NORMAL
✅ DB inicializada: storage/batman.db

🦇 RISK SCORES TOP 10
SYM        RISK  VOL_Z REGIME
-----------------------------------
HLT        3.00   3.70 EXTREME
DAL        1.36  -1.29 TENSION
MCD        1.24  -1.64 TENSION
DIS        1.09   0.13 TENSION
UAL        1.01  -0.26 TENSION
XLY        0.96  -0.95 NORMAL
MAR        0.83  -0.50 NORMAL
KO         0.83  -0.67 NORMAL
TLT        0.83  -0.97 NORMAL
XLK        0.82  -1.69 NORMAL
✅ DB inicializada: storage/batman.db

🦇 RISK SCORES TOP 10
SYM        RISK  VOL_Z REGIME
-----------------------------------
DIS        1.64  -2.13 TENSION
DAL        1.56  -1.92 TENSION
XLY        1.56  -2.92 TENSION
MCD        1.28  -1.82 TENSION
IWM        1.22  -2.97 TENSION
XLP        1.16  -1.95 TENSION
UAL        1.04  -0.27 TENSION
HLT        1.03  -1.07 TENSION
XLK        1.00  -2.40 NORMAL
KO         0.88  -0.86 NORMAL
✅ DB inicializada: storage/batman.db

🦇 RISK SCORES TOP 10
SYM        RISK  VOL_Z REGIME
-----------------------------------
DAL        1.38  -1.31 TENSION
HLT        1.31   0.60 TENSION
TLT        1.28   0.71 TENSION
DIS        1.14  -0.73 TENSION
MCD        1.12  -1.21 TENSION
UAL        1.12  -0.27 TENSION
XLY        1.02  -0.94 TENSION
MAR        0.97  -0.41 NORMAL
XLP        0.76  -0.33 NORMAL
HYG        0.69  -1.12 NORMAL
✅ DB inicializada: storage/batman.db

🦇 RISK SCORES TOP 10
SYM        RISK  VOL_Z REGIME
-----------------------------------
DAL        1.48  -1.74 TENSION
DIS        1.46  -1.96 TENSION
XLY        1.32  -1.91 TENSION
MCD        1.29  -1.79 TENSION
XLP        1.13  -1.59 TENSION
HLT        1.12  -0.95 TENSION
XLK        1.08  -2.40 TENSION
UAL        1.07  -0.29 TENSION
MAR        0.96  -0.44 NORMAL
KO         0.87  -0.86 NORMAL
✅ DB inicializada: storage/batman.db

🦇 RISK SCORES TOP 10
SYM        RISK  VOL_Z REGIME
-----------------------------------
XLE        2.76   4.01 STRESS
DAL        2.26   2.35 STRESS
DIS        1.21  -0.84 TENSION
XLY        1.20  -1.54 TENSION
UAL        1.07  -0.26 TENSION
MAR        0.96  -0.41 NORMAL
MCD        0.93  -0.46 NORMAL
HLT        0.89  -0.06 NORMAL
XLP        0.88  -0.74 NORMAL
XLK        0.83  -1.55 NORMAL
✅ DB inicializada: storage/batman.db

🦇 RISK SCORES TOP 10
SYM        RISK  VOL_Z REGIME
-----------------------------------
MAR        3.07   2.13 EXTREME
UAL        1.53  -0.57 TENSION
XLY        1.35  -2.05 TENSION
DIS        1.32  -1.24 TENSION
MCD        1.29  -1.59 TENSION
DAL        1.25  -0.30 TENSION
HLT        1.07  -0.96 TENSION
QQQ        0.90   0.83 NORMAL
XLK        0.83  -1.58 NORMAL
HYG        0.77  -1.54 NORMAL
✅ DB inicializada: storage/batman.db

🦇 RISK SCORES TOP 10
SYM        RISK  VOL_Z REGIME
-----------------------------------
MAR        3.06   2.13 EXTREME
XLK        2.02   3.36 STRESS
KO         1.55  -3.07 TENSION
DIS        1.50  -2.26 TENSION
DAL        1.47  -2.11 TENSION
MCD        1.39  -2.48 TENSION
UAL        1.08  -0.36 TENSION
XLP        1.05   0.82 TENSION
HLT        0.92   0.09 NORMAL
XLY        0.83  -0.59 NORMAL
✅ DB inicializada: storage/batman.db

🦇 RISK SCORES TOP 10
SYM        RISK  VOL_Z REGIME
-----------------------------------
XLY        1.39  -2.36 TENSION
DAL        1.39  -1.71 TENSION
DIS        1.33  -1.70 TENSION
KO         1.31  -2.13 TENSION
MCD        1.24   1.08 TENSION
HLT        1.12  -1.21 TENSION
UAL        1.08  -0.35 TENSION
MAR        0.89  -0.42 NORMAL
XLP        0.77  -0.85 NORMAL
TLT        0.71  -0.65 NORMAL
✅ DB inicializada: storage/batman.db

🦇 RISK SCORES TOP 10
SYM        RISK  VOL_Z REGIME
-----------------------------------
XLY        1.60  -3.18 TENSION
KO         1.50  -2.95 TENSION
DAL        1.50  -1.99 TENSION
DIS        1.42  -2.14 TENSION
MCD        1.39  -2.42 TENSION
HLT        1.25  -1.64 TENSION
UAL        1.11  -0.36 TENSION
MAR        0.96  -0.45 NORMAL
XLP        0.93  -1.60 NORMAL
XLK        0.83  -2.08 NORMAL
✅ DB inicializada: storage/batman.db

🦇 RISK SCORES TOP 10
SYM        RISK  VOL_Z REGIME
-----------------------------------
XLY        1.60  -3.18 TENSION
KO         1.51  -2.95 TENSION
DAL        1.49  -1.99 TENSION
DIS        1.41  -2.14 TENSION
MCD        1.38  -2.42 TENSION
HLT        1.25  -1.64 TENSION
UAL        1.10  -0.36 TENSION
MAR        0.95  -0.45 NORMAL
XLP        0.93  -1.60 NORMAL
XLK        0.83  -2.08 NORMAL
✅ DB inicializada: storage/batman.db

🦇 RISK SCORES TOP 10
SYM        RISK  VOL_Z REGIME
-----------------------------------
HLT        1.47  -2.32 TENSION
DAL        1.40  -1.36 TENSION
DIS        1.38  -1.97 TENSION
XLY        1.36  -2.36 TENSION
KO         1.32  -2.30 TENSION
MCD        1.29  -2.04 TENSION
UAL        1.14  -0.42 TENSION
MAR        0.94  -0.50 NORMAL
XLP        0.87  -1.37 NORMAL
IWM        0.76  -1.63 NORMAL
✅ DB inicializada: storage/batman.db

🦇 RISK SCORES TOP 10
SYM        RISK  VOL_Z REGIME
-----------------------------------
DAL        3.22   3.29 EXTREME
XLY        2.31   3.25 STRESS
KO         2.23   3.01 STRESS
XLE        2.13   2.85 STRESS
XLK        1.93   2.99 TENSION
IWM        1.66   2.61 TENSION
UAL        1.38  -0.31 TENSION
HLT        1.27   0.81 TENSION
MAR        1.11  -0.26 TENSION
DIS        1.00   0.35 NORMAL
✅ DB inicializada: storage/batman.db

🦇 RISK SCORES TOP 10
SYM        RISK  VOL_Z REGIME
-----------------------------------
HLT        1.66  -2.55 TENSION
DIS        1.45  -1.96 TENSION
MCD        1.41  -2.12 TENSION
DAL        1.26  -1.12 TENSION
KO         1.26  -1.88 TENSION
UAL        1.18  -0.41 TENSION
MAR        1.10  -0.53 TENSION
XLY        1.10  -1.43 TENSION
XLP        1.04  -1.51 TENSION
HYG        0.68  -1.22 NORMAL
✅ DB inicializada: storage/batman.db

🦇 RISK SCORES TOP 10
SYM        RISK  VOL_Z REGIME
-----------------------------------
UAL        1.21  -0.35 TENSION
DAL        1.13   0.20 TENSION
MAR        1.09  -0.45 TENSION
HLT        1.08  -0.65 TENSION
DIS        1.04  -0.53 TENSION
MCD        0.97  -0.61 NORMAL
KO         0.79  -0.20 NORMAL
XLY        0.74  -0.06 NORMAL
XLF        0.73   0.71 NORMAL
XLP        0.72  -0.23 NORMAL
✅ DB inicializada: storage/batman.db

🦇 RISK SCORES TOP 10
SYM        RISK  VOL_Z REGIME
-----------------------------------
HLT        1.48  -1.95 TENSION
DIS        1.44  -1.89 TENSION
DAL        1.31  -1.17 TENSION
KO         1.23  -1.80 TENSION
MAR        1.18  -0.55 TENSION
UAL        1.15  -0.45 TENSION
XLP        1.02  -1.52 TENSION
XLY        1.02  -1.29 TENSION
MCD        1.00  -0.77 TENSION
IWM        0.66  -1.51 NORMAL
✅ DB inicializada: storage/batman.db

🦇 RISK SCORES TOP 10
SYM        RISK  VOL_Z REGIME
-----------------------------------
KO         2.25   2.93 STRESS
MCD        1.80   2.03 TENSION
HYG        1.68   1.95 TENSION
MAR        1.27  -0.35 TENSION
HLT        1.24   0.61 TENSION
XLP        1.21   1.71 TENSION
DIS        1.21   0.77 TENSION
UAL        1.16  -0.38 TENSION
XLF        1.03   1.34 TENSION
DAL        1.02   0.05 TENSION
✅ DB inicializada: storage/batman.db

🦇 RISK SCORES TOP 10
SYM        RISK  VOL_Z REGIME
-----------------------------------
MCD        3.70   4.08 EXTREME
DIS        3.63   4.12 EXTREME
DAL        3.63   3.81 EXTREME
KO         3.61   4.01 EXTREME
XLP        3.56   4.05 EXTREME
XLY        3.49   4.04 EXTREME
XLF        3.21   4.10 EXTREME
XLK        2.87   3.82 STRESS
HYG        2.78   3.41 STRESS
MAR        2.13   0.93 STRESS
✅ DB inicializada: storage/batman.db

🦇 RISK SCORES TOP 10
SYM        RISK  VOL_Z REGIME
-----------------------------------
MCD        3.69   4.07 EXTREME
DIS        3.64   4.12 EXTREME
KO         3.63   4.05 EXTREME
DAL        3.62   3.80 EXTREME
XLP        3.57   4.09 EXTREME
XLY        3.50   4.08 EXTREME
XLF        3.21   4.09 EXTREME
XLK        2.92   3.88 STRESS
HYG        2.78   3.41 STRESS
MAR        2.13   0.93 STRESS
✅ DB inicializada: storage/batman.db

🦇 RISK SCORES TOP 10
SYM        RISK  VOL_Z REGIME
-----------------------------------
MCD        3.66   4.02 EXTREME
DIS        3.62   4.08 EXTREME
KO         3.58   3.96 EXTREME
DAL        3.58   3.75 EXTREME
XLP        3.54   4.00 EXTREME
XLY        3.48   4.01 EXTREME
XLF        3.21   4.07 EXTREME
XLK        2.84   3.78 STRESS
HYG        2.77   3.40 STRESS
MAR        2.13   0.93 STRESS
✅ DB inicializada: storage/batman.db

🦇 RISK SCORES TOP 10
SYM        RISK  VOL_Z REGIME
-----------------------------------
MCD        3.66   4.02 EXTREME
DIS        3.62   4.08 EXTREME
KO         3.58   3.96 EXTREME
DAL        3.58   3.75 EXTREME
XLP        3.54   4.00 EXTREME
XLY        3.48   4.01 EXTREME
XLF        3.21   4.07 EXTREME
XLK        2.84   3.78 STRESS
HYG        2.77   3.40 STRESS
MAR        2.13   0.93 STRESS
✅ DB inicializada: storage/batman.db

🦇 RISK SCORES TOP 10
SYM        RISK  VOL_Z REGIME
-----------------------------------
MCD        3.66   4.02 EXTREME
DIS        3.62   4.08 EXTREME
KO         3.58   3.96 EXTREME
DAL        3.58   3.75 EXTREME
XLP        3.54   4.00 EXTREME
XLY        3.48   4.01 EXTREME
XLF        3.21   4.07 EXTREME
XLK        2.84   3.78 STRESS
HYG        2.77   3.40 STRESS
MAR        2.13   0.93 STRESS
✅ DB inicializada: storage/batman.db

🦇 RISK SCORES TOP 10
SYM        RISK  VOL_Z REGIME
-----------------------------------
MCD        3.66   4.02 EXTREME
DIS        3.62   4.08 EXTREME
KO         3.58   3.96 EXTREME
DAL        3.58   3.75 EXTREME
XLP        3.54   4.00 EXTREME
XLY        3.48   4.01 EXTREME
XLF        3.21   4.07 EXTREME
XLK        2.84   3.78 STRESS
HYG        2.77   3.40 STRESS
MAR        2.13   0.93 STRESS
✅ DB inicializada: storage/batman.db

🦇 RISK SCORES TOP 10
SYM        RISK  VOL_Z REGIME
-----------------------------------
MCD        3.66   4.02 EXTREME
DIS        3.62   4.08 EXTREME
KO         3.58   3.96 EXTREME
DAL        3.58   3.75 EXTREME
XLP        3.54   4.00 EXTREME
XLY        3.48   4.01 EXTREME
XLF        3.21   4.07 EXTREME
XLK        2.84   3.78 STRESS
HYG        2.77   3.40 STRESS
MAR        2.13   0.93 STRESS
✅ DB inicializada: storage/batman.db

🦇 RISK SCORES TOP 10
SYM        RISK  VOL_Z REGIME
-----------------------------------
MCD        3.66   4.02 EXTREME
DIS        3.62   4.08 EXTREME
KO         3.58   3.96 EXTREME
DAL        3.58   3.75 EXTREME
XLP        3.54   4.00 EXTREME
XLY        3.48   4.01 EXTREME
XLF        3.21   4.07 EXTREME
XLK        2.84   3.78 STRESS
HYG        2.77   3.40 STRESS
MAR        2.13   0.93 STRESS
✅ DB inicializada: storage/batman.db

🦇 RISK SCORES TOP 10
SYM        RISK  VOL_Z REGIME
-----------------------------------
MCD        3.66   4.02 EXTREME
DIS        3.62   4.08 EXTREME
KO         3.58   3.96 EXTREME
DAL        3.58   3.75 EXTREME
XLP        3.54   4.00 EXTREME
XLY        3.48   4.01 EXTREME
XLF        3.21   4.07 EXTREME
XLK        2.84   3.78 STRESS
HYG        2.77   3.40 STRESS
MAR        2.13   0.93 STRESS
✅ DB inicializada: storage/batman.db

🦇 RISK SCORES TOP 10
SYM        RISK  VOL_Z REGIME
-----------------------------------
MCD        3.66   4.02 EXTREME
DIS        3.62   4.08 EXTREME
KO         3.58   3.96 EXTREME
DAL        3.58   3.75 EXTREME
XLP        3.54   4.00 EXTREME
XLY        3.48   4.01 EXTREME
XLF        3.21   4.07 EXTREME
XLK        2.84   3.78 STRESS
HYG        2.77   3.40 STRESS
MAR        2.13   0.93 STRESS
✅ DB inicializada: storage/batman.db

🦇 RISK SCORES TOP 10
SYM        RISK  VOL_Z REGIME
-----------------------------------
MCD        3.66   4.02 EXTREME
DIS        3.62   4.08 EXTREME
KO         3.58   3.96 EXTREME
DAL        3.58   3.75 EXTREME
XLP        3.54   4.00 EXTREME
XLY        3.48   4.01 EXTREME
XLF        3.21   4.07 EXTREME
XLK        2.84   3.78 STRESS
HYG        2.77   3.40 STRESS
MAR        2.13   0.93 STRESS
✅ DB inicializada: storage/batman.db

🦇 RISK SCORES TOP 10
SYM        RISK  VOL_Z REGIME
-----------------------------------
MCD        3.66   4.02 EXTREME
DIS        3.62   4.08 EXTREME
KO         3.58   3.96 EXTREME
DAL        3.58   3.75 EXTREME
XLP        3.54   4.00 EXTREME
XLY        3.48   4.01 EXTREME
XLF        3.21   4.07 EXTREME
XLK        2.84   3.78 STRESS
HYG        2.77   3.40 STRESS
MAR        2.13   0.93 STRESS
✅ DB inicializada: storage/batman.db

🦇 RISK SCORES TOP 10
SYM        RISK  VOL_Z REGIME
-----------------------------------
MCD        3.66   4.02 EXTREME
DIS        3.62   4.08 EXTREME
KO         3.58   3.96 EXTREME
DAL        3.58   3.75 EXTREME
XLP        3.54   4.00 EXTREME
XLY        3.48   4.01 EXTREME
XLF        3.21   4.07 EXTREME
XLK        2.84   3.78 STRESS
HYG        2.77   3.40 STRESS
MAR        2.13   0.93 STRESS
✅ DB inicializada: storage/batman.db

🦇 RISK SCORES TOP 10
SYM        RISK  VOL_Z REGIME
-----------------------------------
MCD        3.66   4.02 EXTREME
DIS        3.62   4.08 EXTREME
KO         3.58   3.96 EXTREME
DAL        3.58   3.75 EXTREME
XLP        3.54   4.00 EXTREME
XLY        3.48   4.01 EXTREME
XLF        3.21   4.07 EXTREME
XLK        2.84   3.78 STRESS
HYG        2.77   3.40 STRESS
MAR        2.13   0.93 STRESS
✅ DB inicializada: storage/batman.db

🦇 RISK SCORES TOP 10
SYM        RISK  VOL_Z REGIME
-----------------------------------
MCD        3.66   4.02 EXTREME
DIS        3.62   4.08 EXTREME
KO         3.58   3.96 EXTREME
DAL        3.58   3.75 EXTREME
XLP        3.54   4.00 EXTREME
XLY        3.48   4.01 EXTREME
XLF        3.21   4.07 EXTREME
XLK        2.84   3.78 STRESS
HYG        2.77   3.40 STRESS
MAR        2.13   0.93 STRESS
✅ DB inicializada: storage/batman.db

🦇 RISK SCORES TOP 10
SYM        RISK  VOL_Z REGIME
-----------------------------------
MCD        3.66   4.02 EXTREME
DIS        3.62   4.08 EXTREME
KO         3.58   3.96 EXTREME
DAL        3.58   3.75 EXTREME
XLP        3.54   4.00 EXTREME
XLY        3.48   4.01 EXTREME
XLF        3.21   4.07 EXTREME
XLK        2.84   3.78 STRESS
HYG        2.77   3.40 STRESS
MAR        2.13   0.93 STRESS
✅ DB inicializada: storage/batman.db

🦇 RISK SCORES TOP 10
SYM        RISK  VOL_Z REGIME
-----------------------------------
GLD        2.02  -0.94 STRESS
IWM        1.46  -1.62 TENSION
UAL        1.28  -1.40 TENSION
XLP        1.23  -1.77 TENSION
XLK        1.23  -1.40 TENSION
KO         1.21  -1.57 TENSION
MCD        1.12  -1.25 TENSION
XLY        1.10  -1.08 TENSION
PEP        1.01  -0.91 TENSION
HLT        0.94  -1.41 NORMAL
✅ DB inicializada: storage/batman.db

🦇 RISK SCORES TOP 10
SYM        RISK  VOL_Z REGIME
-----------------------------------
GLD        2.14  -1.60 STRESS
IWM        1.57  -2.28 TENSION
QQQ        1.50  -2.50 TENSION
DIS        1.45  -2.71 TENSION
XLK        1.38  -2.10 TENSION
KO         1.36  -2.26 TENSION
PEP        1.31  -2.11 TENSION
XLP        1.31  -2.09 TENSION
UAL        1.23  -1.36 TENSION
MCD        1.17  -1.53 TENSION
✅ DB inicializada: storage/batman.db

🦇 RISK SCORES TOP 10
SYM        RISK  VOL_Z REGIME
-----------------------------------
GLD        1.99  -1.11 TENSION
KO         1.18  -1.50 TENSION
PEP        1.13  -1.29 TENSION
IWM        1.11  -0.88 TENSION
XLK        1.07  -0.88 TENSION
XLP        1.04  -1.27 TENSION
MCD        1.02  -1.12 TENSION
UAL        1.00  -0.99 TENSION
XLY        0.93  -0.62 NORMAL
FOXA       0.88   0.95 NORMAL
✅ DB inicializada: storage/batman.db

🦇 RISK SCORES TOP 10
SYM        RISK  VOL_Z REGIME
-----------------------------------
GLD        1.95  -1.26 TENSION
IWM        1.35  -1.98 TENSION
QQQ        1.32  -2.05 TENSION
XLK        1.31  -1.96 TENSION
KO         1.28  -1.80 TENSION
PEP        1.21  -1.63 TENSION
XLP        1.21  -1.92 TENSION
DIS        1.18  -2.19 TENSION
MCD        1.08  -1.41 TENSION
UAL        0.99  -1.38 NORMAL
✅ DB inicializada: storage/batman.db

🦇 RISK SCORES TOP 10
SYM        RISK  VOL_Z REGIME
-----------------------------------
GLD        1.75  -0.65 TENSION
KO         1.21  -1.52 TENSION
IWM        1.15  -1.13 TENSION
XLK        1.14  -1.42 TENSION
MCD        1.12  -1.26 TENSION
XLP        1.08  -1.42 TENSION
XLY        1.02  -1.20 TENSION
PEP        1.02  -0.93 TENSION
QQQ        0.94  -0.83 NORMAL
DIS        0.93  -1.29 NORMAL
✅ DB inicializada: storage/batman.db

🦇 RISK SCORES TOP 10
SYM        RISK  VOL_Z REGIME
-----------------------------------
GLD        1.79  -0.98 TENSION
PEP        1.32  -1.94 TENSION
KO         1.29  -1.87 TENSION
MCD        1.24  -1.68 TENSION
IWM        1.20  -1.44 TENSION
XLP        1.11  -1.62 TENSION
XLK        1.10  -1.41 TENSION
QQQ        1.08  -1.40 TENSION
HLT        1.06  -1.90 TENSION
XLY        1.03  -1.37 TENSION
✅ DB inicializada: storage/batman.db

🦇 RISK SCORES TOP 10
SYM        RISK  VOL_Z REGIME
-----------------------------------
DAL        1.83   1.68 TENSION
GLD        1.58  -0.56 TENSION
DKNG       1.41   2.14 TENSION
XLP        1.08   0.91 TENSION
XLK        1.05   0.95 TENSION
KO         1.02  -0.96 TENSION
DIS        0.98  -1.79 NORMAL
XLE        0.97   0.70 NORMAL
PEP        0.96  -0.90 NORMAL
MCD        0.94  -0.89 NORMAL
✅ DB inicializada: storage/batman.db

🦇 RISK SCORES TOP 10
SYM        RISK  VOL_Z REGIME
-----------------------------------
IWM        1.65  -3.17 TENSION
GLD        1.60  -1.05 TENSION
QQQ        1.44  -2.80 TENSION
KO         1.42  -2.39 TENSION
DIS        1.39  -3.23 TENSION
PEP        1.27  -1.98 TENSION
XLK        1.26  -2.33 TENSION
MCD        1.20  -1.92 TENSION
XLP        0.99  -1.50 NORMAL
XLY        0.98  -1.59 NORMAL
✅ DB inicializada: storage/batman.db

🦇 RISK SCORES TOP 10
SYM        RISK  VOL_Z REGIME
-----------------------------------
XLP        2.76   3.67 STRESS
GLD        1.93   0.79 TENSION
TLT        1.45   2.08 TENSION
HYG        1.24   1.70 TENSION
IWM        1.20  -1.62 TENSION
QQQ        1.10  -1.57 TENSION
MCD        1.09  -1.39 TENSION
DIS        1.04  -2.00 TENSION
PEP        1.04   0.92 TENSION
KO         0.92  -0.99 NORMAL
✅ DB inicializada: storage/batman.db

🦇 RISK SCORES TOP 10
SYM        RISK  VOL_Z REGIME
-----------------------------------
IWM        1.62  -3.07 TENSION
GLD        1.47  -0.48 TENSION
QQQ        1.38  -2.48 TENSION
XLK        1.23  -1.98 TENSION
PEP        1.22  -2.02 TENSION
MCD        1.13  -1.51 TENSION
KO         1.10  -1.61 TENSION
XLY        0.92  -1.31 NORMAL
XLE        0.79  -0.94 NORMAL
HYG        0.74  -1.73 NORMAL
✅ DB inicializada: storage/batman.db

🦇 RISK SCORES TOP 10
SYM        RISK  VOL_Z REGIME
-----------------------------------
GLD        1.63  -0.34 TENSION
QQQ        1.21  -1.80 TENSION
IWM        1.19  -1.53 TENSION
HYG        1.19   1.58 TENSION
XLK        1.19  -1.61 TENSION
FOXA       1.18   1.59 TENSION
MCD        1.01  -1.09 TENSION
XLF        1.00   1.15 NORMAL
PEP        0.96  -1.06 NORMAL
XLY        0.90  -1.11 NORMAL
✅ DB inicializada: storage/batman.db

🦇 RISK SCORES TOP 10
SYM        RISK  VOL_Z REGIME
-----------------------------------
GLD        1.71  -1.13 TENSION
QQQ        1.51  -2.95 TENSION
IWM        1.44  -2.54 TENSION
XLK        1.28  -2.11 TENSION
PEP        1.25  -2.05 TENSION
KO         1.22  -2.13 TENSION
MCD        1.21  -1.81 TENSION
XLY        1.00  -1.67 TENSION
XLE        0.81  -1.47 NORMAL
DAL        0.76  -1.68 NORMAL
✅ DB inicializada: storage/batman.db

🦇 RISK SCORES TOP 10
SYM        RISK  VOL_Z REGIME
-----------------------------------
XLY        2.59   3.79 STRESS
HLT        2.52   3.62 STRESS
GLD        1.99  -1.84 TENSION
MCD        1.55  -2.97 TENSION
KO         1.46  -2.95 TENSION
PEP        1.42  -2.65 TENSION
IWM        1.29  -2.16 TENSION
QQQ        1.27  -2.44 TENSION
XLK        1.19  -2.05 TENSION
DAL        1.06  -2.65 TENSION
✅ DB inicializada: storage/batman.db

🦇 RISK SCORES TOP 10
SYM        RISK  VOL_Z REGIME
-----------------------------------
KO         3.47   4.22 EXTREME
GLD        1.98  -1.62 TENSION
PEP        1.21  -1.88 TENSION
MCD        1.19  -1.76 TENSION
QQQ        0.97  -1.41 NORMAL
IWM        0.94  -0.89 NORMAL
XLE        0.88   0.34 NORMAL
DIS        0.80  -1.46 NORMAL
XLY        0.74  -0.80 NORMAL
MAR        0.73  -1.56 NORMAL
✅ DB inicializada: storage/batman.db

🦇 RISK SCORES TOP 10
SYM        RISK  VOL_Z REGIME
-----------------------------------
GLD        2.01  -1.92 STRESS
MCD        1.60  -3.11 TENSION
PEP        1.46  -2.69 TENSION
XLK        1.32  -2.27 TENSION
QQQ        1.28  -2.47 TENSION
IWM        1.27  -2.13 TENSION
XLE        1.05  -1.52 TENSION
MAR        1.02  -2.55 TENSION
DKNG       0.99  -2.48 NORMAL
DIS        0.94  -2.27 NORMAL
✅ DB inicializada: storage/batman.db

🦇 RISK SCORES TOP 10
SYM        RISK  VOL_Z REGIME
-----------------------------------
GLD        1.82  -1.22 TENSION
MCD        1.26  -1.85 TENSION
PEP        1.16  -1.54 TENSION
XLK        1.12  -1.54 TENSION
QQQ        1.09  -1.75 TENSION
XLE        0.93  -0.91 NORMAL
XLY        0.89  -1.34 NORMAL
IWM        0.71  -1.53 NORMAL
XLP        0.65  -0.86 NORMAL
FOXA       0.62  -1.27 NORMAL
✅ DB inicializada: storage/batman.db

🦇 RISK SCORES TOP 10
SYM        RISK  VOL_Z REGIME
-----------------------------------
GLD        1.95  -1.82 TENSION
MCD        1.37  -2.61 TENSION
XLK        1.30  -2.17 TENSION
QQQ        1.26  -2.38 TENSION
PEP        1.21  -2.05 TENSION
IWM        1.17  -1.85 TENSION
XLY        1.13  -2.19 TENSION
DIS        1.10  -2.38 TENSION
XLE        1.10  -1.58 TENSION
DKNG       0.95  -2.27 NORMAL
✅ DB inicializada: storage/batman.db

🦇 RISK SCORES TOP 10
SYM        RISK  VOL_Z REGIME
-----------------------------------
GLD        1.61  -0.40 TENSION
PEP        1.38   1.65 TENSION
XLK        1.08  -1.16 TENSION
HYG        1.01   1.13 TENSION
XLE        1.00  -1.12 NORMAL
XLY        0.93  -0.90 NORMAL
IWM        0.92  -0.62 NORMAL
DIS        0.89  -1.47 NORMAL
QQQ        0.89  -0.93 NORMAL
MCD        0.71  -0.29 NORMAL
✅ DB inicializada: storage/batman.db

🦇 RISK SCORES TOP 10
SYM        RISK  VOL_Z REGIME
-----------------------------------
GLD        2.06  -1.70 STRESS
XLK        1.26  -1.98 TENSION
MCD        1.20  -2.06 TENSION
IWM        1.18  -1.58 TENSION
XLY        1.16  -2.10 TENSION
DIS        1.15  -2.20 TENSION
PEP        1.08  -2.05 TENSION
XLP        0.92  -1.57 NORMAL
FOXA       0.87  -2.02 NORMAL
QQQ        0.87  -2.04 NORMAL
✅ DB inicializada: storage/batman.db

🦇 RISK SCORES TOP 10
SYM        RISK  VOL_Z REGIME
-----------------------------------
GLD        1.73  -0.55 TENSION
DKNG       1.24   1.90 TENSION
XLK        1.07  -1.24 TENSION
PEP        1.03  -1.02 TENSION
IWM        1.01  -0.89 TENSION
QQQ        0.99  -1.34 NORMAL
XLY        0.98  -1.39 NORMAL
XLE        0.77  -0.28 NORMAL
UAL        0.75  -1.10 NORMAL
DIS        0.68  -0.63 NORMAL
✅ DB inicializada: storage/batman.db

🦇 RISK SCORES TOP 10
SYM        RISK  VOL_Z REGIME
-----------------------------------
GLD        4.36   3.72 EXTREME
PEP        3.52   3.97 EXTREME
XLY        3.40   4.04 EXTREME
MCD        3.39   4.14 EXTREME
XLP        3.36   3.85 EXTREME
IWM        3.28   3.74 EXTREME
FOXA       3.16   4.15 EXTREME
DIS        3.15   3.77 EXTREME
TLT        3.12   3.91 EXTREME
HLT        3.11   4.02 EXTREME
✅ DB inicializada: storage/batman.db

🦇 RISK SCORES TOP 10
SYM        RISK  VOL_Z REGIME
-----------------------------------
GLD        4.36   3.72 EXTREME
PEP        3.52   3.97 EXTREME
XLY        3.40   4.04 EXTREME
MCD        3.39   4.14 EXTREME
XLP        3.36   3.84 EXTREME
IWM        3.28   3.74 EXTREME
DIS        3.16   3.77 EXTREME
FOXA       3.16   4.15 EXTREME
TLT        3.12   3.91 EXTREME
HLT        3.11   4.02 EXTREME
✅ DB inicializada: storage/batman.db

🦇 RISK SCORES TOP 10
SYM        RISK  VOL_Z REGIME
-----------------------------------
GLD        4.36   3.72 EXTREME
PEP        3.52   3.97 EXTREME
XLY        3.39   4.04 EXTREME
MCD        3.39   4.13 EXTREME
XLP        3.36   3.83 EXTREME
IWM        3.27   3.74 EXTREME
FOXA       3.16   4.15 EXTREME
DIS        3.13   3.75 EXTREME
TLT        3.12   3.91 EXTREME
HLT        3.11   4.02 EXTREME
✅ DB inicializada: storage/batman.db

🦇 RISK SCORES TOP 10
SYM        RISK  VOL_Z REGIME
-----------------------------------
GLD        4.36   3.72 EXTREME
PEP        3.52   3.97 EXTREME
XLY        3.39   4.04 EXTREME
MCD        3.39   4.13 EXTREME
XLP        3.36   3.83 EXTREME
IWM        3.27   3.74 EXTREME
FOXA       3.16   4.15 EXTREME
DIS        3.13   3.75 EXTREME
TLT        3.12   3.91 EXTREME
HLT        3.11   4.02 EXTREME
✅ DB inicializada: storage/batman.db

🦇 RISK SCORES TOP 10
SYM        RISK  VOL_Z REGIME
-----------------------------------
GLD        4.36   3.72 EXTREME
PEP        3.52   3.97 EXTREME
XLY        3.39   4.04 EXTREME
MCD        3.39   4.13 EXTREME
XLP        3.36   3.83 EXTREME
IWM        3.27   3.74 EXTREME
FOXA       3.16   4.15 EXTREME
DIS        3.13   3.75 EXTREME
TLT        3.12   3.91 EXTREME
HLT        3.11   4.02 EXTREME
✅ DB inicializada: storage/batman.db

🦇 RISK SCORES TOP 10
SYM        RISK  VOL_Z REGIME
-----------------------------------
GLD        4.36   3.72 EXTREME
PEP        3.52   3.97 EXTREME
XLY        3.39   4.04 EXTREME
MCD        3.39   4.13 EXTREME
XLP        3.36   3.83 EXTREME
IWM        3.27   3.74 EXTREME
FOXA       3.16   4.15 EXTREME
DIS        3.13   3.75 EXTREME
TLT        3.12   3.91 EXTREME
HLT        3.11   4.02 EXTREME
✅ DB inicializada: storage/batman.db

🦇 RISK SCORES TOP 10
SYM        RISK  VOL_Z REGIME
-----------------------------------
GLD        4.36   3.72 EXTREME
PEP        3.52   3.97 EXTREME
XLY        3.39   4.04 EXTREME
MCD        3.39   4.13 EXTREME
XLP        3.36   3.83 EXTREME
IWM        3.27   3.74 EXTREME
FOXA       3.16   4.15 EXTREME
DIS        3.13   3.75 EXTREME
TLT        3.12   3.91 EXTREME
HLT        3.11   4.02 EXTREME
✅ DB inicializada: storage/batman.db

🦇 RISK SCORES TOP 10
SYM        RISK  VOL_Z REGIME
-----------------------------------
GLD        4.36   3.72 EXTREME
PEP        3.52   3.97 EXTREME
XLY        3.39   4.04 EXTREME
MCD        3.39   4.13 EXTREME
XLP        3.36   3.83 EXTREME
IWM        3.27   3.74 EXTREME
FOXA       3.16   4.15 EXTREME
DIS        3.13   3.75 EXTREME
TLT        3.12   3.91 EXTREME
HLT        3.11   4.02 EXTREME
✅ DB inicializada: storage/batman.db

🦇 RISK SCORES TOP 10
SYM        RISK  VOL_Z REGIME
-----------------------------------
GLD        4.36   3.72 EXTREME
PEP        3.52   3.97 EXTREME
XLY        3.39   4.04 EXTREME
MCD        3.39   4.13 EXTREME
XLP        3.36   3.83 EXTREME
IWM        3.27   3.74 EXTREME
FOXA       3.16   4.15 EXTREME
DIS        3.13   3.75 EXTREME
TLT        3.12   3.91 EXTREME
HLT        3.11   4.02 EXTREME
✅ DB inicializada: storage/batman.db

🦇 RISK SCORES TOP 10
SYM        RISK  VOL_Z REGIME
-----------------------------------
GLD        4.36   3.72 EXTREME
PEP        3.52   3.97 EXTREME
XLY        3.39   4.04 EXTREME
MCD        3.39   4.13 EXTREME
XLP        3.36   3.83 EXTREME
IWM        3.27   3.74 EXTREME
FOXA       3.16   4.15 EXTREME
DIS        3.13   3.75 EXTREME
TLT        3.12   3.91 EXTREME
HLT        3.11   4.02 EXTREME
✅ DB inicializada: storage/batman.db

🦇 RISK SCORES TOP 10
SYM        RISK  VOL_Z REGIME
-----------------------------------
PEP        3.52   3.97 EXTREME
MCD        3.39   4.13 EXTREME
IWM        3.27   3.74 EXTREME
DIS        3.13   3.75 EXTREME
HYG        3.00   3.60 EXTREME
XLF        2.98   3.80 STRESS
DKNG       2.80   3.73 STRESS
KO         2.80   2.93 STRESS
GLD        2.32   1.28 STRESS
XLE        2.20   2.94 STRESS
✅ DB inicializada: storage/batman.db

🦇 RISK SCORES TOP 10
SYM        RISK  VOL_Z REGIME
-----------------------------------
GLD        4.36   3.72 EXTREME
PEP        3.52   3.97 EXTREME
XLY        3.39   4.04 EXTREME
MCD        3.39   4.13 EXTREME
XLP        3.36   3.83 EXTREME
IWM        3.27   3.74 EXTREME
FOXA       3.16   4.15 EXTREME
DIS        3.13   3.75 EXTREME
TLT        3.12   3.91 EXTREME
HLT        3.11   4.02 EXTREME
✅ DB inicializada: storage/batman.db

🦇 RISK SCORES TOP 10
SYM        RISK  VOL_Z REGIME
-----------------------------------
GLD        4.36   3.72 EXTREME
PEP        3.52   3.97 EXTREME
XLY        3.39   4.04 EXTREME
MCD        3.39   4.13 EXTREME
XLP        3.36   3.83 EXTREME
IWM        3.27   3.74 EXTREME
FOXA       3.16   4.15 EXTREME
DIS        3.13   3.75 EXTREME
TLT        3.12   3.91 EXTREME
HLT        3.11   4.02 EXTREME
✅ DB inicializada: storage/batman.db

🦇 RISK SCORES TOP 10
SYM        RISK  VOL_Z REGIME
-----------------------------------
GLD        4.36   3.72 EXTREME
PEP        3.52   3.97 EXTREME
XLY        3.39   4.04 EXTREME
MCD        3.39   4.13 EXTREME
XLP        3.36   3.83 EXTREME
IWM        3.27   3.74 EXTREME
FOXA       3.16   4.15 EXTREME
DIS        3.13   3.75 EXTREME
TLT        3.12   3.91 EXTREME
HLT        3.11   4.02 EXTREME
✅ DB inicializada: storage/batman.db

🦇 RISK SCORES TOP 10
SYM        RISK  VOL_Z REGIME
-----------------------------------
GLD        4.36   3.72 EXTREME
PEP        3.52   3.97 EXTREME
XLY        3.39   4.04 EXTREME
MCD        3.39   4.13 EXTREME
XLP        3.36   3.83 EXTREME
IWM        3.27   3.74 EXTREME
FOXA       3.16   4.15 EXTREME
DIS        3.13   3.75 EXTREME
TLT        3.12   3.91 EXTREME
HLT        3.11   4.02 EXTREME
✅ DB inicializada: storage/batman.db

🦇 RISK SCORES TOP 10
SYM        RISK  VOL_Z REGIME
-----------------------------------
GLD        4.36   3.72 EXTREME
PEP        3.52   3.97 EXTREME
XLY        3.39   4.04 EXTREME
MCD        3.39   4.13 EXTREME
XLP        3.36   3.83 EXTREME
IWM        3.27   3.74 EXTREME
FOXA       3.16   4.15 EXTREME
DIS        3.13   3.75 EXTREME
TLT        3.12   3.91 EXTREME
HLT        3.11   4.02 EXTREME
✅ DB inicializada: storage/batman.db

🦇 RISK SCORES TOP 10
SYM        RISK  VOL_Z REGIME
-----------------------------------
GLD        4.36   3.72 EXTREME
PEP        3.52   3.97 EXTREME
XLY        3.39   4.04 EXTREME
MCD        3.39   4.13 EXTREME
XLP        3.36   3.83 EXTREME
IWM        3.27   3.74 EXTREME
FOXA       3.16   4.15 EXTREME
DIS        3.13   3.75 EXTREME
TLT        3.12   3.91 EXTREME
HLT        3.11   4.02 EXTREME
✅ DB inicializada: storage/batman.db

🦇 RISK SCORES TOP 10
SYM        RISK  VOL_Z REGIME
-----------------------------------
GLD        4.36   3.72 EXTREME
PEP        3.52   3.97 EXTREME
XLY        3.39   4.04 EXTREME
MCD        3.39   4.13 EXTREME
XLP        3.36   3.83 EXTREME
IWM        3.27   3.74 EXTREME
FOXA       3.16   4.15 EXTREME
DIS        3.13   3.75 EXTREME
TLT        3.12   3.91 EXTREME
HLT        3.11   4.02 EXTREME
✅ DB inicializada: storage/batman.db

🦇 RISK SCORES TOP 10
SYM        RISK  VOL_Z REGIME
-----------------------------------
GLD        4.36   3.72 EXTREME
PEP        3.52   3.97 EXTREME
XLY        3.39   4.04 EXTREME
MCD        3.39   4.13 EXTREME
XLP        3.36   3.83 EXTREME
IWM        3.27   3.74 EXTREME
FOXA       3.16   4.15 EXTREME
DIS        3.13   3.75 EXTREME
TLT        3.12   3.91 EXTREME
HLT        3.11   4.02 EXTREME
✅ DB inicializada: storage/batman.db

🦇 RISK SCORES TOP 10
SYM        RISK  VOL_Z REGIME
-----------------------------------
GLD        4.36   3.72 EXTREME
PEP        3.52   3.97 EXTREME
XLY        3.39   4.04 EXTREME
MCD        3.39   4.13 EXTREME
XLP        3.36   3.83 EXTREME
IWM        3.27   3.74 EXTREME
FOXA       3.16   4.15 EXTREME
DIS        3.13   3.75 EXTREME
TLT        3.12   3.91 EXTREME
HLT        3.11   4.02 EXTREME
✅ DB inicializada: storage/batman.db

🦇 RISK SCORES TOP 10
SYM        RISK  VOL_Z REGIME
-----------------------------------
GLD        4.36   3.72 EXTREME
PEP        3.52   3.97 EXTREME
XLY        3.39   4.04 EXTREME
MCD        3.39   4.13 EXTREME
XLP        3.36   3.83 EXTREME
IWM        3.27   3.74 EXTREME
FOXA       3.16   4.15 EXTREME
DIS        3.13   3.75 EXTREME
TLT        3.12   3.91 EXTREME
HLT        3.11   4.02 EXTREME
✅ DB inicializada: storage/batman.db

🦇 RISK SCORES TOP 10
SYM        RISK  VOL_Z REGIME
-----------------------------------
GLD        4.36   3.72 EXTREME
PEP        3.52   3.97 EXTREME
XLY        3.39   4.04 EXTREME
MCD        3.39   4.13 EXTREME
XLP        3.36   3.83 EXTREME
IWM        3.27   3.74 EXTREME
FOXA       3.16   4.15 EXTREME
DIS        3.13   3.75 EXTREME
TLT        3.12   3.91 EXTREME
HLT        3.11   4.02 EXTREME
✅ DB inicializada: storage/batman.db

🦇 RISK SCORES TOP 10
SYM        RISK  VOL_Z REGIME
-----------------------------------
GLD        4.36   3.72 EXTREME
PEP        3.52   3.97 EXTREME
XLY        3.39   4.04 EXTREME
MCD        3.39   4.13 EXTREME
XLP        3.36   3.83 EXTREME
IWM        3.27   3.74 EXTREME
FOXA       3.16   4.15 EXTREME
DIS        3.13   3.75 EXTREME
TLT        3.12   3.91 EXTREME
HLT        3.11   4.02 EXTREME
✅ DB inicializada: storage/batman.db

🦇 RISK SCORES TOP 10
SYM        RISK  VOL_Z REGIME
-----------------------------------
GLD        4.36   3.72 EXTREME
PEP        3.52   3.97 EXTREME
XLY        3.39   4.04 EXTREME
MCD        3.39   4.13 EXTREME
XLP        3.36   3.83 EXTREME
IWM        3.27   3.74 EXTREME
FOXA       3.16   4.15 EXTREME
DIS        3.13   3.75 EXTREME
TLT        3.12   3.91 EXTREME
HLT        3.11   4.02 EXTREME
✅ DB inicializada: storage/batman.db

🦇 RISK SCORES TOP 10
SYM        RISK  VOL_Z REGIME
-----------------------------------
GLD        4.36   3.72 EXTREME
PEP        3.52   3.97 EXTREME
XLY        3.39   4.04 EXTREME
MCD        3.39   4.13 EXTREME
XLP        3.36   3.83 EXTREME
IWM        3.27   3.74 EXTREME
FOXA       3.16   4.15 EXTREME
DIS        3.13   3.75 EXTREME
TLT        3.12   3.91 EXTREME
HLT        3.11   4.02 EXTREME
✅ DB inicializada: storage/batman.db

🦇 RISK SCORES TOP 10
SYM        RISK  VOL_Z REGIME
-----------------------------------
GLD        4.36   3.72 EXTREME
PEP        3.52   3.97 EXTREME
XLY        3.39   4.04 EXTREME
MCD        3.39   4.13 EXTREME
XLP        3.36   3.83 EXTREME
IWM        3.27   3.74 EXTREME
FOXA       3.16   4.15 EXTREME
DIS        3.13   3.75 EXTREME
TLT        3.12   3.91 EXTREME
HLT        3.11   4.02 EXTREME
✅ DB inicializada: storage/batman.db

🦇 RISK SCORES TOP 10
SYM        RISK  VOL_Z REGIME
-----------------------------------
GLD        4.36   3.72 EXTREME
PEP        3.52   3.97 EXTREME
XLY        3.39   4.04 EXTREME
MCD        3.39   4.13 EXTREME
XLP        3.36   3.83 EXTREME
IWM        3.27   3.74 EXTREME
FOXA       3.16   4.15 EXTREME
DIS        3.13   3.75 EXTREME
TLT        3.12   3.91 EXTREME
HLT        3.11   4.02 EXTREME
✅ DB inicializada: storage/batman.db

🦇 RISK SCORES TOP 10
SYM        RISK  VOL_Z REGIME
-----------------------------------
GLD        4.36   3.72 EXTREME
PEP        3.52   3.97 EXTREME
XLY        3.39   4.04 EXTREME
MCD        3.39   4.13 EXTREME
XLP        3.36   3.83 EXTREME
IWM        3.27   3.74 EXTREME
FOXA       3.16   4.15 EXTREME
DIS        3.13   3.75 EXTREME
TLT        3.12   3.91 EXTREME
HLT        3.11   4.02 EXTREME
✅ DB inicializada: storage/batman.db

🦇 RISK SCORES TOP 10
SYM        RISK  VOL_Z REGIME
-----------------------------------
GLD        4.36   3.72 EXTREME
PEP        3.52   3.97 EXTREME
XLY        3.39   4.04 EXTREME
MCD        3.39   4.13 EXTREME
XLP        3.36   3.83 EXTREME
IWM        3.27   3.74 EXTREME
FOXA       3.16   4.15 EXTREME
DIS        3.13   3.75 EXTREME
TLT        3.12   3.91 EXTREME
HLT        3.11   4.02 EXTREME
✅ DB inicializada: storage/batman.db

🦇 RISK SCORES TOP 10
SYM        RISK  VOL_Z REGIME
-----------------------------------
GLD        4.36   3.72 EXTREME
PEP        3.52   3.97 EXTREME
XLY        3.39   4.04 EXTREME
MCD        3.39   4.13 EXTREME
XLP        3.36   3.83 EXTREME
IWM        3.27   3.74 EXTREME
FOXA       3.16   4.15 EXTREME
DIS        3.13   3.75 EXTREME
TLT        3.12   3.91 EXTREME
HLT        3.11   4.02 EXTREME
✅ DB inicializada: storage/batman.db

🦇 RISK SCORES TOP 10
SYM        RISK  VOL_Z REGIME
-----------------------------------
GLD        4.36   3.72 EXTREME
PEP        3.52   3.97 EXTREME
XLY        3.39   4.04 EXTREME
MCD        3.39   4.13 EXTREME
XLP        3.36   3.83 EXTREME
IWM        3.27   3.74 EXTREME
FOXA       3.16   4.15 EXTREME
DIS        3.13   3.75 EXTREME
TLT        3.12   3.91 EXTREME
HLT        3.11   4.02 EXTREME
✅ DB inicializada: storage/batman.db

🦇 RISK SCORES TOP 10
SYM        RISK  VOL_Z REGIME
-----------------------------------
GLD        4.36   3.72 EXTREME
PEP        3.52   3.97 EXTREME
XLY        3.39   4.04 EXTREME
MCD        3.39   4.13 EXTREME
XLP        3.36   3.83 EXTREME
IWM        3.27   3.74 EXTREME
FOXA       3.16   4.15 EXTREME
DIS        3.13   3.75 EXTREME
TLT        3.12   3.91 EXTREME
HLT        3.11   4.02 EXTREME
✅ DB inicializada: storage/batman.db

🦇 RISK SCORES TOP 10
SYM        RISK  VOL_Z REGIME
-----------------------------------
GLD        4.36   3.72 EXTREME
PEP        3.52   3.97 EXTREME
XLY        3.39   4.04 EXTREME
MCD        3.39   4.13 EXTREME
XLP        3.36   3.83 EXTREME
IWM        3.27   3.74 EXTREME
FOXA       3.16   4.15 EXTREME
DIS        3.13   3.75 EXTREME
TLT        3.12   3.91 EXTREME
HLT        3.11   4.02 EXTREME
✅ DB inicializada: storage/batman.db

🦇 RISK SCORES TOP 10
SYM        RISK  VOL_Z REGIME
-----------------------------------
GLD        4.36   3.72 EXTREME
PEP        3.52   3.97 EXTREME
XLY        3.39   4.04 EXTREME
MCD        3.39   4.13 EXTREME
XLP        3.36   3.83 EXTREME
IWM        3.27   3.74 EXTREME
FOXA       3.16   4.15 EXTREME
DIS        3.13   3.75 EXTREME
TLT        3.12   3.91 EXTREME
HLT        3.11   4.02 EXTREME
✅ DB inicializada: storage/batman.db

🦇 RISK SCORES TOP 10
SYM        RISK  VOL_Z REGIME
-----------------------------------
GLD        4.36   3.72 EXTREME
PEP        3.52   3.97 EXTREME
XLY        3.39   4.04 EXTREME
MCD        3.39   4.13 EXTREME
XLP        3.36   3.83 EXTREME
IWM        3.27   3.74 EXTREME
FOXA       3.16   4.15 EXTREME
DIS        3.13   3.75 EXTREME
TLT        3.12   3.91 EXTREME
HLT        3.11   4.02 EXTREME
✅ DB inicializada: storage/batman.db

🦇 RISK SCORES TOP 10
SYM        RISK  VOL_Z REGIME
-----------------------------------
GLD        4.36   3.72 EXTREME
PEP        3.52   3.97 EXTREME
XLY        3.39   4.04 EXTREME
MCD        3.39   4.13 EXTREME
XLP        3.36   3.83 EXTREME
IWM        3.27   3.74 EXTREME
FOXA       3.16   4.15 EXTREME
DIS        3.13   3.75 EXTREME
TLT        3.12   3.91 EXTREME
HLT        3.11   4.02 EXTREME
✅ DB inicializada: storage/batman.db

🦇 RISK SCORES TOP 10
SYM        RISK  VOL_Z REGIME
-----------------------------------
GLD        4.36   3.72 EXTREME
PEP        3.52   3.97 EXTREME
XLY        3.39   4.04 EXTREME
MCD        3.39   4.13 EXTREME
XLP        3.36   3.83 EXTREME
IWM        3.27   3.74 EXTREME
FOXA       3.16   4.15 EXTREME
DIS        3.13   3.75 EXTREME
TLT        3.12   3.91 EXTREME
HLT        3.11   4.02 EXTREME
✅ DB inicializada: storage/batman.db

🦇 RISK SCORES TOP 10
SYM        RISK  VOL_Z REGIME
-----------------------------------
GLD        4.36   3.72 EXTREME
PEP        3.52   3.97 EXTREME
XLY        3.39   4.04 EXTREME
MCD        3.39   4.13 EXTREME
XLP        3.36   3.83 EXTREME
IWM        3.27   3.74 EXTREME
FOXA       3.16   4.15 EXTREME
DIS        3.13   3.75 EXTREME
TLT        3.12   3.91 EXTREME
HLT        3.11   4.02 EXTREME
✅ DB inicializada: storage/batman.db

🦇 RISK SCORES TOP 10
SYM        RISK  VOL_Z REGIME
-----------------------------------
GLD        4.36   3.72 EXTREME
PEP        3.52   3.97 EXTREME
XLY        3.39   4.04 EXTREME
MCD        3.39   4.13 EXTREME
XLP        3.36   3.83 EXTREME
IWM        3.27   3.74 EXTREME
FOXA       3.16   4.15 EXTREME
DIS        3.13   3.75 EXTREME
TLT        3.12   3.91 EXTREME
HLT        3.11   4.02 EXTREME
✅ DB inicializada: storage/batman.db

🦇 RISK SCORES TOP 10
SYM        RISK  VOL_Z REGIME
-----------------------------------
GLD        4.36   3.72 EXTREME
PEP        3.52   3.97 EXTREME
XLY        3.39   4.04 EXTREME
MCD        3.39   4.13 EXTREME
XLP        3.36   3.83 EXTREME
IWM        3.27   3.74 EXTREME
FOXA       3.16   4.15 EXTREME
DIS        3.13   3.75 EXTREME
TLT        3.12   3.91 EXTREME
HLT        3.11   4.02 EXTREME
✅ DB inicializada: storage/batman.db

🦇 RISK SCORES TOP 10
SYM        RISK  VOL_Z REGIME
-----------------------------------
GLD        4.36   3.72 EXTREME
PEP        3.52   3.97 EXTREME
XLY        3.39   4.04 EXTREME
MCD        3.39   4.13 EXTREME
XLP        3.36   3.83 EXTREME
IWM        3.27   3.74 EXTREME
FOXA       3.16   4.15 EXTREME
DIS        3.13   3.75 EXTREME
TLT        3.12   3.91 EXTREME
HLT        3.11   4.02 EXTREME
✅ DB inicializada: storage/batman.db

🦇 RISK SCORES TOP 10
SYM        RISK  VOL_Z REGIME
-----------------------------------
GLD        4.36   3.72 EXTREME
PEP        3.52   3.97 EXTREME
XLY        3.39   4.04 EXTREME
MCD        3.39   4.13 EXTREME
XLP        3.36   3.83 EXTREME
IWM        3.27   3.74 EXTREME
FOXA       3.16   4.15 EXTREME
DIS        3.13   3.75 EXTREME
TLT        3.12   3.91 EXTREME
HLT        3.11   4.02 EXTREME
✅ DB inicializada: storage/batman.db

🦇 RISK SCORES TOP 10
SYM        RISK  VOL_Z REGIME
-----------------------------------
GLD        4.36   3.72 EXTREME
PEP        3.52   3.97 EXTREME
XLY        3.39   4.04 EXTREME
MCD        3.39   4.13 EXTREME
XLP        3.36   3.83 EXTREME
IWM        3.27   3.74 EXTREME
FOXA       3.16   4.15 EXTREME
DIS        3.13   3.75 EXTREME
TLT        3.12   3.91 EXTREME
HLT        3.11   4.02 EXTREME
✅ DB inicializada: storage/batman.db

🦇 RISK SCORES TOP 10
SYM        RISK  VOL_Z REGIME
-----------------------------------
GLD        4.36   3.72 EXTREME
PEP        3.52   3.97 EXTREME
XLY        3.39   4.04 EXTREME
MCD        3.39   4.13 EXTREME
XLP        3.36   3.83 EXTREME
IWM        3.27   3.74 EXTREME
FOXA       3.16   4.15 EXTREME
DIS        3.13   3.75 EXTREME
TLT        3.12   3.91 EXTREME
HLT        3.11   4.02 EXTREME
✅ DB inicializada: storage/batman.db

🦇 RISK SCORES TOP 10
SYM        RISK  VOL_Z REGIME
-----------------------------------
GLD        4.36   3.72 EXTREME
PEP        3.52   3.97 EXTREME
XLY        3.39   4.04 EXTREME
XLP        3.36   3.83 EXTREME
IWM        3.27   3.74 EXTREME
MCD        3.22   4.13 EXTREME
FOXA       3.16   4.15 EXTREME
DIS        3.13   3.75 EXTREME
TLT        3.12   3.91 EXTREME
HLT        3.11   4.02 EXTREME
✅ DB inicializada: storage/batman.db

🦇 RISK SCORES TOP 10
SYM        RISK  VOL_Z REGIME
-----------------------------------
GLD        4.36   3.72 EXTREME
PEP        3.52   3.97 EXTREME
XLY        3.39   4.04 EXTREME
XLP        3.36   3.83 EXTREME
IWM        3.27   3.74 EXTREME
MCD        3.22   4.13 EXTREME
FOXA       3.16   4.15 EXTREME
DIS        3.13   3.75 EXTREME
TLT        3.12   3.91 EXTREME
HLT        3.11   4.02 EXTREME
✅ DB inicializada: storage/batman.db

🦇 RISK SCORES TOP 10
SYM        RISK  VOL_Z REGIME
-----------------------------------
GLD        4.36   3.72 EXTREME
PEP        3.52   3.97 EXTREME
XLY        3.39   4.04 EXTREME
XLP        3.36   3.83 EXTREME
IWM        3.27   3.74 EXTREME
MCD        3.22   4.13 EXTREME
FOXA       3.16   4.15 EXTREME
DIS        3.13   3.75 EXTREME
TLT        3.12   3.91 EXTREME
HLT        3.11   4.02 EXTREME
✅ DB inicializada: storage/batman.db

🦇 RISK SCORES TOP 10
SYM        RISK  VOL_Z REGIME
-----------------------------------
✅ DB inicializada: storage/batman.db

🦇 RISK SCORES TOP 10
SYM        RISK  VOL_Z REGIME
-----------------------------------
✅ DB inicializada: storage/batman.db

🦇 RISK SCORES TOP 10
SYM        RISK  VOL_Z REGIME
-----------------------------------
✅ DB inicializada: storage/batman.db

🦇 RISK SCORES TOP 10
SYM        RISK  VOL_Z REGIME
-----------------------------------
GLD        4.36   3.72 EXTREME
PEP        3.52   3.97 EXTREME
XLY        3.39   4.04 EXTREME
XLP        3.36   3.83 EXTREME
IWM        3.27   3.74 EXTREME
MCD        3.22   4.13 EXTREME
FOXA       3.16   4.15 EXTREME
DIS        3.13   3.75 EXTREME
TLT        3.12   3.91 EXTREME
HLT        3.11   4.02 EXTREME
✅ DB inicializada: storage/batman.db

🦇 RISK SCORES TOP 10
SYM        RISK  VOL_Z REGIME
-----------------------------------
GLD        4.36   3.72 EXTREME
PEP        3.52   3.97 EXTREME
XLY        3.39   4.04 EXTREME
XLP        3.36   3.83 EXTREME
IWM        3.27   3.74 EXTREME
MCD        3.22   4.13 EXTREME
FOXA       3.16   4.15 EXTREME
DIS        3.13   3.75 EXTREME
TLT        3.12   3.91 EXTREME
HLT        3.11   4.02 EXTREME
✅ DB inicializada: storage/batman.db

🦇 RISK SCORES TOP 10
SYM        RISK  VOL_Z REGIME
-----------------------------------
GLD        4.36   3.72 EXTREME
PEP        3.52   3.97 EXTREME
XLY        3.39   4.04 EXTREME
XLP        3.36   3.83 EXTREME
IWM        3.27   3.74 EXTREME
MCD        3.22   4.13 EXTREME
FOXA       3.16   4.15 EXTREME
DIS        3.13   3.75 EXTREME
TLT        3.12   3.91 EXTREME
HLT        3.11   4.02 EXTREME
✅ DB inicializada: storage/batman.db

🦇 RISK SCORES TOP 10
SYM        RISK  VOL_Z REGIME
-----------------------------------
GLD        4.36   3.72 EXTREME
PEP        3.52   3.97 EXTREME
XLY        3.39   4.04 EXTREME
XLP        3.36   3.83 EXTREME
IWM        3.27   3.74 EXTREME
MCD        3.22   4.13 EXTREME
FOXA       3.16   4.15 EXTREME
DIS        3.13   3.75 EXTREME
TLT        3.12   3.91 EXTREME
HLT        3.11   4.02 EXTREME
✅ DB inicializada: storage/batman.db

🦇 RISK SCORES TOP 10
SYM        RISK  VOL_Z REGIME
-----------------------------------
GLD        4.36   3.72 EXTREME
PEP        3.52   3.97 EXTREME
XLY        3.39   4.04 EXTREME
XLP        3.36   3.83 EXTREME
IWM        3.27   3.74 EXTREME
MCD        3.22   4.13 EXTREME
FOXA       3.16   4.15 EXTREME
DIS        3.13   3.75 EXTREME
TLT        3.12   3.91 EXTREME
HLT        3.11   4.02 EXTREME
✅ DB inicializada: storage/batman.db

🦇 RISK SCORES TOP 10
SYM        RISK  VOL_Z REGIME
-----------------------------------
GLD        4.36   3.72 EXTREME
PEP        3.52   3.97 EXTREME
XLY        3.39   4.04 EXTREME
XLP        3.36   3.83 EXTREME
IWM        3.27   3.74 EXTREME
MCD        3.22   4.13 EXTREME
FOXA       3.16   4.15 EXTREME
DIS        3.13   3.75 EXTREME
TLT        3.12   3.91 EXTREME
HLT        3.11   4.02 EXTREME
✅ DB inicializada: storage/batman.db

🦇 RISK SCORES TOP 10
SYM        RISK  VOL_Z REGIME
-----------------------------------
GLD        4.36   3.72 EXTREME
PEP        3.52   3.97 EXTREME
XLY        3.39   4.04 EXTREME
XLP        3.36   3.83 EXTREME
IWM        3.27   3.74 EXTREME
MCD        3.22   4.13 EXTREME
FOXA       3.16   4.15 EXTREME
DIS        3.13   3.75 EXTREME
TLT        3.12   3.91 EXTREME
HLT        3.11   4.02 EXTREME
✅ DB inicializada: storage/batman.db

🦇 RISK SCORES TOP 10
SYM        RISK  VOL_Z REGIME
-----------------------------------
GLD        4.36   3.72 EXTREME
PEP        3.52   3.97 EXTREME
XLY        3.39   4.04 EXTREME
XLP        3.36   3.83 EXTREME
IWM        3.27   3.74 EXTREME
MCD        3.22   4.13 EXTREME
FOXA       3.16   4.15 EXTREME
DIS        3.13   3.75 EXTREME
TLT        3.12   3.91 EXTREME
HLT        3.11   4.02 EXTREME
✅ DB inicializada: storage/batman.db

🦇 RISK SCORES TOP 10
SYM        RISK  VOL_Z REGIME
-----------------------------------
GLD        4.36   3.72 EXTREME
PEP        3.52   3.97 EXTREME
XLY        3.39   4.04 EXTREME
XLP        3.36   3.83 EXTREME
IWM        3.27   3.74 EXTREME
MCD        3.22   4.13 EXTREME
FOXA       3.16   4.15 EXTREME
DIS        3.13   3.75 EXTREME
TLT        3.12   3.91 EXTREME
HLT        3.11   4.02 EXTREME
✅ DB inicializada: storage/batman.db

🦇 RISK SCORES TOP 10
SYM        RISK  VOL_Z REGIME
-----------------------------------
GLD        4.36   3.72 EXTREME
PEP        3.52   3.97 EXTREME
XLY        3.39   4.04 EXTREME
XLP        3.36   3.83 EXTREME
IWM        3.27   3.74 EXTREME
MCD        3.22   4.13 EXTREME
FOXA       3.16   4.15 EXTREME
DIS        3.13   3.75 EXTREME
TLT        3.12   3.91 EXTREME
HLT        3.11   4.02 EXTREME
✅ DB inicializada: storage/batman.db

🦇 RISK SCORES TOP 10
SYM        RISK  VOL_Z REGIME
-----------------------------------
GLD        4.36   3.72 EXTREME
PEP        3.52   3.97 EXTREME
XLY        3.39   4.04 EXTREME
XLP        3.36   3.83 EXTREME
IWM        3.27   3.74 EXTREME
MCD        3.22   4.13 EXTREME
FOXA       3.16   4.15 EXTREME
DIS        3.13   3.75 EXTREME
TLT        3.12   3.91 EXTREME
HLT        3.11   4.02 EXTREME
✅ DB inicializada: storage/batman.db

🦇 RISK SCORES TOP 10
SYM        RISK  VOL_Z REGIME
-----------------------------------
GLD        4.36   3.72 EXTREME
PEP        3.52   3.97 EXTREME
XLY        3.39   4.04 EXTREME
XLP        3.36   3.83 EXTREME
IWM        3.27   3.74 EXTREME
MCD        3.22   4.13 EXTREME
FOXA       3.16   4.15 EXTREME
DIS        3.13   3.75 EXTREME
TLT        3.12   3.91 EXTREME
HLT        3.11   4.02 EXTREME
✅ DB inicializada: storage/batman.db

🦇 RISK SCORES TOP 10
SYM        RISK  VOL_Z REGIME
-----------------------------------
GLD        4.36   3.72 EXTREME
PEP        3.52   3.97 EXTREME
XLY        3.39   4.04 EXTREME
XLP        3.36   3.83 EXTREME
IWM        3.27   3.74 EXTREME
MCD        3.22   4.13 EXTREME
FOXA       3.16   4.15 EXTREME
DIS        3.13   3.75 EXTREME
TLT        3.12   3.91 EXTREME
HLT        3.11   4.02 EXTREME
✅ DB inicializada: storage/batman.db

🦇 RISK SCORES TOP 10
SYM        RISK  VOL_Z REGIME
-----------------------------------
GLD        4.36   3.72 EXTREME
PEP        3.52   3.97 EXTREME
XLY        3.39   4.04 EXTREME
XLP        3.36   3.83 EXTREME
IWM        3.27   3.74 EXTREME
MCD        3.22   4.13 EXTREME
FOXA       3.16   4.15 EXTREME
DIS        3.13   3.75 EXTREME
TLT        3.12   3.91 EXTREME
HLT        3.11   4.02 EXTREME
✅ DB inicializada: storage/batman.db

🦇 RISK SCORES TOP 10
SYM        RISK  VOL_Z REGIME
-----------------------------------
GLD        4.36   3.72 EXTREME
PEP        3.52   3.97 EXTREME
XLY        3.39   4.04 EXTREME
XLP        3.36   3.83 EXTREME
IWM        3.27   3.74 EXTREME
MCD        3.22   4.13 EXTREME
FOXA       3.16   4.15 EXTREME
DIS        3.13   3.75 EXTREME
TLT        3.12   3.91 EXTREME
HLT        3.11   4.02 EXTREME
✅ DB inicializada: storage/batman.db

🦇 RISK SCORES TOP 10
SYM        RISK  VOL_Z REGIME
-----------------------------------
GLD        4.36   3.72 EXTREME
PEP        3.52   3.97 EXTREME
XLY        3.39   4.04 EXTREME
XLP        3.36   3.83 EXTREME
IWM        3.27   3.74 EXTREME
MCD        3.22   4.13 EXTREME
FOXA       3.16   4.15 EXTREME
DIS        3.13   3.75 EXTREME
TLT        3.12   3.91 EXTREME
HLT        3.11   4.02 EXTREME
✅ DB inicializada: storage/batman.db

🦇 RISK SCORES TOP 10
SYM        RISK  VOL_Z REGIME
-----------------------------------
GLD        4.36   3.72 EXTREME
PEP        3.52   3.97 EXTREME
XLY        3.39   4.04 EXTREME
XLP        3.36   3.83 EXTREME
IWM        3.27   3.74 EXTREME
MCD        3.22   4.13 EXTREME
FOXA       3.16   4.15 EXTREME
DIS        3.13   3.75 EXTREME
TLT        3.12   3.91 EXTREME
HLT        3.11   4.02 EXTREME
✅ DB inicializada: storage/batman.db

🦇 RISK SCORES TOP 10
SYM        RISK  VOL_Z REGIME
-----------------------------------
GLD        4.36   3.72 EXTREME
PEP        3.52   3.97 EXTREME
XLY        3.39   4.04 EXTREME
XLP        3.36   3.83 EXTREME
IWM        3.27   3.74 EXTREME
MCD        3.22   4.13 EXTREME
FOXA       3.16   4.15 EXTREME
DIS        3.13   3.75 EXTREME
TLT        3.12   3.91 EXTREME
HLT        3.11   4.02 EXTREME
✅ DB inicializada: storage/batman.db

🦇 RISK SCORES TOP 10
SYM        RISK  VOL_Z REGIME
-----------------------------------
GLD        4.36   3.72 EXTREME
PEP        3.52   3.97 EXTREME
XLY        3.39   4.04 EXTREME
XLP        3.36   3.83 EXTREME
IWM        3.27   3.74 EXTREME
MCD        3.22   4.13 EXTREME
FOXA       3.16   4.15 EXTREME
DIS        3.13   3.75 EXTREME
TLT        3.12   3.91 EXTREME
HLT        3.11   4.02 EXTREME
✅ DB inicializada: storage/batman.db

🦇 RISK SCORES TOP 10
SYM        RISK  VOL_Z REGIME
-----------------------------------
GLD        4.36   3.72 EXTREME
PEP        3.52   3.97 EXTREME
XLY        3.39   4.04 EXTREME
XLP        3.36   3.83 EXTREME
IWM        3.27   3.74 EXTREME
MCD        3.22   4.13 EXTREME
FOXA       3.16   4.15 EXTREME
DIS        3.13   3.75 EXTREME
TLT        3.12   3.91 EXTREME
HLT        3.11   4.02 EXTREME
✅ DB inicializada: storage/batman.db

🦇 RISK SCORES TOP 10
SYM        RISK  VOL_Z REGIME
-----------------------------------
GLD        4.36   3.72 EXTREME
PEP        3.52   3.97 EXTREME
XLY        3.39   4.04 EXTREME
XLP        3.36   3.83 EXTREME
IWM        3.27   3.74 EXTREME
MCD        3.22   4.13 EXTREME
FOXA       3.16   4.15 EXTREME
DIS        3.13   3.75 EXTREME
TLT        3.12   3.91 EXTREME
HLT        3.11   4.02 EXTREME
✅ DB inicializada: storage/batman.db

🦇 RISK SCORES TOP 10
SYM        RISK  VOL_Z REGIME
-----------------------------------
GLD        4.36   3.72 EXTREME
PEP        3.52   3.97 EXTREME
XLY        3.39   4.04 EXTREME
XLP        3.36   3.83 EXTREME
IWM        3.27   3.74 EXTREME
MCD        3.22   4.13 EXTREME
FOXA       3.16   4.15 EXTREME
DIS        3.13   3.75 EXTREME
TLT        3.12   3.91 EXTREME
HLT        3.11   4.02 EXTREME
✅ DB inicializada: storage/batman.db

🦇 RISK SCORES TOP 10
SYM        RISK  VOL_Z REGIME
-----------------------------------
GLD        4.36   3.72 EXTREME
PEP        3.52   3.97 EXTREME
XLY        3.39   4.04 EXTREME
XLP        3.36   3.83 EXTREME
IWM        3.27   3.74 EXTREME
MCD        3.22   4.13 EXTREME
FOXA       3.16   4.15 EXTREME
DIS        3.13   3.75 EXTREME
TLT        3.12   3.91 EXTREME
HLT        3.11   4.02 EXTREME
✅ DB inicializada: storage/batman.db

🦇 RISK SCORES TOP 10
SYM        RISK  VOL_Z REGIME
-----------------------------------
GLD        4.36   3.72 EXTREME
PEP        3.52   3.97 EXTREME
XLY        3.39   4.04 EXTREME
XLP        3.36   3.83 EXTREME
IWM        3.27   3.74 EXTREME
MCD        3.22   4.13 EXTREME
FOXA       3.16   4.15 EXTREME
DIS        3.13   3.75 EXTREME
TLT        3.12   3.91 EXTREME
HLT        3.11   4.02 EXTREME
✅ DB inicializada: storage/batman.db

🦇 RISK SCORES TOP 10
SYM        RISK  VOL_Z REGIME
-----------------------------------
GLD        4.36   3.72 EXTREME
PEP        3.52   3.97 EXTREME
XLY        3.39   4.04 EXTREME
XLP        3.36   3.83 EXTREME
IWM        3.27   3.74 EXTREME
MCD        3.22   4.13 EXTREME
FOXA       3.16   4.15 EXTREME
DIS        3.13   3.75 EXTREME
TLT        3.12   3.91 EXTREME
HLT        3.11   4.02 EXTREME
✅ DB inicializada: storage/batman.db

🦇 RISK SCORES TOP 10
SYM        RISK  VOL_Z REGIME
-----------------------------------
GLD        4.36   3.72 EXTREME
PEP        3.52   3.97 EXTREME
XLY        3.39   4.04 EXTREME
XLP        3.36   3.83 EXTREME
IWM        3.27   3.74 EXTREME
MCD        3.22   4.13 EXTREME
FOXA       3.16   4.15 EXTREME
DIS        3.13   3.75 EXTREME
TLT        3.12   3.91 EXTREME
HLT        3.11   4.02 EXTREME
✅ DB inicializada: storage/batman.db

🦇 RISK SCORES TOP 10
SYM        RISK  VOL_Z REGIME
-----------------------------------
GLD        4.36   3.72 EXTREME
PEP        3.52   3.97 EXTREME
XLY        3.39   4.04 EXTREME
XLP        3.36   3.83 EXTREME
IWM        3.27   3.74 EXTREME
MCD        3.22   4.13 EXTREME
FOXA       3.16   4.15 EXTREME
DIS        3.13   3.75 EXTREME
TLT        3.12   3.91 EXTREME
HLT        3.11   4.02 EXTREME
✅ DB inicializada: storage/batman.db

🦇 RISK SCORES TOP 10
SYM        RISK  VOL_Z REGIME
-----------------------------------
GLD        4.36   3.72 EXTREME
PEP        3.52   3.97 EXTREME
XLY        3.39   4.04 EXTREME
XLP        3.36   3.83 EXTREME
IWM        3.27   3.74 EXTREME
MCD        3.22   4.13 EXTREME
FOXA       3.16   4.15 EXTREME
DIS        3.13   3.75 EXTREME
TLT        3.12   3.91 EXTREME
HLT        3.11   4.02 EXTREME
✅ DB inicializada: storage/batman.db

🦇 RISK SCORES TOP 10
SYM        RISK  VOL_Z REGIME
-----------------------------------
XLE        1.10  -2.02 TENSION
KO         1.09  -1.43 TENSION
QQQ        1.05  -2.55 TENSION
DKNG       1.03  -2.47 TENSION
XLK        1.02  -2.44 TENSION
UAL        0.98  -2.38 NORMAL
XLY        0.96  -2.30 NORMAL
DIS        0.96  -2.33 NORMAL
PEP        0.92  -1.85 NORMAL
XLP        0.89  -1.76 NORMAL
✅ DB inicializada: storage/batman.db

🦇 RISK SCORES TOP 10
SYM        RISK  VOL_Z REGIME
-----------------------------------
XLK        1.09   0.71 TENSION
KO         1.06  -1.29 TENSION
XLE        1.04  -1.78 TENSION
QQQ        0.96  -2.20 NORMAL
UAL        0.92  -2.14 NORMAL
DKNG       0.91  -2.03 NORMAL
DIS        0.91  -2.12 NORMAL
XLP        0.87  -1.65 NORMAL
PEP        0.86  -1.69 NORMAL
XLY        0.85  -1.83 NORMAL
✅ DB inicializada: storage/batman.db

🦇 RISK SCORES TOP 10
SYM        RISK  VOL_Z REGIME
-----------------------------------
KO         0.95  -1.11 NORMAL
UAL        0.93  -2.15 NORMAL
XLE        0.93  -1.43 NORMAL
XLY        0.92  -2.16 NORMAL
DKNG       0.91  -1.98 NORMAL
PEP        0.84  -1.48 NORMAL
QQQ        0.81  -1.77 NORMAL
DIS        0.79  -1.68 NORMAL
XLK        0.78  -1.65 NORMAL
MAR        0.72  -1.49 NORMAL
✅ DB inicializada: storage/batman.db

🦇 RISK SCORES TOP 10
SYM        RISK  VOL_Z REGIME
-----------------------------------
KO         0.96  -1.11 NORMAL
UAL        0.93  -2.15 NORMAL
XLE        0.93  -1.43 NORMAL
DKNG       0.91  -1.98 NORMAL
PEP        0.85  -1.48 NORMAL
XLY        0.84  -1.82 NORMAL
QQQ        0.81  -1.77 NORMAL
DIS        0.79  -1.68 NORMAL
XLK        0.78  -1.65 NORMAL
MAR        0.72  -1.49 NORMAL
✅ DB inicializada: storage/batman.db

🦇 RISK SCORES TOP 10
SYM        RISK  VOL_Z REGIME
-----------------------------------
XLE        1.09   1.02 TENSION
UAL        0.89   0.56 NORMAL
KO         0.84  -0.83 NORMAL
DAL        0.84  -0.89 NORMAL
MCD        0.83  -1.49 NORMAL
PEP        0.82  -1.59 NORMAL
DIS        0.80  -1.53 NORMAL
QQQ        0.79  -1.65 NORMAL
XLY        0.73  -1.51 NORMAL
XLP        0.68  -1.06 NORMAL
✅ DB inicializada: storage/batman.db

🦇 RISK SCORES TOP 10
SYM        RISK  VOL_Z REGIME
-----------------------------------
MCD        1.26  -2.92 TENSION
DIS        1.20  -3.00 TENSION
DAL        1.14  -2.12 TENSION
XLE        1.02  -1.93 TENSION
DKNG       1.01  -2.53 TENSION
MAR        0.99  -2.48 NORMAL
UAL        0.98  -1.70 NORMAL
QQQ        0.97  -2.43 NORMAL
PEP        0.96  -2.26 NORMAL
KO         0.88  -1.22 NORMAL
✅ DB inicializada: storage/batman.db

🦇 RISK SCORES TOP 10
SYM        RISK  VOL_Z REGIME
-----------------------------------
MCD        1.26  -3.03 TENSION
DIS        1.21  -3.03 TENSION
DAL        1.10  -2.24 TENSION
IWM        1.02  -2.55 TENSION
XLP        1.02  -2.09 TENSION
XLE        0.98  -1.78 NORMAL
PEP        0.98  -2.28 NORMAL
DKNG       0.98  -2.45 NORMAL
MAR        0.96  -2.40 NORMAL
UAL        0.91  -1.66 NORMAL
✅ DB inicializada: storage/batman.db

🦇 RISK SCORES TOP 10
SYM        RISK  VOL_Z REGIME
-----------------------------------
MCD        1.25  -2.89 TENSION
DIS        1.14  -2.74 TENSION
DAL        1.07  -2.17 TENSION
XLP        0.98  -1.91 NORMAL
IWM        0.96  -2.31 NORMAL
DKNG       0.96  -2.36 NORMAL
PEP        0.96  -2.18 NORMAL
XLE        0.89  -1.59 NORMAL
KO         0.87  -0.85 NORMAL
XLY        0.87  -2.03 NORMAL
✅ DB inicializada: storage/batman.db

🦇 RISK SCORES TOP 10
SYM        RISK  VOL_Z REGIME
-----------------------------------
KO         1.31  -2.10 TENSION
TLT        1.17  -2.78 TENSION
MCD        1.16  -2.71 TENSION
XLE        1.10  -2.00 TENSION
PEP        1.08  -2.47 TENSION
DAL        1.03  -2.04 TENSION
XLP        1.01  -2.07 TENSION
DKNG       1.00  -2.41 TENSION
XLY        0.98  -2.35 NORMAL
QQQ        0.90  -2.19 NORMAL
✅ DB inicializada: storage/batman.db

🦇 RISK SCORES TOP 10
SYM        RISK  VOL_Z REGIME
-----------------------------------
KO         1.23  -1.72 TENSION
XLK        1.18   1.60 TENSION
QQQ        1.17  -1.96 TENSION
TLT        1.16  -2.76 TENSION
MCD        1.08  -2.29 TENSION
XLE        1.07  -1.84 TENSION
PEP        0.98  -2.13 NORMAL
XLY        0.98  -2.35 NORMAL
DAL        0.96  -1.76 NORMAL
XLP        0.94  -1.76 NORMAL
✅ DB inicializada: storage/batman.db

🦇 RISK SCORES TOP 10
SYM        RISK  VOL_Z REGIME
-----------------------------------
KO         1.14  -1.48 TENSION
MCD        1.14  -2.33 TENSION
DAL        1.11  -1.73 TENSION
XLE        0.95  -1.61 NORMAL
DIS        0.93  -1.99 NORMAL
UAL        0.91  -1.36 NORMAL
XLY        0.89  -2.01 NORMAL
PEP        0.89  -1.96 NORMAL
QQQ        0.86  -1.78 NORMAL
XLP        0.75  -1.35 NORMAL
✅ DB inicializada: storage/batman.db

🦇 RISK SCORES TOP 10
SYM        RISK  VOL_Z REGIME
-----------------------------------
DAL        1.08  -1.57 TENSION
KO         0.95   0.47 NORMAL
MCD        0.92  -1.58 NORMAL
XLE        0.90  -1.36 NORMAL
UAL        0.88  -1.21 NORMAL
PEP        0.85  -1.75 NORMAL
XLY        0.79  -1.63 NORMAL
DKNG       0.73  -1.44 NORMAL
XLP        0.71  -1.16 NORMAL
DIS        0.70  -1.26 NORMAL
✅ DB inicializada: storage/batman.db

🦇 RISK SCORES TOP 10
SYM        RISK  VOL_Z REGIME
-----------------------------------
MAR        1.58   2.30 TENSION
DKNG       1.18   1.72 TENSION
XLY        1.15   1.75 TENSION
KO         1.07  -1.27 TENSION
DAL        1.06  -1.64 TENSION
PEP        1.05   1.40 TENSION
UAL        0.86  -1.25 NORMAL
TLT        0.84  -1.70 NORMAL
XLE        0.84  -0.90 NORMAL
MCD        0.78  -1.16 NORMAL
✅ DB inicializada: storage/batman.db

🦇 RISK SCORES TOP 10
SYM        RISK  VOL_Z REGIME
-----------------------------------
MAR        1.83   2.70 TENSION
XLY        1.36   2.16 TENSION
PEP        1.26   1.82 TENSION
DKNG       1.18   1.72 TENSION
KO         1.01  -1.06 TENSION
DAL        0.86  -0.97 NORMAL
TLT        0.84  -1.68 NORMAL
UAL        0.80  -1.07 NORMAL
XLE        0.76  -0.55 NORMAL
XLP        0.58  -0.64 NORMAL
✅ DB inicializada: storage/batman.db

🦇 RISK SCORES TOP 10
SYM        RISK  VOL_Z REGIME
-----------------------------------
XLP        2.43   3.29 STRESS
KO         1.45   1.29 TENSION
DIS        0.97  -1.17 NORMAL
MCD        0.93   1.00 NORMAL
XLK        0.84   0.93 NORMAL
DAL        0.82  -0.86 NORMAL
IWM        0.76  -1.56 NORMAL
XLE        0.73  -0.38 NORMAL
UAL        0.65  -0.75 NORMAL
XLY        0.65  -1.16 NORMAL
✅ DB inicializada: storage/batman.db

🦇 RISK SCORES TOP 10
SYM        RISK  VOL_Z REGIME
-----------------------------------
QQQ        1.38  -2.65 TENSION
DAL        1.26  -2.46 TENSION
KO         1.25  -1.98 TENSION
MCD        1.13  -2.46 TENSION
DIS        1.06  -2.64 TENSION
XLE        1.05  -1.78 TENSION
PEP        1.03  -2.27 TENSION
IWM        0.95  -2.37 NORMAL
TLT        0.95  -2.28 NORMAL
XLY        0.95  -2.37 NORMAL
✅ DB inicializada: storage/batman.db

🦇 RISK SCORES TOP 10
SYM        RISK  VOL_Z REGIME
-----------------------------------
DAL        1.21  -1.79 TENSION
KO         1.10  -1.49 TENSION
MCD        1.06  -2.25 TENSION
XLE        1.03  -1.67 TENSION
DIS        1.00  -2.37 TENSION
QQQ        1.00  -2.34 NORMAL
TLT        0.99  -2.36 NORMAL
XLY        0.95  -2.25 NORMAL
IWM        0.87  -1.98 NORMAL
PEP        0.84  -1.81 NORMAL
✅ DB inicializada: storage/batman.db

🦇 RISK SCORES TOP 10
SYM        RISK  VOL_Z REGIME
-----------------------------------
DAL        1.22  -1.82 TENSION
KO         1.09  -1.49 TENSION
XLE        1.03  -1.67 TENSION
DIS        1.00  -2.37 TENSION
QQQ        1.00  -2.34 NORMAL
XLY        0.95  -2.25 NORMAL
MCD        0.93  -1.70 NORMAL
TLT        0.88  -1.87 NORMAL
IWM        0.87  -1.98 NORMAL
PEP        0.83  -1.81 NORMAL
✅ DB inicializada: storage/batman.db

🦇 RISK SCORES TOP 10
SYM        RISK  VOL_Z REGIME
-----------------------------------
DAL        1.21  -2.07 TENSION
KO         1.18  -1.98 TENSION
QQQ        0.93  -2.06 NORMAL
XLE        0.91  -1.38 NORMAL
IWM        0.90  -2.09 NORMAL
MCD        0.83  -1.31 NORMAL
DIS        0.83  -1.75 NORMAL
UAL        0.82  -0.36 NORMAL
PEP        0.71  -1.49 NORMAL
XLY        0.69  -1.59 NORMAL
✅ DB inicializada: storage/batman.db

🦇 RISK SCORES TOP 10
SYM        RISK  VOL_Z REGIME
-----------------------------------
DAL        1.14  -1.78 TENSION
KO         1.07  -1.54 TENSION
QQQ        0.84  -1.74 NORMAL
UAL        0.83  -0.36 NORMAL
XLE        0.82  -1.04 NORMAL
DIS        0.73  -1.40 NORMAL
IWM        0.72  -1.42 NORMAL
FOXA       0.65  -1.55 NORMAL
XLY        0.65  -1.40 NORMAL
MCD        0.64  -0.62 NORMAL
✅ DB inicializada: storage/batman.db

🦇 RISK SCORES TOP 10
SYM        RISK  VOL_Z REGIME
-----------------------------------
XLE        1.16  -1.74 TENSION
KO         1.10  -1.47 TENSION
DAL        1.03  -1.52 TENSION
UAL        0.84  -0.75 NORMAL
QQQ        0.81  -1.60 NORMAL
PEP        0.75  -1.46 NORMAL
IWM        0.73  -1.43 NORMAL
GLD        0.64  -1.33 NORMAL
XLP        0.61  -0.99 NORMAL
TLT        0.61  -0.92 NORMAL
✅ DB inicializada: storage/batman.db

🦇 RISK SCORES TOP 10
SYM        RISK  VOL_Z REGIME
-----------------------------------
MCD        1.05   1.27 TENSION
KO         1.02  -1.17 TENSION
XLE        0.99  -1.23 NORMAL
DAL        0.95  -1.22 NORMAL
UAL        0.79  -0.52 NORMAL
HYG        0.68   0.68 NORMAL
PEP        0.67  -1.16 NORMAL
GLD        0.59  -1.13 NORMAL
QQQ        0.59  -0.88 NORMAL
IWM        0.58  -0.91 NORMAL
✅ DB inicializada: storage/batman.db

🦇 RISK SCORES TOP 10
SYM        RISK  VOL_Z REGIME
-----------------------------------
XLE        1.58  -3.32 TENSION
DAL        1.55  -2.89 TENSION
IWM        1.54  -2.54 TENSION
UAL        1.30  -2.09 TENSION
KO         1.28  -2.19 TENSION
PEP        1.07  -2.37 TENSION
MCD        1.07  -2.45 TENSION
DIS        1.00  -2.38 TENSION
TLT        0.85  -1.98 NORMAL
XLK        0.85  -2.12 NORMAL
✅ DB inicializada: storage/batman.db

🦇 RISK SCORES TOP 10
SYM        RISK  VOL_Z REGIME
-----------------------------------
KO         1.44  -2.58 TENSION
DAL        1.32  -2.66 TENSION
UAL        1.24  -2.11 TENSION
XLE        1.20  -2.49 TENSION
QQQ        1.12   1.78 TENSION
MCD        1.11  -2.64 TENSION
PEP        1.06  -2.36 TENSION
TLT        0.90  -2.06 NORMAL
XLK        0.89  -2.21 NORMAL
MAR        0.87  -2.19 NORMAL
[scanner_cross] Scanning 3 pairs...
  [scanner_cross] BTC: Binance $73435.36 | OKX $73425.60 | spread -0.0133%
  [scanner_cross] ETH: Binance $2170.38 | OKX $2170.42 | spread +0.0018%
  [scanner_cross] SOL: Binance $93.46 | OKX $93.46 | spread +0.0000%
[scanner_basis] Scanning BTCUSDT...
  [scanner_basis] Spot: $73435.37 | Futures: $73403.70 | Basis: -0.0431%
  [scanner_basis] Logged to storage/logs/opportunities.jsonl
✅ DB inicializada: storage/batman.db

🦇 RISK SCORES TOP 10
SYM        RISK  VOL_Z REGIME
-----------------------------------
GLD        1.71  -0.19 TENSION
KO         1.34  -2.14 TENSION
DAL        1.25  -2.31 TENSION
UAL        1.12  -1.67 TENSION
QQQ        1.09  -2.42 TENSION
HYG        1.08   1.16 TENSION
XLE        1.07  -1.90 TENSION
PEP        0.95  -1.86 NORMAL
MCD        0.93  -1.86 NORMAL
MAR        0.87  -2.19 NORMAL
[scanner_cross] Scanning 3 pairs...
  [scanner_cross] BTC: Binance $73468.98 | OKX $73467.50 | spread -0.0020%
  [scanner_cross] ETH: Binance $2173.03 | OKX $2172.90 | spread -0.0060%
  [scanner_cross] SOL: Binance $93.56 | OKX $93.56 | spread +0.0000%
[scanner_basis] Scanning BTCUSDT...
  [scanner_basis] Spot: $73468.97 | Futures: $73430.00 | Basis: -0.0530%
  [scanner_basis] Logged to storage/logs/opportunities.jsonl
✅ DB inicializada: storage/batman.db

🦇 RISK SCORES TOP 10
SYM        RISK  VOL_Z REGIME
-----------------------------------
KO         1.90   1.88 TENSION
DKNG       1.89   2.34 TENSION
TLT        1.75   2.44 TENSION
HYG        1.55   1.80 TENSION
DAL        1.46   1.38 TENSION
FOXA       1.41   1.87 TENSION
UAL        1.36   0.64 TENSION
MCD        1.18   1.47 TENSION
XLF        1.09   1.30 TENSION
XLY        1.06   1.12 TENSION
[scanner_cross] Scanning 3 pairs...
  [scanner_cross] BTC: Binance $73185.99 | OKX $73186.00 | spread +0.0000%
  [scanner_cross] ETH: Binance $2157.20 | OKX $2157.52 | spread +0.0148%
  [scanner_cross] SOL: Binance $92.98 | OKX $92.98 | spread +0.0000%
📡 Consultando precios P2P Binance LATAM...
[scanner_basis] Scanning BTCUSDT...
  [scanner_basis] Spot: $73178.23 | Futures: $73162.70 | Basis: -0.0212%
  [scanner_basis] Logged to storage/logs/opportunities.jsonl
✅ DB inicializada: storage/batman.db

🦇 RISK SCORES TOP 10
SYM        RISK  VOL_Z REGIME
-----------------------------------
KO         2.81   3.13 STRESS
DKNG       2.65   3.22 STRESS
TLT        2.45   3.39 STRESS
HYG        2.19   2.63 STRESS
MCD        2.17   2.97 STRESS
FOXA       2.13   2.93 STRESS
PEP        2.05   2.47 STRESS
DAL        2.03   2.39 STRESS
UAL        1.88   1.42 TENSION
DIS        1.68   2.22 TENSION
[scanner_cross] Scanning 3 pairs...
  [scanner_cross] BTC: Binance $73129.00 | OKX $73131.00 | spread +0.0027%
  [scanner_cross] ETH: Binance $2155.83 | OKX $2155.99 | spread +0.0074%
  [scanner_cross] SOL: Binance $92.91 | OKX $92.89 | spread -0.0215%
📡 Consultando precios P2P Binance LATAM...
[scanner_basis] Scanning BTCUSDT...
  [scanner_basis] Spot: $73115.00 | Futures: $73081.30 | Basis: -0.0461%
  [scanner_basis] Logged to storage/logs/opportunities.jsonl
✅ DB inicializada: storage/batman.db

🦇 RISK SCORES TOP 10
SYM        RISK  VOL_Z REGIME
-----------------------------------
KO         3.52   3.85 EXTREME
UAL        3.37   3.32 EXTREME
PEP        3.33   4.13 EXTREME
DAL        3.27   3.84 EXTREME
TLT        3.21   4.03 EXTREME
MCD        3.12   3.94 EXTREME
DKNG       3.11   4.03 EXTREME
FOXA       3.09   3.97 EXTREME
MAR        2.94   3.85 STRESS
XLY        2.70   3.21 STRESS
[scanner_cross] Scanning 3 pairs...
  [scanner_cross] BTC: Binance $73093.51 | OKX $73088.90 | spread -0.0063%
  [scanner_cross] ETH: Binance $2146.71 | OKX $2147.34 | spread +0.0293%
  [scanner_cross] SOL: Binance $92.64 | OKX $92.64 | spread +0.0000%
📡 Consultando precios P2P Binance LATAM...
[scanner_basis] Scanning BTCUSDT...
  [scanner_basis] Spot: $73083.12 | Futures: $73068.20 | Basis: -0.0204%
  [scanner_basis] Logged to storage/logs/opportunities.jsonl
✅ DB inicializada: storage/batman.db

🦇 RISK SCORES TOP 10
SYM        RISK  VOL_Z REGIME
-----------------------------------
KO         3.42   3.70 EXTREME
UAL        3.37   3.32 EXTREME
PEP        3.33   4.13 EXTREME
XLP        3.21   3.80 EXTREME
TLT        3.21   4.03 EXTREME
DKNG       3.11   4.03 EXTREME
XLF        3.09   3.97 EXTREME
XLY        3.09   3.97 EXTREME
FOXA       3.09   3.97 EXTREME
XLE        2.98   3.88 STRESS
[scanner_cross] Scanning 3 pairs...
  [scanner_cross] BTC: Binance $73031.71 | OKX $73028.70 | spread -0.0041%
  [scanner_cross] ETH: Binance $2145.42 | OKX $2145.64 | spread +0.0103%
  [scanner_cross] SOL: Binance $92.57 | OKX $92.56 | spread -0.0108%
📡 Consultando precios P2P Binance LATAM...
[scanner_basis] Scanning BTCUSDT...
  [scanner_basis] Spot: $73031.70 | Futures: $72995.60 | Basis: -0.0494%
  [scanner_basis] Logged to storage/logs/opportunities.jsonl
✅ DB inicializada: storage/batman.db

🦇 RISK SCORES TOP 10
SYM        RISK  VOL_Z REGIME
-----------------------------------
KO         3.58   4.01 EXTREME
DAL        3.45   3.97 EXTREME
UAL        3.37   3.32 EXTREME
PEP        3.33   4.13 EXTREME
XLP        3.22   3.80 EXTREME
TLT        3.21   4.03 EXTREME
MCD        3.16   4.06 EXTREME
DKNG       3.11   4.03 EXTREME
XLF        3.09   3.97 EXTREME
XLY        3.09   3.97 EXTREME
[scanner_cross] Scanning 3 pairs...
  [scanner_cross] BTC: Binance $73116.60 | OKX $73113.40 | spread -0.0044%
  [scanner_cross] ETH: Binance $2148.53 | OKX $2148.76 | spread +0.0107%
  [scanner_cross] SOL: Binance $92.51 | OKX $92.50 | spread -0.0108%
📡 Consultando precios P2P Binance LATAM...
[scanner_basis] Scanning BTCUSDT...
  [scanner_basis] Spot: $73116.60 | Futures: $73079.00 | Basis: -0.0514%
  [scanner_basis] Logged to storage/logs/opportunities.jsonl
✅ DB inicializada: storage/batman.db

🦇 RISK SCORES TOP 10
SYM        RISK  VOL_Z REGIME
-----------------------------------
KO         3.58   4.01 EXTREME
DAL        3.45   3.97 EXTREME
UAL        3.37   3.32 EXTREME
PEP        3.33   4.13 EXTREME
XLP        3.22   3.80 EXTREME
TLT        3.21   4.03 EXTREME
MCD        3.16   4.06 EXTREME
DKNG       3.11   4.03 EXTREME
XLF        3.09   3.97 EXTREME
XLY        3.09   3.97 EXTREME
[scanner_cross] Scanning 3 pairs...
  [scanner_cross] BTC: Binance $73129.30 | OKX $73126.50 | spread -0.0038%
  [scanner_cross] ETH: Binance $2148.89 | OKX $2149.11 | spread +0.0102%
  [scanner_cross] SOL: Binance $92.50 | OKX $92.50 | spread +0.0000%
📡 Consultando precios P2P Binance LATAM...
[scanner_basis] Scanning BTCUSDT...
  [scanner_basis] Spot: $73129.30 | Futures: $73098.60 | Basis: -0.0420%
  [scanner_basis] Logged to storage/logs/opportunities.jsonl
✅ DB inicializada: storage/batman.db

🦇 RISK SCORES TOP 10
SYM        RISK  VOL_Z REGIME
-----------------------------------
KO         3.58   4.01 EXTREME
DAL        3.45   3.97 EXTREME
UAL        3.37   3.32 EXTREME
PEP        3.33   4.13 EXTREME
XLP        3.22   3.80 EXTREME
TLT        3.21   4.03 EXTREME
MCD        3.16   4.06 EXTREME
DKNG       3.11   4.03 EXTREME
XLF        3.09   3.97 EXTREME
XLY        3.09   3.97 EXTREME
[scanner_cross] Scanning 3 pairs...
  [scanner_cross] BTC: Binance $73264.15 | OKX $73264.00 | spread -0.0002%
  [scanner_cross] ETH: Binance $2149.81 | OKX $2149.60 | spread -0.0098%
  [scanner_cross] SOL: Binance $92.47 | OKX $92.46 | spread -0.0108%
📡 Consultando precios P2P Binance LATAM...
[scanner_basis] Scanning BTCUSDT...
  [scanner_basis] Spot: $73264.15 | Futures: $73229.10 | Basis: -0.0478%
  [scanner_basis] Logged to storage/logs/opportunities.jsonl
✅ DB inicializada: storage/batman.db

🦇 RISK SCORES TOP 10
SYM        RISK  VOL_Z REGIME
-----------------------------------
KO         3.58   4.01 EXTREME
DAL        3.45   3.97 EXTREME
UAL        3.37   3.32 EXTREME
PEP        3.33   4.13 EXTREME
XLP        3.22   3.80 EXTREME
TLT        3.21   4.03 EXTREME
MCD        3.16   4.06 EXTREME
DKNG       3.11   4.03 EXTREME
XLF        3.09   3.97 EXTREME
XLY        3.09   3.97 EXTREME
[scanner_cross] Scanning 3 pairs...
  [scanner_cross] BTC: Binance $73255.66 | OKX $73255.30 | spread -0.0005%
  [scanner_cross] ETH: Binance $2149.47 | OKX $2149.64 | spread +0.0079%
  [scanner_cross] SOL: Binance $92.44 | OKX $92.46 | spread +0.0216%
📡 Consultando precios P2P Binance LATAM...
[scanner_basis] Scanning BTCUSDT...
  [scanner_basis] Spot: $73255.65 | Futures: $73225.10 | Basis: -0.0417%
  [scanner_basis] Logged to storage/logs/opportunities.jsonl
✅ DB inicializada: storage/batman.db

🦇 RISK SCORES TOP 10
SYM        RISK  VOL_Z REGIME
-----------------------------------
KO         3.58   4.01 EXTREME
DAL        3.45   3.97 EXTREME
UAL        3.37   3.32 EXTREME
PEP        3.33   4.13 EXTREME
XLP        3.22   3.80 EXTREME
TLT        3.21   4.03 EXTREME
MCD        3.16   4.06 EXTREME
DKNG       3.11   4.03 EXTREME
XLF        3.09   3.97 EXTREME
XLY        3.09   3.97 EXTREME
[scanner_cross] Scanning 3 pairs...
  [scanner_cross] BTC: Binance $73207.93 | OKX $73203.70 | spread -0.0058%
  [scanner_cross] ETH: Binance $2156.13 | OKX $2156.39 | spread +0.0121%
  [scanner_cross] SOL: Binance $92.41 | OKX $92.41 | spread +0.0000%
📡 Consultando precios P2P Binance LATAM...
[scanner_basis] Scanning BTCUSDT...
  [scanner_basis] Spot: $73218.38 | Futures: $73171.50 | Basis: -0.0640%
  [scanner_basis] Logged to storage/logs/opportunities.jsonl
✅ DB inicializada: storage/batman.db

🦇 RISK SCORES TOP 10
SYM        RISK  VOL_Z REGIME
-----------------------------------
KO         3.58   4.01 EXTREME
DAL        3.45   3.97 EXTREME
UAL        3.37   3.32 EXTREME
PEP        3.33   4.13 EXTREME
XLP        3.22   3.80 EXTREME
TLT        3.21   4.03 EXTREME
MCD        3.16   4.06 EXTREME
DKNG       3.11   4.03 EXTREME
XLF        3.09   3.97 EXTREME
XLY        3.09   3.97 EXTREME
[scanner_cross] Scanning 3 pairs...
  [scanner_cross] BTC: Binance $73214.82 | OKX $73211.00 | spread -0.0052%
  [scanner_cross] ETH: Binance $2156.76 | OKX $2156.99 | spread +0.0107%
  [scanner_cross] SOL: Binance $92.45 | OKX $92.46 | spread +0.0108%
📡 Consultando precios P2P Binance LATAM...
[scanner_basis] Scanning BTCUSDT...
  [scanner_basis] Spot: $73216.70 | Futures: $73184.60 | Basis: -0.0438%
  [scanner_basis] Logged to storage/logs/opportunities.jsonl
✅ DB inicializada: storage/batman.db

🦇 RISK SCORES TOP 10
SYM        RISK  VOL_Z REGIME
-----------------------------------
KO         3.58   4.01 EXTREME
DAL        3.45   3.97 EXTREME
UAL        3.37   3.32 EXTREME
PEP        3.33   4.13 EXTREME
XLP        3.22   3.80 EXTREME
TLT        3.21   4.03 EXTREME
MCD        3.16   4.06 EXTREME
DKNG       3.11   4.03 EXTREME
XLF        3.09   3.97 EXTREME
XLY        3.09   3.97 EXTREME
[scanner_cross] Scanning 3 pairs...
  [scanner_cross] BTC: Binance $73107.99 | OKX $73103.80 | spread -0.0057%
  [scanner_cross] ETH: Binance $2145.64 | OKX $2145.68 | spread +0.0019%
  [scanner_cross] SOL: Binance $91.85 | OKX $91.86 | spread +0.0109%
📡 Consultando precios P2P Binance LATAM...
[scanner_basis] Scanning BTCUSDT...
  [scanner_basis] Spot: $73098.70 | Futures: $73071.30 | Basis: -0.0375%
  [scanner_basis] Logged to storage/logs/opportunities.jsonl
✅ DB inicializada: storage/batman.db

🦇 RISK SCORES TOP 10
SYM        RISK  VOL_Z REGIME
-----------------------------------
KO         3.58   4.01 EXTREME
DAL        3.45   3.97 EXTREME
UAL        3.37   3.32 EXTREME
PEP        3.33   4.13 EXTREME
XLP        3.22   3.80 EXTREME
TLT        3.21   4.03 EXTREME
MCD        3.16   4.06 EXTREME
DKNG       3.11   4.03 EXTREME
XLF        3.09   3.97 EXTREME
XLY        3.09   3.97 EXTREME
[scanner_cross] Scanning 3 pairs...
  [scanner_cross] BTC: Binance $73144.50 | OKX $73136.60 | spread -0.0108%
  [scanner_cross] ETH: Binance $2147.36 | OKX $2147.69 | spread +0.0154%
  [scanner_cross] SOL: Binance $91.79 | OKX $91.78 | spread -0.0109%
📡 Consultando precios P2P Binance LATAM...
[scanner_basis] Scanning BTCUSDT...
  [scanner_basis] Spot: $73128.83 | Futures: $73110.00 | Basis: -0.0257%
  [scanner_basis] Logged to storage/logs/opportunities.jsonl
✅ DB inicializada: storage/batman.db

🦇 RISK SCORES TOP 10
SYM        RISK  VOL_Z REGIME
-----------------------------------
KO         3.58   4.01 EXTREME
DAL        3.45   3.97 EXTREME
UAL        3.37   3.32 EXTREME
PEP        3.33   4.13 EXTREME
XLP        3.22   3.80 EXTREME
TLT        3.21   4.03 EXTREME
MCD        3.16   4.06 EXTREME
DKNG       3.11   4.03 EXTREME
XLF        3.09   3.97 EXTREME
XLY        3.09   3.97 EXTREME
[scanner_cross] Scanning 3 pairs...
  [scanner_cross] BTC: Binance $72809.57 | OKX $72797.90 | spread -0.0160%
  [scanner_cross] ETH: Binance $2134.07 | OKX $2134.09 | spread +0.0009%
  [scanner_cross] SOL: Binance $91.40 | OKX $91.39 | spread -0.0109%
📡 Consultando precios P2P Binance LATAM...
[scanner_basis] Scanning BTCUSDT...
  [scanner_basis] Spot: $72806.17 | Futures: $72774.60 | Basis: -0.0434%
  [scanner_basis] Logged to storage/logs/opportunities.jsonl
✅ DB inicializada: storage/batman.db

🦇 RISK SCORES TOP 10
SYM        RISK  VOL_Z REGIME
-----------------------------------
KO         3.58   4.01 EXTREME
DAL        3.45   3.97 EXTREME
UAL        3.37   3.32 EXTREME
PEP        3.33   4.13 EXTREME
XLP        3.22   3.80 EXTREME
TLT        3.21   4.03 EXTREME
MCD        3.16   4.06 EXTREME
DKNG       3.11   4.03 EXTREME
XLF        3.09   3.97 EXTREME
XLY        3.09   3.97 EXTREME
[scanner_cross] Scanning 3 pairs...
  [scanner_cross] BTC: Binance $72797.28 | OKX $72789.00 | spread -0.0114%
  [scanner_cross] ETH: Binance $2134.23 | OKX $2134.52 | spread +0.0136%
  [scanner_cross] SOL: Binance $91.41 | OKX $91.42 | spread +0.0109%
📡 Consultando precios P2P Binance LATAM...
[scanner_basis] Scanning BTCUSDT...
  [scanner_basis] Spot: $72794.01 | Futures: $72760.00 | Basis: -0.0467%
  [scanner_basis] Logged to storage/logs/opportunities.jsonl
✅ DB inicializada: storage/batman.db

🦇 RISK SCORES TOP 10
SYM        RISK  VOL_Z REGIME
-----------------------------------
KO         3.58   4.01 EXTREME
DAL        3.45   3.97 EXTREME
UAL        3.37   3.32 EXTREME
PEP        3.33   4.13 EXTREME
XLP        3.22   3.80 EXTREME
TLT        3.21   4.03 EXTREME
MCD        3.16   4.06 EXTREME
DKNG       3.11   4.03 EXTREME
XLF        3.09   3.97 EXTREME
XLY        3.09   3.97 EXTREME
[scanner_cross] Scanning 3 pairs...
  [scanner_cross] BTC: Binance $72715.22 | OKX $72714.00 | spread -0.0017%
  [scanner_cross] ETH: Binance $2133.60 | OKX $2133.66 | spread +0.0028%
  [scanner_cross] SOL: Binance $91.25 | OKX $91.25 | spread +0.0000%
📡 Consultando precios P2P Binance LATAM...
[scanner_basis] Scanning BTCUSDT...
  [scanner_basis] Spot: $72725.99 | Futures: $72693.30 | Basis: -0.0449%
  [scanner_basis] Logged to storage/logs/opportunities.jsonl
✅ DB inicializada: storage/batman.db

🦇 RISK SCORES TOP 10
SYM        RISK  VOL_Z REGIME
-----------------------------------
KO         3.58   4.01 EXTREME
DAL        3.45   3.97 EXTREME
UAL        3.37   3.32 EXTREME
PEP        3.33   4.13 EXTREME
XLP        3.22   3.80 EXTREME
TLT        3.21   4.03 EXTREME
MCD        3.16   4.06 EXTREME
DKNG       3.11   4.03 EXTREME
XLF        3.09   3.97 EXTREME
XLY        3.09   3.97 EXTREME
[scanner_cross] Scanning 3 pairs...
  [scanner_cross] BTC: Binance $72713.73 | OKX $72711.00 | spread -0.0038%
  [scanner_cross] ETH: Binance $2134.12 | OKX $2134.32 | spread +0.0094%
  [scanner_cross] SOL: Binance $91.25 | OKX $91.26 | spread +0.0110%
📡 Consultando precios P2P Binance LATAM...
[scanner_basis] Scanning BTCUSDT...
  [scanner_basis] Spot: $72713.73 | Futures: $72675.80 | Basis: -0.0522%
  [scanner_basis] Logged to storage/logs/opportunities.jsonl
✅ DB inicializada: storage/batman.db

🦇 RISK SCORES TOP 10
SYM       VOL_Z   RISK REGIME
-----------------------------------
KO         4.01   3.58 EXTREME
DAL        3.97   3.45 EXTREME
UAL        3.32   3.37 EXTREME
PEP        4.13   3.33 EXTREME
XLP        3.80   3.22 EXTREME
TLT        4.03   3.21 EXTREME
MCD        4.06   3.16 EXTREME
DKNG       4.03   3.11 EXTREME
XLF        3.97   3.09 EXTREME
XLY        3.97   3.09 EXTREME
[scanner_cross] Scanning 3 pairs...
  [scanner_cross] BTC: Binance $72599.48 | OKX $72599.90 | spread +0.0006%
  [scanner_cross] ETH: Binance $2127.69 | OKX $2127.94 | spread +0.0117%
  [scanner_cross] SOL: Binance $90.83 | OKX $90.83 | spread +0.0000%
📡 Consultando precios P2P Binance LATAM...
  [scanner_p2p] USDT/MXN: P2P Buy $17.6440 | merchant_spread -0.519%
[scanner_basis] Scanning BTCUSDT...
  [scanner_basis] Spot: $72596.21 | Futures: $72567.50 | Basis: -0.0395%
  [scanner_basis] Logged to storage/logs/opportunities.jsonl
✅ DB inicializada: storage/batman.db

🦇 RISK SCORES TOP 10
SYM       VOL_Z   RISK REGIME
-----------------------------------
KO         4.01   3.58 EXTREME
DAL        3.97   3.45 EXTREME
UAL        3.32   3.37 EXTREME
PEP        4.13   3.33 EXTREME
XLP        3.80   3.22 EXTREME
TLT        4.03   3.21 EXTREME
MCD        4.06   3.16 EXTREME
DKNG       4.03   3.11 EXTREME
XLF        3.97   3.09 EXTREME
XLY        3.97   3.09 EXTREME
[scanner_cross] Scanning 3 pairs...
  [scanner_cross] BTC: Binance $72625.69 | OKX $72626.00 | spread +0.0004%
  [scanner_cross] ETH: Binance $2127.87 | OKX $2127.95 | spread +0.0038%
  [scanner_cross] SOL: Binance $90.84 | OKX $90.85 | spread +0.0110%
📡 Consultando precios P2P Binance LATAM...
  [scanner_p2p] USDT/MXN: P2P Buy $17.6440 | merchant_spread -0.519%
[scanner_basis] Scanning BTCUSDT...
  [scanner_basis] Spot: $72637.74 | Futures: $72604.80 | Basis: -0.0453%
  [scanner_basis] Logged to storage/logs/opportunities.jsonl
✅ DB inicializada: storage/batman.db

🦇 RISK SCORES TOP 10
SYM       VOL_Z   RISK REGIME
-----------------------------------
KO         4.01   3.58 EXTREME
DAL        3.97   3.45 EXTREME
UAL        3.32   3.37 EXTREME
PEP        4.13   3.33 EXTREME
XLP        3.80   3.22 EXTREME
TLT        4.03   3.21 EXTREME
MCD        4.06   3.16 EXTREME
DKNG       4.03   3.11 EXTREME
XLF        3.97   3.09 EXTREME
XLY        3.97   3.09 EXTREME
[scanner_cross] Scanning 3 pairs (threshold: 0.05%)...
  [scanner_cross] BTC: Binance $72691.29 | OKX $72691.90 | spread +0.0008%
  [scanner_cross] BTC: Skipped (spread 0.0008% < threshold 0.05%)
  [scanner_cross] ETH: Binance $2129.29 | OKX $2129.23 | spread -0.0028%
  [scanner_cross] ETH: Skipped (spread 0.0028% < threshold 0.05%)
  [scanner_cross] SOL: Binance $90.96 | OKX $90.96 | spread +0.0000%
  [scanner_cross] SOL: Skipped (spread 0.0000% < threshold 0.05%)
📡 Scanning P2P markets across LATAM...
  [scanner_p2p] Scanning USDT/MXN...
  [scanner_p2p] USDT/MXN: Buy $17.6440 | Spread -0.249% | Depth 39328 USDT | Logged
  [scanner_p2p] Scanning USDT/COP...
  [scanner_p2p] USDT/COP: Buy $3728.9780 | Spread +0.274% | Depth 57676 USDT | Logged
  [scanner_p2p] Scanning USDT/VES...
  [scanner_p2p] USDT/VES: Buy $624.4340 | Spread -9.274% | Depth 142215 USDT | Logged
  [scanner_p2p] Scanning USDT/ARS...
  [scanner_p2p] USDT/ARS: Buy $1459.8960 | Spread +0.327% | Depth 4045 USDT | Logged
📡 P2P scan complete: 4/4 pairs successful
[scanner_basis] Scanning BTCUSDT...
  [scanner_basis] Spot: $72691.29 | Futures: $72655.60 | Basis: -0.0491%
  [scanner_basis] Logged (basis 0.0491% >= threshold 0.02%)
✅ DB inicializada: storage/batman.db

🦇 RISK SCORES TOP 10
SYM       VOL_Z   RISK REGIME
-----------------------------------
KO         4.01   3.58 EXTREME
DAL        3.97   3.45 EXTREME
UAL        3.32   3.37 EXTREME
PEP        4.13   3.33 EXTREME
XLP        3.80   3.22 EXTREME
TLT        4.03   3.21 EXTREME
MCD        4.06   3.16 EXTREME
DKNG       4.03   3.11 EXTREME
XLF        3.97   3.09 EXTREME
XLY        3.97   3.09 EXTREME
[scanner_cross] Scanning 3 pairs (threshold: 0.05%)...
  [scanner_cross] BTC: Binance $72695.14 | OKX $72692.90 | spread -0.0031%
  [scanner_cross] BTC: Skipped (spread 0.0031% < threshold 0.05%)
  [scanner_cross] ETH: Binance $2128.94 | OKX $2128.83 | spread -0.0052%
  [scanner_cross] ETH: Skipped (spread 0.0052% < threshold 0.05%)
  [scanner_cross] SOL: Binance $90.98 | OKX $90.98 | spread +0.0000%
  [scanner_cross] SOL: Skipped (spread 0.0000% < threshold 0.05%)
📡 Scanning P2P markets across LATAM...
  [scanner_p2p] Scanning USDT/MXN...
  [scanner_p2p] USDT/MXN: Buy $17.6440 | Spread -0.249% | Depth 39044 USDT | Logged
  [scanner_p2p] Scanning USDT/COP...
  [scanner_p2p] USDT/COP: Buy $3728.5800 | Spread +0.263% | Depth 56626 USDT | Logged
  [scanner_p2p] Scanning USDT/VES...
  [scanner_p2p] USDT/VES: Buy $624.2936 | Spread -9.333% | Depth 133211 USDT | Logged
  [scanner_p2p] Scanning USDT/ARS...
  [scanner_p2p] USDT/ARS: Buy $1459.8560 | Spread +0.324% | Depth 7319 USDT | Logged
📡 P2P scan complete: 4/4 pairs successful
[scanner_basis] Scanning BTCUSDT...
  [scanner_basis] Spot: $72695.15 | Futures: $72668.30 | Basis: -0.0369%
  [scanner_basis] Logged (basis 0.0369% >= threshold 0.02%)
✅ DB inicializada: storage/batman.db

🦇 RISK SCORES TOP 10
SYM       VOL_Z   RISK REGIME
-----------------------------------
KO         4.01   3.58 EXTREME
DAL        3.97   3.45 EXTREME
UAL        3.32   3.37 EXTREME
PEP        4.13   3.33 EXTREME
XLP        3.80   3.22 EXTREME
TLT        4.03   3.21 EXTREME
MCD        4.06   3.16 EXTREME
DKNG       4.03   3.11 EXTREME
XLF        3.97   3.09 EXTREME
XLY        3.97   3.09 EXTREME
[scanner_cross] Scanning 3 pairs (threshold: 0.05%)...
  [scanner_cross] BTC: Binance $72703.48 | OKX $72702.20 | spread -0.0018%
  [scanner_cross] BTC: Skipped (spread 0.0018% < threshold 0.05%)
  [scanner_cross] ETH: Binance $2126.66 | OKX $2126.60 | spread -0.0028%
  [scanner_cross] ETH: Skipped (spread 0.0028% < threshold 0.05%)
  [scanner_cross] SOL: Binance $90.92 | OKX $90.92 | spread +0.0000%
  [scanner_cross] SOL: Skipped (spread 0.0000% < threshold 0.05%)
📡 Scanning P2P markets across LATAM...
  [scanner_p2p] Scanning USDT/MXN...
  [scanner_p2p] USDT/MXN: Buy $17.6440 | Spread -0.215% | Depth 47004 USDT | Logged
  [scanner_p2p] Scanning USDT/COP...
  [scanner_p2p] USDT/COP: Buy $3733.7480 | Spread +0.331% | Depth 15912 USDT | Logged
  [scanner_p2p] Scanning USDT/VES...
  [scanner_p2p] USDT/VES: Buy $624.7240 | Spread -9.539% | Depth 34223 USDT | Logged
  [scanner_p2p] Scanning USDT/ARS...
  [scanner_p2p] USDT/ARS: Buy $1459.7540 | Spread +0.340% | Depth 3198 USDT | Logged
📡 P2P scan complete: 4/4 pairs successful
[scanner_basis] Scanning BTCUSDT...
  [scanner_basis] Spot: $72730.01 | Futures: $72670.00 | Basis: -0.0825%
  [scanner_basis] Logged (basis 0.0825% >= threshold 0.02%)
✅ DB inicializada: storage/batman.db

🦇 RISK SCORES TOP 10
SYM       VOL_Z   RISK REGIME
-----------------------------------
KO         4.01   3.58 EXTREME
DAL        3.97   3.45 EXTREME
UAL        3.32   3.37 EXTREME
PEP        4.13   3.33 EXTREME
XLP        3.80   3.22 EXTREME
TLT        4.03   3.21 EXTREME
MCD        4.06   3.16 EXTREME
DKNG       4.03   3.11 EXTREME
XLF        3.97   3.09 EXTREME
XLY        3.97   3.09 EXTREME
[scanner_cross] Scanning 3 pairs (threshold: 0.05%)...
  [scanner_cross] BTC: Binance $72745.95 | OKX $72746.00 | spread +0.0001%
  [scanner_cross] BTC: Skipped (spread 0.0001% < threshold 0.05%)
  [scanner_cross] ETH: Binance $2127.71 | OKX $2127.65 | spread -0.0028%
  [scanner_cross] ETH: Skipped (spread 0.0028% < threshold 0.05%)
  [scanner_cross] SOL: Binance $90.94 | OKX $90.94 | spread +0.0000%
  [scanner_cross] SOL: Skipped (spread 0.0000% < threshold 0.05%)
📡 Scanning P2P markets across LATAM...
  [scanner_p2p] Scanning USDT/MXN...
  [scanner_p2p] USDT/MXN: Buy $17.6440 | Spread -0.215% | Depth 47004 USDT | Logged
  [scanner_p2p] Scanning USDT/COP...
  [scanner_p2p] USDT/COP: Buy $3733.7480 | Spread +0.331% | Depth 15912 USDT | Logged
  [scanner_p2p] Scanning USDT/VES...
  [scanner_p2p] USDT/VES: Buy $624.9440 | Spread -9.507% | Depth 107339 USDT | Logged
  [scanner_p2p] Scanning USDT/ARS...
  [scanner_p2p] USDT/ARS: Buy $1459.7540 | Spread +0.340% | Depth 3540 USDT | Logged
📡 P2P scan complete: 4/4 pairs successful
[scanner_basis] Scanning BTCUSDT...
  [scanner_basis] Spot: $72738.69 | Futures: $72707.70 | Basis: -0.0426%
  [scanner_basis] Logged (basis 0.0426% >= threshold 0.02%)
✅ DB inicializada: storage/batman.db

🦇 RISK SCORES TOP 10
SYM       VOL_Z   RISK REGIME
-----------------------------------
KO         4.01   3.58 EXTREME
DAL        3.97   3.45 EXTREME
UAL        3.32   3.37 EXTREME
PEP        4.13   3.33 EXTREME
XLP        3.80   3.22 EXTREME
TLT        4.03   3.21 EXTREME
MCD        4.06   3.16 EXTREME
DKNG       4.03   3.11 EXTREME
XLF        3.97   3.09 EXTREME
XLY        3.97   3.09 EXTREME
[scanner_cross] Scanning 3 pairs (threshold: 0.05%)...
  [scanner_cross] BTC: Binance $72719.27 | OKX $72715.70 | spread -0.0049%
  [scanner_cross] BTC: Skipped (spread 0.0049% < threshold 0.05%)
  [scanner_cross] ETH: Binance $2127.83 | OKX $2127.93 | spread +0.0047%
  [scanner_cross] ETH: Skipped (spread 0.0047% < threshold 0.05%)
  [scanner_cross] SOL: Binance $91.04 | OKX $91.05 | spread +0.0110%
  [scanner_cross] SOL: Skipped (spread 0.0110% < threshold 0.05%)
📡 Scanning P2P markets across LATAM...
  [scanner_p2p] Scanning USDT/MXN...
  [scanner_p2p] USDT/MXN: Buy $17.6440 | Spread -0.260% | Depth 33108 USDT | Logged
  [scanner_p2p] Scanning USDT/COP...
  [scanner_p2p] USDT/COP: Buy $3735.5980 | Spread +0.354% | Depth 31089 USDT | Logged
  [scanner_p2p] Scanning USDT/VES...
  [scanner_p2p] USDT/VES: Buy $626.8994 | Spread -9.384% | Depth 32647 USDT | Logged
  [scanner_p2p] Scanning USDT/ARS...
  [scanner_p2p] USDT/ARS: Buy $1459.7080 | Spread +0.346% | Depth 2543 USDT | Logged
📡 P2P scan complete: 4/4 pairs successful
[scanner_basis] Scanning BTCUSDT...
  [scanner_basis] Spot: $72743.80 | Futures: $72705.70 | Basis: -0.0524%
  [scanner_basis] Logged (basis 0.0524% >= threshold 0.02%)
✅ DB inicializada: storage/batman.db

🦇 RISK SCORES TOP 10
SYM       VOL_Z   RISK REGIME
-----------------------------------
KO         4.01   3.58 EXTREME
DAL        3.97   3.45 EXTREME
UAL        3.32   3.37 EXTREME
PEP        4.13   3.33 EXTREME
XLP        3.80   3.22 EXTREME
TLT        4.03   3.21 EXTREME
MCD        4.06   3.16 EXTREME
DKNG       4.03   3.11 EXTREME
XLF        3.97   3.09 EXTREME
XLY        3.97   3.09 EXTREME
[scanner_cross] Scanning 3 pairs (threshold: 0.05%)...
  [scanner_cross] BTC: Binance $72766.13 | OKX $72765.90 | spread -0.0003%
  [scanner_cross] BTC: Skipped (spread 0.0003% < threshold 0.05%)
  [scanner_cross] ETH: Binance $2130.00 | OKX $2130.09 | spread +0.0042%
  [scanner_cross] ETH: Skipped (spread 0.0042% < threshold 0.05%)
  [scanner_cross] SOL: Binance $91.13 | OKX $91.13 | spread +0.0000%
  [scanner_cross] SOL: Skipped (spread 0.0000% < threshold 0.05%)
📡 Scanning P2P markets across LATAM...
  [scanner_p2p] Scanning USDT/MXN...
  [scanner_p2p] USDT/MXN: Buy $17.6440 | Spread -0.226% | Depth 36654 USDT | Logged
  [scanner_p2p] Scanning USDT/COP...
  [scanner_p2p] USDT/COP: Buy $3735.3940 | Spread +0.402% | Depth 17516 USDT | Logged
  [scanner_p2p] Scanning USDT/VES...
  [scanner_p2p] USDT/VES: Buy $627.1996 | Spread -9.411% | Depth 26730 USDT | Logged
  [scanner_p2p] Scanning USDT/ARS...
  [scanner_p2p] USDT/ARS: Buy $1459.7080 | Spread +0.346% | Depth 2491 USDT | Logged
📡 P2P scan complete: 4/4 pairs successful
[scanner_basis] Scanning BTCUSDT...
  [scanner_basis] Spot: $72767.35 | Futures: $72729.80 | Basis: -0.0516%
  [scanner_basis] Logged (basis 0.0516% >= threshold 0.02%)
⚠️  Engine timeout after 600s. Killing PID 14274
✅ DB inicializada: storage/batman.db

🦇 RISK SCORES TOP 10
SYM       VOL_Z   RISK REGIME
-----------------------------------
TLT        4.03   3.21 EXTREME
HYG        3.50   2.90 STRESS
QQQ        3.19   2.37 STRESS
IWM        3.10   2.25 STRESS
DAL        0.27   0.79 NORMAL
GLD       -1.00   0.60 NORMAL
DKNG       0.11   0.37 NORMAL
[scanner_cross] Scanning 3 pairs (threshold: 0.05%)...
  [scanner_cross] BTC: Binance $72760.57 | OKX $72770.50 | spread +0.0136%
  [scanner_cross] BTC: Skipped (spread 0.0136% < threshold 0.05%)
  [scanner_cross] ETH: Binance $2127.50 | OKX $2127.81 | spread +0.0146%
  [scanner_cross] ETH: Skipped (spread 0.0146% < threshold 0.05%)
  [scanner_cross] SOL: Binance $90.73 | OKX $90.72 | spread -0.0110%
  [scanner_cross] SOL: Skipped (spread 0.0110% < threshold 0.05%)
📡 Scanning P2P markets across LATAM...
  [scanner_p2p] Scanning USDT/MXN...
  [scanner_p2p] USDT/MXN: Buy $17.6440 | Spread +0.023% | Depth 19923 USDT | Skipped (< 0.20%)
  [scanner_p2p] Scanning USDT/COP...
  [scanner_p2p] USDT/COP: Buy $3735.3980 | Spread +0.268% | Depth 13905 USDT | Logged
  [scanner_p2p] Scanning USDT/VES...
  [scanner_p2p] USDT/VES: Buy $627.8600 | Spread -9.072% | Depth 29373 USDT | Logged
  [scanner_p2p] Scanning USDT/ARS...
  [scanner_p2p] USDT/ARS: Buy $1458.9040 | Spread +0.291% | Depth 4052 USDT | Logged
📡 P2P scan complete: 4/4 pairs successful
[scanner_basis] Scanning BTCUSDT...
  [scanner_basis] Spot: $72772.12 | Futures: $72745.40 | Basis: -0.0367%
  [scanner_basis] Logged (basis 0.0367% >= threshold 0.02%)
✅ DB inicializada: storage/batman.db

🦇 RISK SCORES TOP 10
SYM       VOL_Z   RISK REGIME
-----------------------------------
KO         4.01   3.58 EXTREME
DAL        3.97   3.45 EXTREME
UAL        3.32   3.37 EXTREME
PEP        4.13   3.33 EXTREME
XLP        3.80   3.22 EXTREME
TLT        4.03   3.21 EXTREME
MCD        4.06   3.16 EXTREME
DKNG       4.03   3.11 EXTREME
XLF        3.97   3.09 EXTREME
XLY        3.97   3.09 EXTREME
[scanner_cross] Scanning 3 pairs (threshold: 0.05%)...
  [scanner_cross] BTC: Binance $72761.90 | OKX $72762.30 | spread +0.0005%
  [scanner_cross] BTC: Skipped (spread 0.0005% < threshold 0.05%)
  [scanner_cross] ETH: Binance $2127.04 | OKX $2127.17 | spread +0.0061%
  [scanner_cross] ETH: Skipped (spread 0.0061% < threshold 0.05%)
  [scanner_cross] SOL: Binance $90.66 | OKX $90.66 | spread +0.0000%
  [scanner_cross] SOL: Skipped (spread 0.0000% < threshold 0.05%)
📡 Scanning P2P markets across LATAM...
  [scanner_p2p] Scanning USDT/MXN...
  [scanner_p2p] USDT/MXN: Buy $17.6440 | Spread +0.023% | Depth 19923 USDT | Skipped (< 0.20%)
  [scanner_p2p] Scanning USDT/COP...
  [scanner_p2p] USDT/COP: Buy $3734.7980 | Spread +0.301% | Depth 13621 USDT | Logged
  [scanner_p2p] Scanning USDT/VES...
  [scanner_p2p] USDT/VES: Buy $628.0600 | Spread -9.043% | Depth 28721 USDT | Logged
  [scanner_p2p] Scanning USDT/ARS...
  [scanner_p2p] USDT/ARS: Buy $1459.2340 | Spread +0.313% | Depth 3523 USDT | Logged
📡 P2P scan complete: 4/4 pairs successful
[scanner_basis] Scanning BTCUSDT...
  [scanner_basis] Spot: $72769.00 | Futures: $72718.90 | Basis: -0.0688%
  [scanner_basis] Logged (basis 0.0688% >= threshold 0.02%)
⚠️  Engine timeout after 600s. Killing PID 15033
⚠️  Engine timeout after 600s. Killing PID 15443
✅ DB inicializada: storage/batman.db

🦇 RISK SCORES TOP 10
SYM       VOL_Z   RISK REGIME
-----------------------------------
KO         4.01   3.58 EXTREME
PEP        4.13   3.33 EXTREME
XLP        3.80   3.22 EXTREME
TLT        4.03   3.21 EXTREME
MCD        4.06   3.16 EXTREME
DKNG       4.03   3.11 EXTREME
XLF        3.97   3.09 EXTREME
XLY        3.97   3.09 EXTREME
XLE        3.88   2.98 STRESS
MAR        3.85   2.94 STRESS
[scanner_cross] Scanning 3 pairs (threshold: 0.05%)...
  [scanner_cross] BTC: Binance $72743.42 | OKX $72743.40 | spread -0.0000%
  [scanner_cross] BTC: Skipped (spread 0.0000% < threshold 0.05%)
  [scanner_cross] ETH: Binance $2130.18 | OKX $2130.14 | spread -0.0019%
  [scanner_cross] ETH: Skipped (spread 0.0019% < threshold 0.05%)
  [scanner_cross] SOL: Binance $90.30 | OKX $90.28 | spread -0.0221%
  [scanner_cross] SOL: Skipped (spread 0.0221% < threshold 0.05%)
📡 Scanning P2P markets across LATAM...
  [scanner_p2p] Scanning USDT/MXN...
  [scanner_p2p] Error fetching USDT/MXN BUY: HTTPSConnectionPool(host='p2p.binance.com', port=443): Read timed out. (read timeout=10)
  [scanner_p2p] USDT/MXN: No data available
  [scanner_p2p] Scanning USDT/COP...
  [scanner_p2p] Error fetching USDT/COP SELL: HTTPSConnectionPool(host='p2p.binance.com', port=443): Read timed out. (read timeout=10)
  [scanner_p2p] USDT/COP: No data available
  [scanner_p2p] Scanning USDT/VES...
  [scanner_p2p] USDT/VES: Buy $629.4000 | Spread -8.829% | Depth 198268 USDT | Logged
  [scanner_p2p] Scanning USDT/ARS...
  [scanner_p2p] USDT/ARS: Buy $1459.4500 | Spread +0.220% | Depth 1103 USDT | Logged
📡 P2P scan complete: 2/4 pairs successful
[scanner_basis] Scanning BTCUSDT...
  [scanner_basis] Spot: $72724.78 | Futures: $72697.20 | Basis: -0.0379%
  [scanner_basis] Logged (basis 0.0379% >= threshold 0.02%)
✅ DB inicializada: storage/batman.db

🦇 RISK SCORES TOP 10
SYM       VOL_Z   RISK REGIME
-----------------------------------
UAL        3.32   3.37 EXTREME
XLP        3.80   3.22 EXTREME
TLT        4.03   3.21 EXTREME
MCD        4.06   3.16 EXTREME
XLF        3.97   3.09 EXTREME
XLY        3.97   3.09 EXTREME
FOXA       3.97   3.09 EXTREME
XLE        3.88   2.98 STRESS
MAR        3.85   2.94 STRESS
HYG        3.50   2.90 STRESS
[scanner_cross] Scanning 3 pairs (threshold: 0.05%)...
  [scanner_cross] BTC: Binance $72850.00 | OKX $72839.40 | spread -0.0146%
  [scanner_cross] BTC: Skipped (spread 0.0146% < threshold 0.05%)
  [scanner_cross] ETH: Binance $2132.90 | OKX $2133.07 | spread +0.0080%
  [scanner_cross] ETH: Skipped (spread 0.0080% < threshold 0.05%)
  [scanner_cross] SOL: Binance $90.45 | OKX $90.43 | spread -0.0221%
  [scanner_cross] SOL: Skipped (spread 0.0221% < threshold 0.05%)
📡 Scanning P2P markets across LATAM...
  [scanner_p2p] Scanning USDT/MXN...
  [scanner_p2p] USDT/MXN: Buy $17.6480 | Spread -0.147% | Depth 19604 USDT | Skipped (< 0.20%)
  [scanner_p2p] Scanning USDT/COP...
  [scanner_p2p] USDT/COP: Buy $3736.5860 | Spread +0.370% | Depth 7332 USDT | Logged
  [scanner_p2p] Scanning USDT/VES...
  [scanner_p2p] USDT/VES: Buy $629.4420 | Spread -8.873% | Depth 199084 USDT | Logged
  [scanner_p2p] Scanning USDT/ARS...
  [scanner_p2p] USDT/ARS: Buy $1459.1940 | Spread +0.204% | Depth 990 USDT | Logged
📡 P2P scan complete: 4/4 pairs successful
[scanner_basis] Scanning BTCUSDT...
  [scanner_basis] Spot: $72841.01 | Futures: $72810.30 | Basis: -0.0422%
  [scanner_basis] Logged (basis 0.0422% >= threshold 0.02%)
✅ DB inicializada: storage/batman.db

🦇 RISK SCORES TOP 10
SYM       VOL_Z   RISK REGIME
-----------------------------------
KO         4.01   3.58 EXTREME
DAL        3.97   3.45 EXTREME
UAL        3.32   3.37 EXTREME
PEP        4.13   3.33 EXTREME
XLP        3.80   3.22 EXTREME
TLT        4.03   3.21 EXTREME
MCD        4.06   3.16 EXTREME
DKNG       4.03   3.11 EXTREME
XLF        3.97   3.09 EXTREME
XLY        3.97   3.09 EXTREME
[scanner_cross] Scanning 3 pairs (threshold: 0.05%)...
  [scanner_cross] BTC: Binance $72540.41 | OKX $72542.90 | spread +0.0034%
  [scanner_cross] BTC: Skipped (spread 0.0034% < threshold 0.05%)
  [scanner_cross] ETH: Binance $2120.08 | OKX $2119.94 | spread -0.0066%
  [scanner_cross] ETH: Skipped (spread 0.0066% < threshold 0.05%)
  [scanner_cross] SOL: Binance $90.24 | OKX $90.23 | spread -0.0111%
  [scanner_cross] SOL: Skipped (spread 0.0111% < threshold 0.05%)
📡 Scanning P2P markets across LATAM...
  [scanner_p2p] Scanning USDT/MXN...
  [scanner_p2p] USDT/MXN: Buy $17.6500 | Spread -0.079% | Depth 16730 USDT | Skipped (< 0.20%)
  [scanner_p2p] Scanning USDT/COP...
  [scanner_p2p] USDT/COP: Buy $3736.5860 | Spread +0.389% | Depth 7021 USDT | Logged
  [scanner_p2p] Scanning USDT/VES...
  [scanner_p2p] USDT/VES: Buy $629.6198 | Spread -8.898% | Depth 207859 USDT | Logged
  [scanner_p2p] Scanning USDT/ARS...
  [scanner_p2p] USDT/ARS: Buy $1458.9660 | Spread +0.180% | Depth 740 USDT | Skipped (< 0.20%)
📡 P2P scan complete: 4/4 pairs successful
[scanner_basis] Scanning BTCUSDT...
  [scanner_basis] Spot: $72535.02 | Futures: $72516.40 | Basis: -0.0257%
  [scanner_basis] Logged (basis 0.0257% >= threshold 0.02%)
✅ DB inicializada: storage/batman.db

🦇 RISK SCORES TOP 10
SYM       VOL_Z   RISK REGIME
-----------------------------------
KO         4.01   3.58 EXTREME
DAL        3.97   3.45 EXTREME
UAL        3.32   3.37 EXTREME
PEP        4.13   3.33 EXTREME
XLP        3.80   3.22 EXTREME
TLT        4.03   3.21 EXTREME
MCD        4.06   3.16 EXTREME
DKNG       4.03   3.11 EXTREME
XLF        3.97   3.09 EXTREME
XLY        3.97   3.09 EXTREME
[scanner_cross] Scanning 3 pairs (threshold: 0.05%)...
  [scanner_cross] BTC: Binance $72469.47 | OKX $72474.90 | spread +0.0075%
  [scanner_cross] BTC: Skipped (spread 0.0075% < threshold 0.05%)
  [scanner_cross] ETH: Binance $2118.39 | OKX $2118.34 | spread -0.0024%
  [scanner_cross] ETH: Skipped (spread 0.0024% < threshold 0.05%)
  [scanner_cross] SOL: Binance $90.15 | OKX $90.18 | spread +0.0333%
  [scanner_cross] SOL: Skipped (spread 0.0333% < threshold 0.05%)
📡 Scanning P2P markets across LATAM...
  [scanner_p2p] Scanning USDT/MXN...
  [scanner_p2p] USDT/MXN: Buy $17.6500 | Spread -0.079% | Depth 16730 USDT | Skipped (< 0.20%)
  [scanner_p2p] Scanning USDT/COP...
  [scanner_p2p] USDT/COP: Buy $3736.5460 | Spread +0.398% | Depth 7614 USDT | Logged
  [scanner_p2p] Scanning USDT/VES...
  [scanner_p2p] USDT/VES: Buy $629.6198 | Spread -8.898% | Depth 207078 USDT | Logged
  [scanner_p2p] Scanning USDT/ARS...
  [scanner_p2p] USDT/ARS: Buy $1458.9660 | Spread +0.180% | Depth 740 USDT | Skipped (< 0.20%)
📡 P2P scan complete: 4/4 pairs successful
[scanner_basis] Scanning BTCUSDT...
  [scanner_basis] Spot: $72441.62 | Futures: $72424.90 | Basis: -0.0231%
  [scanner_basis] Logged (basis 0.0231% >= threshold 0.02%)
✅ DB inicializada: storage/batman.db

🦇 RISK SCORES TOP 10
SYM       VOL_Z   RISK REGIME
-----------------------------------
KO         4.01   3.58 EXTREME
DAL        3.97   3.45 EXTREME
UAL        3.32   3.37 EXTREME
PEP        4.13   3.33 EXTREME
XLP        3.80   3.22 EXTREME
TLT        4.03   3.21 EXTREME
MCD        4.06   3.16 EXTREME
DKNG       4.03   3.11 EXTREME
XLF        3.97   3.09 EXTREME
XLY        3.97   3.09 EXTREME
[scanner_cross] Scanning 3 pairs (threshold: 0.05%)...
  [scanner_cross] BTC: Binance $72497.67 | OKX $72497.30 | spread -0.0005%
  [scanner_cross] BTC: Skipped (spread 0.0005% < threshold 0.05%)
  [scanner_cross] ETH: Binance $2121.46 | OKX $2121.45 | spread -0.0005%
  [scanner_cross] ETH: Skipped (spread 0.0005% < threshold 0.05%)
  [scanner_cross] SOL: Binance $90.28 | OKX $90.27 | spread -0.0111%
  [scanner_cross] SOL: Skipped (spread 0.0111% < threshold 0.05%)
📡 Scanning P2P markets across LATAM...
  [scanner_p2p] Scanning USDT/MXN...
  [scanner_p2p] USDT/MXN: Buy $17.6580 | Spread -0.091% | Depth 16387 USDT | Skipped (< 0.20%)
  [scanner_p2p] Scanning USDT/COP...
  [scanner_p2p] USDT/COP: Buy $3737.3460 | Spread +0.398% | Depth 4269 USDT | Logged
  [scanner_p2p] Scanning USDT/VES...
  [scanner_p2p] USDT/VES: Buy $630.0598 | Spread -8.833% | Depth 190701 USDT | Logged
  [scanner_p2p] Scanning USDT/ARS...
  [scanner_p2p] USDT/ARS: Buy $1459.3280 | Spread +0.210% | Depth 890 USDT | Logged
📡 P2P scan complete: 4/4 pairs successful
[scanner_basis] Scanning BTCUSDT...
  [scanner_basis] Spot: $72522.37 | Futures: $72470.60 | Basis: -0.0714%
  [scanner_basis] Logged (basis 0.0714% >= threshold 0.02%)
✅ DB inicializada: storage/batman.db

🦇 RISK SCORES TOP 10
SYM       VOL_Z   RISK REGIME
-----------------------------------
KO         4.01   3.58 EXTREME
DAL        3.97   3.45 EXTREME
UAL        3.32   3.37 EXTREME
PEP        4.13   3.33 EXTREME
XLP        3.80   3.22 EXTREME
TLT        4.03   3.21 EXTREME
MCD        4.06   3.16 EXTREME
DKNG       4.03   3.11 EXTREME
XLF        3.97   3.09 EXTREME
XLY        3.97   3.09 EXTREME
[scanner_cross] Scanning 3 pairs (threshold: 0.05%)...
  [scanner_cross] BTC: Binance $72553.65 | OKX $72551.10 | spread -0.0035%
  [scanner_cross] BTC: Skipped (spread 0.0035% < threshold 0.05%)
  [scanner_cross] ETH: Binance $2123.49 | OKX $2123.50 | spread +0.0005%
  [scanner_cross] ETH: Skipped (spread 0.0005% < threshold 0.05%)
  [scanner_cross] SOL: Binance $90.32 | OKX $90.33 | spread +0.0111%
  [scanner_cross] SOL: Skipped (spread 0.0111% < threshold 0.05%)
📡 Scanning P2P markets across LATAM...
  [scanner_p2p] Scanning USDT/MXN...
  [scanner_p2p] USDT/MXN: Buy $17.6580 | Spread -0.091% | Depth 16333 USDT | Skipped (< 0.20%)
  [scanner_p2p] Scanning USDT/COP...
  [scanner_p2p] USDT/COP: Buy $3737.3460 | Spread +0.398% | Depth 4269 USDT | Logged
  [scanner_p2p] Scanning USDT/VES...
  [scanner_p2p] USDT/VES: Buy $630.0598 | Spread -8.833% | Depth 190701 USDT | Logged
  [scanner_p2p] Scanning USDT/ARS...
  [scanner_p2p] USDT/ARS: Buy $1459.3280 | Spread +0.210% | Depth 876 USDT | Logged
📡 P2P scan complete: 4/4 pairs successful
[scanner_basis] Scanning BTCUSDT...
  [scanner_basis] Spot: $72567.09 | Futures: $72518.00 | Basis: -0.0676%
  [scanner_basis] Logged (basis 0.0676% >= threshold 0.02%)
✅ DB inicializada: storage/batman.db

🦇 RISK SCORES TOP 10
SYM       VOL_Z   RISK REGIME
-----------------------------------
KO         4.01   3.58 EXTREME
DAL        3.97   3.45 EXTREME
UAL        3.32   3.37 EXTREME
PEP        4.13   3.33 EXTREME
XLP        3.80   3.22 EXTREME
TLT        4.03   3.21 EXTREME
MCD        4.06   3.16 EXTREME
DKNG       4.03   3.11 EXTREME
XLF        3.97   3.09 EXTREME
XLY        3.97   3.09 EXTREME
[scanner_cross] Scanning 3 pairs (threshold: 0.05%)...
  [scanner_cross] BTC: Binance $72676.52 | OKX $72676.00 | spread -0.0007%
  [scanner_cross] BTC: Skipped (spread 0.0007% < threshold 0.05%)
  [scanner_cross] ETH: Binance $2124.24 | OKX $2124.33 | spread +0.0042%
  [scanner_cross] ETH: Skipped (spread 0.0042% < threshold 0.05%)
  [scanner_cross] SOL: Binance $90.45 | OKX $90.45 | spread +0.0000%
  [scanner_cross] SOL: Skipped (spread 0.0000% < threshold 0.05%)
📡 Scanning P2P markets across LATAM...
  [scanner_p2p] Scanning USDT/MXN...
  [scanner_p2p] USDT/MXN: Buy $17.6640 | Spread -0.113% | Depth 12612 USDT | Skipped (< 0.20%)
  [scanner_p2p] Scanning USDT/COP...
  [scanner_p2p] USDT/COP: Buy $3736.7840 | Spread +0.443% | Depth 14339 USDT | Logged
  [scanner_p2p] Scanning USDT/VES...
  [scanner_p2p] USDT/VES: Buy $629.7998 | Spread -8.819% | Depth 186986 USDT | Logged
  [scanner_p2p] Scanning USDT/ARS...
  [scanner_p2p] USDT/ARS: Buy $1459.4740 | Spread +0.246% | Depth 1174 USDT | Logged
📡 P2P scan complete: 4/4 pairs successful
[scanner_basis] Scanning BTCUSDT...
  [scanner_basis] Spot: $72730.83 | Futures: $72643.70 | Basis: -0.1198%
  [scanner_basis] Logged (basis 0.1198% >= threshold 0.02%)
✅ DB inicializada: storage/batman.db

🦇 RISK SCORES TOP 10
SYM       VOL_Z   RISK REGIME
-----------------------------------
KO         4.01   3.58 EXTREME
DAL        3.97   3.45 EXTREME
UAL        3.32   3.37 EXTREME
PEP        4.13   3.33 EXTREME
XLP        3.80   3.22 EXTREME
TLT        4.03   3.21 EXTREME
MCD        4.06   3.16 EXTREME
DKNG       4.03   3.11 EXTREME
XLF        3.97   3.09 EXTREME
XLY        3.97   3.09 EXTREME
[scanner_cross] Scanning 3 pairs (threshold: 0.05%)...
  [scanner_cross] BTC: Binance $72730.48 | OKX $72746.50 | spread +0.0220%
  [scanner_cross] BTC: Skipped (spread 0.0220% < threshold 0.05%)
  [scanner_cross] ETH: Binance $2125.56 | OKX $2125.74 | spread +0.0085%
  [scanner_cross] ETH: Skipped (spread 0.0085% < threshold 0.05%)
  [scanner_cross] SOL: Binance $90.48 | OKX $90.49 | spread +0.0111%
  [scanner_cross] SOL: Skipped (spread 0.0111% < threshold 0.05%)
📡 Scanning P2P markets across LATAM...
  [scanner_p2p] Scanning USDT/MXN...
  [scanner_p2p] USDT/MXN: Buy $17.6640 | Spread -0.113% | Depth 12612 USDT | Skipped (< 0.20%)
  [scanner_p2p] Scanning USDT/COP...
  [scanner_p2p] USDT/COP: Buy $3737.5800 | Spread +0.465% | Depth 24333 USDT | Logged
  [scanner_p2p] Scanning USDT/VES...
  [scanner_p2p] USDT/VES: Buy $629.9598 | Spread -8.789% | Depth 167745 USDT | Logged
  [scanner_p2p] Scanning USDT/ARS...
  [scanner_p2p] USDT/ARS: Buy $1459.4740 | Spread +0.246% | Depth 1118 USDT | Logged
📡 P2P scan complete: 4/4 pairs successful
[scanner_basis] Scanning BTCUSDT...
  [scanner_basis] Spot: $72710.05 | Futures: $72690.00 | Basis: -0.0276%
  [scanner_basis] Logged (basis 0.0276% >= threshold 0.02%)
✅ DB inicializada: storage/batman.db

🦇 RISK SCORES TOP 10
SYM       VOL_Z   RISK REGIME
-----------------------------------
KO         4.01   3.58 EXTREME
DAL        3.97   3.45 EXTREME
UAL        3.32   3.37 EXTREME
PEP        4.13   3.33 EXTREME
XLP        3.80   3.22 EXTREME
TLT        4.03   3.21 EXTREME
MCD        4.06   3.16 EXTREME
DKNG       4.03   3.11 EXTREME
XLF        3.97   3.09 EXTREME
XLY        3.97   3.09 EXTREME
[scanner_cross] Scanning 3 pairs (threshold: 0.05%)...
  [scanner_cross] BTC: Binance $72636.87 | OKX $72644.10 | spread +0.0100%
  [scanner_cross] BTC: Skipped (spread 0.0100% < threshold 0.05%)
  [scanner_cross] ETH: Binance $2118.78 | OKX $2118.92 | spread +0.0066%
  [scanner_cross] ETH: Skipped (spread 0.0066% < threshold 0.05%)
  [scanner_cross] SOL: Binance $90.23 | OKX $90.26 | spread +0.0332%
  [scanner_cross] SOL: Skipped (spread 0.0332% < threshold 0.05%)
📡 Scanning P2P markets across LATAM...
  [scanner_p2p] Scanning USDT/MXN...
  [scanner_p2p] USDT/MXN: Buy $17.6760 | Spread -0.057% | Depth 11939 USDT | Skipped (< 0.20%)
  [scanner_p2p] Scanning USDT/COP...
  [scanner_p2p] USDT/COP: Buy $3737.8820 | Spread +0.410% | Depth 38705 USDT | Logged
  [scanner_p2p] Scanning USDT/VES...
  [scanner_p2p] USDT/VES: Buy $629.4224 | Spread -8.892% | Depth 186446 USDT | Logged
  [scanner_p2p] Scanning USDT/ARS...
  [scanner_p2p] USDT/ARS: Buy $1459.6300 | Spread +0.236% | Depth 940 USDT | Logged
📡 P2P scan complete: 4/4 pairs successful
[scanner_basis] Scanning BTCUSDT...
  [scanner_basis] Spot: $72615.54 | Futures: $72600.20 | Basis: -0.0211%
  [scanner_basis] Logged (basis 0.0211% >= threshold 0.02%)
✅ DB inicializada: storage/batman.db

🦇 RISK SCORES TOP 10
SYM       VOL_Z   RISK REGIME
-----------------------------------
KO         4.01   3.58 EXTREME
DAL        3.97   3.45 EXTREME
UAL        3.32   3.37 EXTREME
PEP        4.13   3.33 EXTREME
XLP        3.80   3.22 EXTREME
TLT        4.03   3.21 EXTREME
MCD        4.06   3.16 EXTREME
DKNG       4.03   3.11 EXTREME
XLF        3.97   3.09 EXTREME
XLY        3.97   3.09 EXTREME
[scanner_cross] Scanning 3 pairs (threshold: 0.05%)...
  [scanner_cross] BTC: Binance $72615.52 | OKX $72620.10 | spread +0.0063%
  [scanner_cross] BTC: Skipped (spread 0.0063% < threshold 0.05%)
  [scanner_cross] ETH: Binance $2117.78 | OKX $2117.89 | spread +0.0052%
  [scanner_cross] ETH: Skipped (spread 0.0052% < threshold 0.05%)
  [scanner_cross] SOL: Binance $90.20 | OKX $90.20 | spread +0.0000%
  [scanner_cross] SOL: Skipped (spread 0.0000% < threshold 0.05%)
📡 Scanning P2P markets across LATAM...
  [scanner_p2p] Scanning USDT/MXN...
  [scanner_p2p] USDT/MXN: Buy $17.6760 | Spread -0.068% | Depth 11635 USDT | Skipped (< 0.20%)
  [scanner_p2p] Scanning USDT/COP...
  [scanner_p2p] USDT/COP: Buy $3737.8820 | Spread +0.493% | Depth 49530 USDT | Logged
  [scanner_p2p] Scanning USDT/VES...
  [scanner_p2p] USDT/VES: Buy $629.4224 | Spread -8.892% | Depth 186446 USDT | Logged
  [scanner_p2p] Scanning USDT/ARS...
  [scanner_p2p] USDT/ARS: Buy $1459.6300 | Spread +0.231% | Depth 1180 USDT | Logged
📡 P2P scan complete: 4/4 pairs successful
[scanner_basis] Scanning BTCUSDT...
  [scanner_basis] Spot: $72610.67 | Futures: $72577.90 | Basis: -0.0451%
  [scanner_basis] Logged (basis 0.0451% >= threshold 0.02%)
✅ DB inicializada: storage/batman.db

🦇 RISK SCORES TOP 10
SYM       VOL_Z   RISK REGIME
-----------------------------------
KO         4.01   3.58 EXTREME
DAL        3.97   3.45 EXTREME
UAL        3.32   3.37 EXTREME
PEP        4.13   3.33 EXTREME
XLP        3.80   3.22 EXTREME
TLT        4.03   3.21 EXTREME
MCD        4.06   3.16 EXTREME
DKNG       4.03   3.11 EXTREME
XLF        3.97   3.09 EXTREME
XLY        3.97   3.09 EXTREME
[scanner_cross] Scanning 3 pairs (threshold: 0.05%)...
  [scanner_cross] BTC: Binance $72350.50 | OKX $72359.00 | spread +0.0117%
  [scanner_cross] BTC: Skipped (spread 0.0117% < threshold 0.05%)
  [scanner_cross] ETH: Binance $2109.71 | OKX $2109.84 | spread +0.0062%
  [scanner_cross] ETH: Skipped (spread 0.0062% < threshold 0.05%)
  [scanner_cross] SOL: Binance $89.76 | OKX $89.78 | spread +0.0223%
  [scanner_cross] SOL: Skipped (spread 0.0223% < threshold 0.05%)
📡 Scanning P2P markets across LATAM...
  [scanner_p2p] Scanning USDT/MXN...
  [scanner_p2p] USDT/MXN: Buy $17.6760 | Spread +0.159% | Depth 20855 USDT | Skipped (< 0.20%)
  [scanner_p2p] Scanning USDT/COP...
  [scanner_p2p] USDT/COP: Buy $3736.9880 | Spread +0.428% | Depth 22174 USDT | Logged
  [scanner_p2p] Scanning USDT/VES...
  [scanner_p2p] USDT/VES: Buy $629.5000 | Spread -8.881% | Depth 183691 USDT | Logged
  [scanner_p2p] Scanning USDT/ARS...
  [scanner_p2p] USDT/ARS: Buy $1459.7520 | Spread +0.276% | Depth 2280 USDT | Logged
📡 P2P scan complete: 4/4 pairs successful
[scanner_basis] Scanning BTCUSDT...
  [scanner_basis] Spot: $72350.50 | Futures: $72318.50 | Basis: -0.0442%
  [scanner_basis] Logged (basis 0.0442% >= threshold 0.02%)
✅ DB inicializada: storage/batman.db

🦇 RISK SCORES TOP 10
SYM       VOL_Z   RISK REGIME
-----------------------------------
KO         4.01   3.58 EXTREME
DAL        3.97   3.45 EXTREME
UAL        3.32   3.37 EXTREME
PEP        4.13   3.33 EXTREME
XLP        3.80   3.22 EXTREME
TLT        4.03   3.21 EXTREME
MCD        4.06   3.16 EXTREME
DKNG       4.03   3.11 EXTREME
XLF        3.97   3.09 EXTREME
XLY        3.97   3.09 EXTREME
[scanner_cross] Scanning 3 pairs (threshold: 0.05%)...
  [scanner_cross] BTC: Binance $72406.64 | OKX $72412.00 | spread +0.0074%
  [scanner_cross] BTC: Skipped (spread 0.0074% < threshold 0.05%)
  [scanner_cross] ETH: Binance $2112.31 | OKX $2112.11 | spread -0.0095%
  [scanner_cross] ETH: Skipped (spread 0.0095% < threshold 0.05%)
  [scanner_cross] SOL: Binance $89.83 | OKX $89.82 | spread -0.0111%
  [scanner_cross] SOL: Skipped (spread 0.0111% < threshold 0.05%)
📡 Scanning P2P markets across LATAM...
  [scanner_p2p] Scanning USDT/MXN...
  [scanner_p2p] USDT/MXN: Buy $17.6760 | Spread +0.159% | Depth 20845 USDT | Skipped (< 0.20%)
  [scanner_p2p] Scanning USDT/COP...
  [scanner_p2p] USDT/COP: Buy $3736.9880 | Spread +0.424% | Depth 22139 USDT | Logged
  [scanner_p2p] Scanning USDT/VES...
  [scanner_p2p] USDT/VES: Buy $629.9600 | Spread -8.814% | Depth 183549 USDT | Logged
  [scanner_p2p] Scanning USDT/ARS...
  [scanner_p2p] USDT/ARS: Buy $1459.7520 | Spread +0.276% | Depth 2210 USDT | Logged
📡 P2P scan complete: 4/4 pairs successful
[scanner_basis] Scanning BTCUSDT...
  [scanner_basis] Spot: $72419.00 | Futures: $72389.70 | Basis: -0.0405%
  [scanner_basis] Logged (basis 0.0405% >= threshold 0.02%)
✅ DB inicializada: storage/batman.db

🦇 RISK SCORES TOP 10
SYM       VOL_Z   RISK REGIME
-----------------------------------
KO         4.01   3.58 EXTREME
DAL        3.97   3.45 EXTREME
UAL        3.32   3.37 EXTREME
PEP        4.13   3.33 EXTREME
XLP        3.80   3.22 EXTREME
TLT        4.03   3.21 EXTREME
MCD        4.06   3.16 EXTREME
DKNG       4.03   3.11 EXTREME
XLF        3.97   3.09 EXTREME
XLY        3.97   3.09 EXTREME
[scanner_cross] Scanning 3 pairs (threshold: 0.05%)...
  [scanner_cross] BTC: Binance $72532.03 | OKX $72527.00 | spread -0.0069%
  [scanner_cross] BTC: Skipped (spread 0.0069% < threshold 0.05%)
  [scanner_cross] ETH: Binance $2120.52 | OKX $2120.64 | spread +0.0057%
  [scanner_cross] ETH: Skipped (spread 0.0057% < threshold 0.05%)
  [scanner_cross] SOL: Binance $90.11 | OKX $90.12 | spread +0.0111%
  [scanner_cross] SOL: Skipped (spread 0.0111% < threshold 0.05%)
📡 Scanning P2P markets across LATAM...
  [scanner_p2p] Scanning USDT/MXN...
  [scanner_p2p] USDT/MXN: Buy $17.6760 | Spread +0.170% | Depth 20303 USDT | Skipped (< 0.20%)
  [scanner_p2p] Scanning USDT/COP...
  [scanner_p2p] USDT/COP: Buy $3736.3680 | Spread +0.408% | Depth 8019 USDT | Logged
  [scanner_p2p] Scanning USDT/VES...
  [scanner_p2p] USDT/VES: Buy $630.1000 | Spread -8.660% | Depth 45809 USDT | Logged
  [scanner_p2p] Scanning USDT/ARS...
  [scanner_p2p] USDT/ARS: Buy $1459.8100 | Spread +0.151% | Depth 941 USDT | Skipped (< 0.20%)
📡 P2P scan complete: 4/4 pairs successful
[scanner_basis] Scanning BTCUSDT...
  [scanner_basis] Spot: $72526.37 | Futures: $72493.20 | Basis: -0.0457%
  [scanner_basis] Logged (basis 0.0457% >= threshold 0.02%)
✅ DB inicializada: storage/batman.db

🦇 RISK SCORES TOP 10
SYM       VOL_Z   RISK REGIME
-----------------------------------
KO         4.01   3.58 EXTREME
DAL        3.97   3.45 EXTREME
UAL        3.32   3.37 EXTREME
PEP        4.13   3.33 EXTREME
XLP        3.80   3.22 EXTREME
TLT        4.03   3.21 EXTREME
MCD        4.06   3.16 EXTREME
DKNG       4.03   3.11 EXTREME
XLF        3.97   3.09 EXTREME
XLY        3.97   3.09 EXTREME
[scanner_cross] Scanning 3 pairs (threshold: 0.05%)...
  [scanner_cross] BTC: Binance $72526.58 | OKX $72528.60 | spread +0.0028%
  [scanner_cross] BTC: Skipped (spread 0.0028% < threshold 0.05%)
  [scanner_cross] ETH: Binance $2120.89 | OKX $2121.01 | spread +0.0057%
  [scanner_cross] ETH: Skipped (spread 0.0057% < threshold 0.05%)
  [scanner_cross] SOL: Binance $90.08 | OKX $90.09 | spread +0.0111%
  [scanner_cross] SOL: Skipped (spread 0.0111% < threshold 0.05%)
📡 Scanning P2P markets across LATAM...
  [scanner_p2p] Scanning USDT/MXN...
  [scanner_p2p] USDT/MXN: Buy $17.6760 | Spread +0.193% | Depth 20292 USDT | Skipped (< 0.20%)
  [scanner_p2p] Scanning USDT/COP...
  [scanner_p2p] USDT/COP: Buy $3736.5480 | Spread +0.443% | Depth 15311 USDT | Logged
  [scanner_p2p] Scanning USDT/VES...
  [scanner_p2p] USDT/VES: Buy $630.1000 | Spread -8.660% | Depth 45809 USDT | Logged
  [scanner_p2p] Scanning USDT/ARS...
  [scanner_p2p] USDT/ARS: Buy $1459.9080 | Spread +0.158% | Depth 1207 USDT | Skipped (< 0.20%)
📡 P2P scan complete: 4/4 pairs successful
[scanner_basis] Scanning BTCUSDT...
  [scanner_basis] Spot: $72534.27 | Futures: $72504.20 | Basis: -0.0415%
  [scanner_basis] Logged (basis 0.0415% >= threshold 0.02%)
✅ DB inicializada: storage/batman.db

🦇 RISK SCORES TOP 10
SYM       VOL_Z   RISK REGIME
-----------------------------------
KO         4.01   3.58 EXTREME
DAL        3.97   3.45 EXTREME
UAL        3.32   3.37 EXTREME
PEP        4.13   3.33 EXTREME
XLP        3.80   3.22 EXTREME
TLT        4.03   3.21 EXTREME
MCD        4.06   3.16 EXTREME
DKNG       4.03   3.11 EXTREME
XLF        3.97   3.09 EXTREME
XLY        3.97   3.09 EXTREME
[scanner_cross] Scanning 3 pairs (threshold: 0.05%)...
  [scanner_cross] BTC: Binance $72690.20 | OKX $72696.00 | spread +0.0080%
  [scanner_cross] BTC: Skipped (spread 0.0080% < threshold 0.05%)
  [scanner_cross] ETH: Binance $2127.78 | OKX $2128.10 | spread +0.0150%
  [scanner_cross] ETH: Skipped (spread 0.0150% < threshold 0.05%)
  [scanner_cross] SOL: Binance $90.28 | OKX $90.29 | spread +0.0111%
  [scanner_cross] SOL: Skipped (spread 0.0111% < threshold 0.05%)
📡 Scanning P2P markets across LATAM...
  [scanner_p2p] Scanning USDT/MXN...
  [scanner_p2p] USDT/MXN: Buy $17.6760 | Spread +0.272% | Depth 19059 USDT | Logged
  [scanner_p2p] Scanning USDT/COP...
  [scanner_p2p] USDT/COP: Buy $3736.2840 | Spread +0.434% | Depth 36168 USDT | Logged
  [scanner_p2p] Scanning USDT/VES...
  [scanner_p2p] USDT/VES: Buy $630.0048 | Spread -8.552% | Depth 49861 USDT | Logged
  [scanner_p2p] Scanning USDT/ARS...
  [scanner_p2p] USDT/ARS: Buy $1459.9380 | Spread +0.183% | Depth 3818 USDT | Skipped (< 0.20%)
📡 P2P scan complete: 4/4 pairs successful
[scanner_basis] Scanning BTCUSDT...
  [scanner_basis] Spot: $72685.73 | Futures: $72648.10 | Basis: -0.0518%
  [scanner_basis] Logged (basis 0.0518% >= threshold 0.02%)
✅ DB inicializada: storage/batman.db

🦇 RISK SCORES TOP 10
SYM       VOL_Z   RISK REGIME
-----------------------------------
KO         4.01   3.58 EXTREME
DAL        3.97   3.45 EXTREME
UAL        3.32   3.37 EXTREME
PEP        4.13   3.33 EXTREME
XLP        3.80   3.22 EXTREME
TLT        4.03   3.21 EXTREME
MCD        4.06   3.16 EXTREME
DKNG       4.03   3.11 EXTREME
XLF        3.97   3.09 EXTREME
XLY        3.97   3.09 EXTREME
[scanner_cross] Scanning 3 pairs (threshold: 0.05%)...
  [scanner_cross] BTC: Binance $72694.78 | OKX $72699.70 | spread +0.0068%
  [scanner_cross] BTC: Skipped (spread 0.0068% < threshold 0.05%)
  [scanner_cross] ETH: Binance $2128.07 | OKX $2128.64 | spread +0.0268%
  [scanner_cross] ETH: Skipped (spread 0.0268% < threshold 0.05%)
  [scanner_cross] SOL: Binance $90.29 | OKX $90.29 | spread +0.0000%
  [scanner_cross] SOL: Skipped (spread 0.0000% < threshold 0.05%)
📡 Scanning P2P markets across LATAM...
  [scanner_p2p] Scanning USDT/MXN...
  [scanner_p2p] USDT/MXN: Buy $17.6760 | Spread +0.272% | Depth 19059 USDT | Logged
  [scanner_p2p] Scanning USDT/COP...
  [scanner_p2p] USDT/COP: Buy $3736.1680 | Spread +0.431% | Depth 36168 USDT | Logged
  [scanner_p2p] Scanning USDT/VES...
  [scanner_p2p] USDT/VES: Buy $630.0048 | Spread -8.552% | Depth 49856 USDT | Logged
  [scanner_p2p] Scanning USDT/ARS...
  [scanner_p2p] USDT/ARS: Buy $1459.9380 | Spread +0.183% | Depth 3818 USDT | Skipped (< 0.20%)
📡 P2P scan complete: 4/4 pairs successful
[scanner_basis] Scanning BTCUSDT...
  [scanner_basis] Spot: $72694.79 | Futures: $72666.50 | Basis: -0.0389%
  [scanner_basis] Logged (basis 0.0389% >= threshold 0.02%)
✅ DB inicializada: storage/batman.db

🦇 RISK SCORES TOP 10
SYM       VOL_Z   RISK REGIME
-----------------------------------
KO         4.01   3.58 EXTREME
DAL        3.97   3.45 EXTREME
UAL        3.32   3.37 EXTREME
PEP        4.13   3.33 EXTREME
XLP        3.80   3.22 EXTREME
TLT        4.03   3.21 EXTREME
MCD        4.06   3.16 EXTREME
DKNG       4.03   3.11 EXTREME
XLF        3.97   3.09 EXTREME
XLY        3.97   3.09 EXTREME
[scanner_cross] Scanning 3 pairs (threshold: 0.05%)...
  [scanner_cross] BTC: Binance $72789.00 | OKX $72792.70 | spread +0.0051%
  [scanner_cross] BTC: Skipped (spread 0.0051% < threshold 0.05%)
  [scanner_cross] ETH: Binance $2134.63 | OKX $2134.29 | spread -0.0159%
  [scanner_cross] ETH: Skipped (spread 0.0159% < threshold 0.05%)
  [scanner_cross] SOL: Binance $90.34 | OKX $90.35 | spread +0.0111%
  [scanner_cross] SOL: Skipped (spread 0.0111% < threshold 0.05%)
📡 Scanning P2P markets across LATAM...
  [scanner_p2p] Scanning USDT/MXN...
  [scanner_p2p] USDT/MXN: Buy $17.6760 | Spread +0.261% | Depth 18285 USDT | Logged
  [scanner_p2p] Scanning USDT/COP...
  [scanner_p2p] USDT/COP: Buy $3736.1280 | Spread +0.429% | Depth 33064 USDT | Logged
  [scanner_p2p] Scanning USDT/VES...
  [scanner_p2p] USDT/VES: Buy $629.7996 | Spread -8.413% | Depth 27963 USDT | Logged
  [scanner_p2p] Scanning USDT/ARS...
  [scanner_p2p] USDT/ARS: Buy $1458.8720 | Spread +0.255% | Depth 2578 USDT | Logged
📡 P2P scan complete: 4/4 pairs successful
[scanner_basis] Scanning BTCUSDT...
  [scanner_basis] Spot: $72829.53 | Futures: $72798.10 | Basis: -0.0432%
  [scanner_basis] Logged (basis 0.0432% >= threshold 0.02%)
✅ DB inicializada: storage/batman.db

🦇 RISK SCORES TOP 10
SYM       VOL_Z   RISK REGIME
-----------------------------------
KO         4.01   3.58 EXTREME
DAL        3.97   3.45 EXTREME
UAL        3.32   3.37 EXTREME
PEP        4.13   3.33 EXTREME
XLP        3.80   3.22 EXTREME
TLT        4.03   3.21 EXTREME
MCD        4.06   3.16 EXTREME
DKNG       4.03   3.11 EXTREME
XLF        3.97   3.09 EXTREME
XLY        3.97   3.09 EXTREME
[scanner_cross] Scanning 3 pairs (threshold: 0.05%)...
  [scanner_cross] BTC: Binance $72790.83 | OKX $72796.00 | spread +0.0071%
  [scanner_cross] BTC: Skipped (spread 0.0071% < threshold 0.05%)
  [scanner_cross] ETH: Binance $2134.45 | OKX $2134.69 | spread +0.0112%
  [scanner_cross] ETH: Skipped (spread 0.0112% < threshold 0.05%)
  [scanner_cross] SOL: Binance $90.32 | OKX $90.32 | spread +0.0000%
  [scanner_cross] SOL: Skipped (spread 0.0000% < threshold 0.05%)
📡 Scanning P2P markets across LATAM...
  [scanner_p2p] Scanning USDT/MXN...
  [scanner_p2p] USDT/MXN: Buy $17.6780 | Spread +0.272% | Depth 16520 USDT | Logged
  [scanner_p2p] Scanning USDT/COP...
  [scanner_p2p] USDT/COP: Buy $3736.0880 | Spread +0.428% | Depth 33064 USDT | Logged
  [scanner_p2p] Scanning USDT/VES...
  [scanner_p2p] USDT/VES: Buy $629.6994 | Spread -8.413% | Depth 25355 USDT | Logged
  [scanner_p2p] Scanning USDT/ARS...
  [scanner_p2p] USDT/ARS: Buy $1458.8720 | Spread +0.255% | Depth 2578 USDT | Logged
📡 P2P scan complete: 4/4 pairs successful
[scanner_basis] Scanning BTCUSDT...
  [scanner_basis] Spot: $72788.96 | Futures: $72758.80 | Basis: -0.0414%
  [scanner_basis] Logged (basis 0.0414% >= threshold 0.02%)
✅ DB inicializada: storage/batman.db

🦇 RISK SCORES TOP 10
SYM       VOL_Z   RISK REGIME
-----------------------------------
KO         4.01   3.58 EXTREME
DAL        3.97   3.45 EXTREME
UAL        3.32   3.37 EXTREME
PEP        4.13   3.33 EXTREME
XLP        3.80   3.22 EXTREME
TLT        4.03   3.21 EXTREME
MCD        4.06   3.16 EXTREME
DKNG       4.03   3.11 EXTREME
XLF        3.97   3.09 EXTREME
XLY        3.97   3.09 EXTREME
[scanner_cross] Scanning 3 pairs (threshold: 0.05%)...
  [scanner_cross] BTC: Binance $72943.44 | OKX $72949.10 | spread +0.0078%
  [scanner_cross] BTC: Skipped (spread 0.0078% < threshold 0.05%)
  [scanner_cross] ETH: Binance $2139.29 | OKX $2139.45 | spread +0.0075%
  [scanner_cross] ETH: Skipped (spread 0.0075% < threshold 0.05%)
  [scanner_cross] SOL: Binance $90.53 | OKX $90.53 | spread +0.0000%
  [scanner_cross] SOL: Skipped (spread 0.0000% < threshold 0.05%)
📡 Scanning P2P markets across LATAM...
  [scanner_p2p] Scanning USDT/MXN...
  [scanner_p2p] USDT/MXN: Buy $17.6700 | Spread +0.238% | Depth 21794 USDT | Logged
  [scanner_p2p] Scanning USDT/COP...
  [scanner_p2p] USDT/COP: Buy $3736.1640 | Spread +0.451% | Depth 36541 USDT | Logged
  [scanner_p2p] Scanning USDT/VES...
  [scanner_p2p] USDT/VES: Buy $629.6776 | Spread -8.490% | Depth 25219 USDT | Logged
  [scanner_p2p] Scanning USDT/ARS...
  [scanner_p2p] USDT/ARS: Buy $1459.9780 | Spread +0.339% | Depth 2745 USDT | Logged
📡 P2P scan complete: 4/4 pairs successful
[scanner_basis] Scanning BTCUSDT...
  [scanner_basis] Spot: $72922.34 | Futures: $72907.80 | Basis: -0.0199%
  [scanner_basis] Skipped (basis 0.0199% < threshold 0.02%)
✅ DB inicializada: storage/batman.db

🦇 RISK SCORES TOP 10
SYM       VOL_Z   RISK REGIME
-----------------------------------
KO         4.01   3.58 EXTREME
DAL        3.97   3.45 EXTREME
UAL        3.32   3.37 EXTREME
PEP        4.13   3.33 EXTREME
XLP        3.80   3.22 EXTREME
TLT        4.03   3.21 EXTREME
MCD        4.06   3.16 EXTREME
DKNG       4.03   3.11 EXTREME
XLF        3.97   3.09 EXTREME
XLY        3.97   3.09 EXTREME
[scanner_cross] Scanning 3 pairs (threshold: 0.05%)...
  [scanner_cross] BTC: Binance $73066.07 | OKX $73077.10 | spread +0.0151%
  [scanner_cross] BTC: Skipped (spread 0.0151% < threshold 0.05%)
  [scanner_cross] ETH: Binance $2144.17 | OKX $2144.43 | spread +0.0121%
  [scanner_cross] ETH: Skipped (spread 0.0121% < threshold 0.05%)
  [scanner_cross] SOL: Binance $90.71 | OKX $90.71 | spread +0.0000%
  [scanner_cross] SOL: Skipped (spread 0.0000% < threshold 0.05%)
📡 Scanning P2P markets across LATAM...
  [scanner_p2p] Scanning USDT/MXN...
  [scanner_p2p] USDT/MXN: Buy $17.6700 | Spread +0.238% | Depth 21794 USDT | Logged
  [scanner_p2p] Scanning USDT/COP...
  [scanner_p2p] USDT/COP: Buy $3736.1640 | Spread +0.451% | Depth 36237 USDT | Logged
  [scanner_p2p] Scanning USDT/VES...
  [scanner_p2p] USDT/VES: Buy $629.6776 | Spread -8.490% | Depth 25219 USDT | Logged
  [scanner_p2p] Scanning USDT/ARS...
  [scanner_p2p] USDT/ARS: Buy $1459.9780 | Spread +0.339% | Depth 2745 USDT | Logged
📡 P2P scan complete: 4/4 pairs successful
[scanner_basis] Scanning BTCUSDT...
  [scanner_basis] Spot: $73054.24 | Futures: $73038.40 | Basis: -0.0217%
  [scanner_basis] Logged (basis 0.0217% >= threshold 0.02%)
✅ DB inicializada: storage/batman.db

🦇 RISK SCORES TOP 10
SYM       VOL_Z   RISK REGIME
-----------------------------------
KO         4.01   3.58 EXTREME
DAL        3.97   3.45 EXTREME
UAL        3.32   3.37 EXTREME
PEP        4.13   3.33 EXTREME
XLP        3.80   3.22 EXTREME
TLT        4.03   3.21 EXTREME
MCD        4.06   3.16 EXTREME
DKNG       4.03   3.11 EXTREME
XLF        3.97   3.09 EXTREME
XLY        3.97   3.09 EXTREME
[scanner_cross] Scanning 3 pairs (threshold: 0.05%)...
  [scanner_cross] BTC: Binance $72848.00 | OKX $72855.80 | spread +0.0107%
  [scanner_cross] BTC: Skipped (spread 0.0107% < threshold 0.05%)
  [scanner_cross] ETH: Binance $2137.94 | OKX $2138.07 | spread +0.0061%
  [scanner_cross] ETH: Skipped (spread 0.0061% < threshold 0.05%)
  [scanner_cross] SOL: Binance $90.46 | OKX $90.48 | spread +0.0221%
  [scanner_cross] SOL: Skipped (spread 0.0221% < threshold 0.05%)
📡 Scanning P2P markets across LATAM...
  [scanner_p2p] Scanning USDT/MXN...
  [scanner_p2p] USDT/MXN: Buy $17.6960 | Spread +0.409% | Depth 31381 USDT | Logged
  [scanner_p2p] Scanning USDT/COP...
  [scanner_p2p] USDT/COP: Buy $3735.9840 | Spread +0.455% | Depth 49306 USDT | Logged
  [scanner_p2p] Scanning USDT/VES...
  [scanner_p2p] USDT/VES: Buy $629.4760 | Spread -8.654% | Depth 24458 USDT | Logged
  [scanner_p2p] Scanning USDT/ARS...
  [scanner_p2p] USDT/ARS: Buy $1459.9660 | Spread +0.347% | Depth 2113 USDT | Logged
📡 P2P scan complete: 4/4 pairs successful
[scanner_basis] Scanning BTCUSDT...
  [scanner_basis] Spot: $72847.99 | Futures: $72820.70 | Basis: -0.0375%
  [scanner_basis] Logged (basis 0.0375% >= threshold 0.02%)
✅ DB inicializada: storage/batman.db

🦇 RISK SCORES TOP 10
SYM       VOL_Z   RISK REGIME
-----------------------------------
KO         4.01   3.58 EXTREME
DAL        3.97   3.45 EXTREME
UAL        3.32   3.37 EXTREME
PEP        4.13   3.33 EXTREME
XLP        3.80   3.22 EXTREME
TLT        4.03   3.21 EXTREME
MCD        4.06   3.16 EXTREME
DKNG       4.03   3.11 EXTREME
XLF        3.97   3.09 EXTREME
XLY        3.97   3.09 EXTREME
[scanner_cross] Scanning 3 pairs (threshold: 0.05%)...
  [scanner_cross] BTC: Binance $72873.22 | OKX $72877.10 | spread +0.0053%
  [scanner_cross] BTC: Skipped (spread 0.0053% < threshold 0.05%)
  [scanner_cross] ETH: Binance $2138.84 | OKX $2138.83 | spread -0.0005%
  [scanner_cross] ETH: Skipped (spread 0.0005% < threshold 0.05%)
  [scanner_cross] SOL: Binance $90.59 | OKX $90.59 | spread +0.0000%
  [scanner_cross] SOL: Skipped (spread 0.0000% < threshold 0.05%)
📡 Scanning P2P markets across LATAM...
  [scanner_p2p] Scanning USDT/MXN...
  [scanner_p2p] USDT/MXN: Buy $17.6960 | Spread +0.466% | Depth 39603 USDT | Logged
  [scanner_p2p] Scanning USDT/COP...
  [scanner_p2p] USDT/COP: Buy $3735.3840 | Spread +0.439% | Depth 49306 USDT | Logged
  [scanner_p2p] Scanning USDT/VES...
  [scanner_p2p] USDT/VES: Buy $628.8760 | Spread -8.741% | Depth 24483 USDT | Logged
  [scanner_p2p] Scanning USDT/ARS...
  [scanner_p2p] USDT/ARS: Buy $1459.9660 | Spread +0.347% | Depth 2113 USDT | Logged
📡 P2P scan complete: 4/4 pairs successful
[scanner_basis] Scanning BTCUSDT...
  [scanner_basis] Spot: $72848.80 | Futures: $72839.90 | Basis: -0.0122%
  [scanner_basis] Skipped (basis 0.0122% < threshold 0.02%)
✅ DB inicializada: storage/batman.db

🦇 RISK SCORES TOP 10
SYM       VOL_Z   RISK REGIME
-----------------------------------
KO         4.01   3.58 EXTREME
DAL        3.97   3.45 EXTREME
UAL        3.32   3.37 EXTREME
PEP        4.13   3.33 EXTREME
XLP        3.80   3.22 EXTREME
TLT        4.03   3.21 EXTREME
MCD        4.06   3.16 EXTREME
DKNG       4.03   3.11 EXTREME
XLF        3.97   3.09 EXTREME
XLY        3.97   3.09 EXTREME
[scanner_cross] Scanning 3 pairs (threshold: 0.05%)...
  [scanner_cross] BTC: Binance $72753.28 | OKX $72745.90 | spread -0.0101%
  [scanner_cross] BTC: Skipped (spread 0.0101% < threshold 0.05%)
  [scanner_cross] ETH: Binance $2134.07 | OKX $2134.27 | spread +0.0094%
  [scanner_cross] ETH: Skipped (spread 0.0094% < threshold 0.05%)
  [scanner_cross] SOL: Binance $90.52 | OKX $90.53 | spread +0.0110%
  [scanner_cross] SOL: Skipped (spread 0.0110% < threshold 0.05%)
📡 Scanning P2P markets across LATAM...
  [scanner_p2p] Scanning USDT/MXN...
  [scanner_p2p] USDT/MXN: Buy $17.6940 | Spread +0.466% | Depth 37084 USDT | Logged
  [scanner_p2p] Scanning USDT/COP...
  [scanner_p2p] USDT/COP: Buy $3735.9640 | Spread +0.335% | Depth 18901 USDT | Logged
  [scanner_p2p] Scanning USDT/VES...
  [scanner_p2p] USDT/VES: Buy $629.0000 | Spread -0.877% | Depth 24828 USDT | Logged
  [scanner_p2p] Scanning USDT/ARS...
  [scanner_p2p] USDT/ARS: Buy $1459.9820 | Spread +0.344% | Depth 1839 USDT | Logged
📡 P2P scan complete: 4/4 pairs successful
[scanner_basis] Scanning BTCUSDT...
  [scanner_basis] Spot: $72756.81 | Futures: $72725.50 | Basis: -0.0430%
  [scanner_basis] Logged (basis 0.0430% >= threshold 0.02%)
✅ DB inicializada: storage/batman.db

🦇 RISK SCORES TOP 10
SYM       VOL_Z   RISK REGIME
-----------------------------------
KO         4.01   3.58 EXTREME
DAL        3.97   3.45 EXTREME
UAL        3.32   3.37 EXTREME
PEP        4.13   3.33 EXTREME
XLP        3.80   3.22 EXTREME
TLT        4.03   3.21 EXTREME
MCD        4.06   3.16 EXTREME
DKNG       4.03   3.11 EXTREME
XLF        3.97   3.09 EXTREME
XLY        3.97   3.09 EXTREME
[scanner_cross] Scanning 3 pairs (threshold: 0.05%)...
  [scanner_cross] BTC: Binance $72733.72 | OKX $72739.40 | spread +0.0078%
  [scanner_cross] BTC: Skipped (spread 0.0078% < threshold 0.05%)
  [scanner_cross] ETH: Binance $2133.59 | OKX $2133.82 | spread +0.0108%
  [scanner_cross] ETH: Skipped (spread 0.0108% < threshold 0.05%)
  [scanner_cross] SOL: Binance $90.52 | OKX $90.54 | spread +0.0221%
  [scanner_cross] SOL: Skipped (spread 0.0221% < threshold 0.05%)
📡 Scanning P2P markets across LATAM...
  [scanner_p2p] Scanning USDT/MXN...
  [scanner_p2p] USDT/MXN: Buy $17.6940 | Spread +0.466% | Depth 39627 USDT | Logged
  [scanner_p2p] Scanning USDT/COP...
  [scanner_p2p] USDT/COP: Buy $3735.9640 | Spread +0.335% | Depth 18492 USDT | Logged
  [scanner_p2p] Scanning USDT/VES...
  [scanner_p2p] USDT/VES: Buy $629.1998 | Spread -0.845% | Depth 24828 USDT | Logged
  [scanner_p2p] Scanning USDT/ARS...
  [scanner_p2p] USDT/ARS: Buy $1459.9820 | Spread +0.339% | Depth 1843 USDT | Logged
📡 P2P scan complete: 4/4 pairs successful
[scanner_basis] Scanning BTCUSDT...
  [scanner_basis] Spot: $72733.72 | Futures: $72702.20 | Basis: -0.0433%
  [scanner_basis] Logged (basis 0.0433% >= threshold 0.02%)
✅ DB inicializada: storage/batman.db

🦇 RISK SCORES TOP 10
SYM       VOL_Z   RISK REGIME
-----------------------------------
KO         4.01   3.58 EXTREME
DAL        3.97   3.45 EXTREME
UAL        3.32   3.37 EXTREME
PEP        4.13   3.33 EXTREME
XLP        3.80   3.22 EXTREME
TLT        4.03   3.21 EXTREME
MCD        4.06   3.16 EXTREME
DKNG       4.03   3.11 EXTREME
XLF        3.97   3.09 EXTREME
XLY        3.97   3.09 EXTREME
[scanner_cross] Scanning 3 pairs (threshold: 0.05%)...
  [scanner_cross] BTC: Binance $72542.15 | OKX $72543.90 | spread +0.0024%
  [scanner_cross] BTC: Skipped (spread 0.0024% < threshold 0.05%)
  [scanner_cross] ETH: Binance $2120.44 | OKX $2120.36 | spread -0.0038%
  [scanner_cross] ETH: Skipped (spread 0.0038% < threshold 0.05%)
  [scanner_cross] SOL: Binance $90.88 | OKX $90.87 | spread -0.0110%
  [scanner_cross] SOL: Skipped (spread 0.0110% < threshold 0.05%)
📡 Scanning P2P markets across LATAM...
  [scanner_p2p] Scanning USDT/MXN...
  [scanner_p2p] USDT/MXN: Buy $17.7460 | Spread +0.317% | Depth 14160 USDT | Logged
  [scanner_p2p] Scanning USDT/COP...
  [scanner_p2p] USDT/COP: Buy $3733.0000 | Spread +0.071% | Depth 45638 USDT | Skipped (< 0.20%)
  [scanner_p2p] Scanning USDT/VES...
  [scanner_p2p] USDT/VES: Buy $622.7796 | Spread -2.587% | Depth 159213 USDT | Logged
  [scanner_p2p] Scanning USDT/ARS...
  [scanner_p2p] USDT/ARS: Buy $1455.6980 | Spread +0.100% | Depth 14383 USDT | Skipped (< 0.20%)
📡 P2P scan complete: 4/4 pairs successful
[scanner_basis] Scanning BTCUSDT...
  [scanner_basis] Spot: $72567.16 | Futures: $72500.00 | Basis: -0.0925%
  [scanner_basis] Logged (basis 0.0925% >= threshold 0.02%)
✅ DB inicializada: storage/batman.db

🦇 RISK SCORES TOP 10
SYM       VOL_Z   RISK REGIME
-----------------------------------
KO         4.01   3.58 EXTREME
DAL        3.97   3.45 EXTREME
UAL        3.32   3.37 EXTREME
PEP        4.13   3.33 EXTREME
XLP        3.80   3.22 EXTREME
TLT        4.03   3.21 EXTREME
MCD        4.06   3.16 EXTREME
DKNG       4.03   3.11 EXTREME
XLF        3.97   3.09 EXTREME
XLY        3.97   3.09 EXTREME
[scanner_cross] Scanning 3 pairs (threshold: 0.05%)...
  [scanner_cross] BTC: Binance $72569.96 | OKX $72575.30 | spread +0.0074%
  [scanner_cross] BTC: Skipped (spread 0.0074% < threshold 0.05%)
  [scanner_cross] ETH: Binance $2120.89 | OKX $2121.33 | spread +0.0207%
  [scanner_cross] ETH: Skipped (spread 0.0207% < threshold 0.05%)
  [scanner_cross] SOL: Binance $90.94 | OKX $90.94 | spread +0.0000%
  [scanner_cross] SOL: Skipped (spread 0.0000% < threshold 0.05%)
📡 Scanning P2P markets across LATAM...
  [scanner_p2p] Scanning USDT/MXN...
  [scanner_p2p] USDT/MXN: Buy $17.7460 | Spread +0.317% | Depth 14160 USDT | Logged
  [scanner_p2p] Scanning USDT/COP...
  [scanner_p2p] USDT/COP: Buy $3733.0000 | Spread +0.065% | Depth 65869 USDT | Skipped (< 0.20%)
  [scanner_p2p] Scanning USDT/VES...
  [scanner_p2p] USDT/VES: Buy $622.9396 | Spread -2.556% | Depth 155728 USDT | Logged
  [scanner_p2p] Scanning USDT/ARS...
  [scanner_p2p] USDT/ARS: Buy $1454.6980 | Spread +0.024% | Depth 14473 USDT | Skipped (< 0.20%)
📡 P2P scan complete: 4/4 pairs successful
[scanner_basis] Scanning BTCUSDT...
  [scanner_basis] Spot: $72562.39 | Futures: $72526.20 | Basis: -0.0499%
  [scanner_basis] Logged (basis 0.0499% >= threshold 0.02%)
✅ DB inicializada: storage/batman.db

🦇 RISK SCORES TOP 10
SYM       VOL_Z   RISK REGIME
-----------------------------------
GLD        3.88   3.18 EXTREME
MCD        3.76   3.09 EXTREME
QQQ        3.06   2.52 STRESS
DAL        1.46   2.24 STRESS
IWM        2.61   1.98 TENSION
UAL        1.33   1.88 TENSION
TLT        1.70   1.73 TENSION
XLE        1.34   1.33 TENSION
KO         0.92   1.32 TENSION
PEP        0.43   0.96 NORMAL
[scanner_cross] Scanning 3 pairs (threshold: 0.05%)...
  [scanner_cross] BTC: Binance $72399.93 | OKX $72399.90 | spread -0.0000%
  [scanner_cross] BTC: Skipped (spread 0.0000% < threshold 0.05%)
  [scanner_cross] ETH: Binance $2111.77 | OKX $2111.67 | spread -0.0047%
  [scanner_cross] ETH: Skipped (spread 0.0047% < threshold 0.05%)
  [scanner_cross] SOL: Binance $90.52 | OKX $90.51 | spread -0.0110%
  [scanner_cross] SOL: Skipped (spread 0.0110% < threshold 0.05%)
📡 Scanning P2P markets across LATAM...
  [scanner_p2p] Scanning USDT/MXN...
  [scanner_p2p] USDT/MXN: Buy $17.7440 | Spread +0.237% | Depth 42732 USDT | Logged
  [scanner_p2p] Scanning USDT/COP...
  [scanner_p2p] USDT/COP: Buy $3734.8000 | Spread +0.083% | Depth 58707 USDT | Skipped (< 0.20%)
  [scanner_p2p] Scanning USDT/VES...
  [scanner_p2p] USDT/VES: Buy $622.3640 | Spread -2.842% | Depth 202565 USDT | Logged
  [scanner_p2p] Scanning USDT/ARS...
  [scanner_p2p] USDT/ARS: Buy $1455.8200 | Spread +0.099% | Depth 49307 USDT | Skipped (< 0.20%)
📡 P2P scan complete: 4/4 pairs successful
[scanner_basis] Scanning BTCUSDT...
  [scanner_basis] Spot: $72356.00 | Futures: $72331.60 | Basis: -0.0337%
  [scanner_basis] Logged (basis 0.0337% >= threshold 0.02%)
✅ DB inicializada: storage/batman.db

🦇 RISK SCORES TOP 10
SYM       VOL_Z   RISK REGIME
-----------------------------------
GLD        3.88   3.21 EXTREME
MCD        3.77   3.12 EXTREME
QQQ        3.06   2.53 STRESS
IWM        2.61   2.29 STRESS
DAL        1.46   2.19 STRESS
UAL        1.33   2.04 STRESS
KO         1.22   1.73 TENSION
TLT        1.70   1.72 TENSION
XLE        1.34   1.16 TENSION
PEP        0.43   0.93 NORMAL
[scanner_cross] Scanning 3 pairs (threshold: 0.05%)...
  [scanner_cross] BTC: Binance $72449.74 | OKX $72451.50 | spread +0.0024%
  [scanner_cross] BTC: Skipped (spread 0.0024% < threshold 0.05%)
  [scanner_cross] ETH: Binance $2115.77 | OKX $2115.94 | spread +0.0080%
  [scanner_cross] ETH: Skipped (spread 0.0080% < threshold 0.05%)
  [scanner_cross] SOL: Binance $90.64 | OKX $90.63 | spread -0.0110%
  [scanner_cross] SOL: Skipped (spread 0.0110% < threshold 0.05%)
📡 Scanning P2P markets across LATAM...
  [scanner_p2p] Scanning USDT/MXN...
  [scanner_p2p] USDT/MXN: Buy $17.7440 | Spread +0.226% | Depth 43396 USDT | Logged
  [scanner_p2p] Scanning USDT/COP...
  [scanner_p2p] USDT/COP: Buy $3734.7800 | Spread +0.081% | Depth 58707 USDT | Skipped (< 0.20%)
  [scanner_p2p] Scanning USDT/VES...
  [scanner_p2p] USDT/VES: Buy $622.6914 | Spread -2.669% | Depth 201924 USDT | Logged
  [scanner_p2p] Scanning USDT/ARS...
  [scanner_p2p] USDT/ARS: Buy $1456.3500 | Spread +0.135% | Depth 48828 USDT | Skipped (< 0.20%)
📡 P2P scan complete: 4/4 pairs successful
[scanner_basis] Scanning BTCUSDT...
  [scanner_basis] Spot: $72415.03 | Futures: $72392.70 | Basis: -0.0308%
  [scanner_basis] Logged (basis 0.0308% >= threshold 0.02%)
✅ DB inicializada: storage/batman.db

🦇 RISK SCORES TOP 10
SYM       VOL_Z   RISK REGIME
-----------------------------------
DAL       -0.61   1.34 TENSION
UAL       -0.42   1.30 TENSION
IWM       -0.52   0.77 NORMAL
XLP       -0.66   0.72 NORMAL
MAR       -0.63   0.70 NORMAL
HLT       -0.62   0.60 NORMAL
KO        -0.49   0.60 NORMAL
MCD       -0.42   0.59 NORMAL
TLT       -0.29   0.53 NORMAL
GLD       -0.48   0.53 NORMAL
[scanner_cross] Scanning 3 pairs (threshold: 0.05%)...
  [scanner_cross] BTC: Binance $72171.08 | OKX $72172.80 | spread +0.0024%
  [scanner_cross] BTC: Skipped (spread 0.0024% < threshold 0.05%)
  [scanner_cross] ETH: Binance $2106.82 | OKX $2106.68 | spread -0.0066%
  [scanner_cross] ETH: Skipped (spread 0.0066% < threshold 0.05%)
  [scanner_cross] SOL: Binance $90.30 | OKX $90.31 | spread +0.0111%
  [scanner_cross] SOL: Skipped (spread 0.0111% < threshold 0.05%)
📡 Scanning P2P markets across LATAM...
  [scanner_p2p] Scanning USDT/MXN...
  [scanner_p2p] USDT/MXN: Buy $17.7440 | Spread +0.215% | Depth 26143 USDT | Logged
  [scanner_p2p] Scanning USDT/COP...
  [scanner_p2p] USDT/COP: Buy $3733.0000 | Spread +0.015% | Depth 19205 USDT | Skipped (< 0.20%)
  [scanner_p2p] Scanning USDT/VES...
  [scanner_p2p] USDT/VES: Buy $624.4374 | Spread -2.665% | Depth 104746 USDT | Logged
  [scanner_p2p] Scanning USDT/ARS...
  [scanner_p2p] USDT/ARS: Buy $1455.5000 | Spread +0.060% | Depth 2763 USDT | Skipped (< 0.20%)
📡 P2P scan complete: 4/4 pairs successful
[scanner_basis] Scanning BTCUSDT...
  [scanner_basis] Spot: $72237.42 | Futures: $72133.30 | Basis: -0.1441%
  [scanner_basis] Logged (basis 0.1441% >= threshold 0.02%)
✅ DB inicializada: storage/batman.db

🦇 RISK SCORES TOP 10
SYM       VOL_Z   RISK REGIME
-----------------------------------
DAL       -0.47   1.31 TENSION
UAL       -0.27   1.26 TENSION
MAR       -0.63   0.70 NORMAL
XLP       -0.47   0.70 NORMAL
IWM       -0.09   0.67 NORMAL
HLT       -0.54   0.60 NORMAL
MCD       -0.38   0.59 NORMAL
KO        -0.32   0.58 NORMAL
TLT       -0.12   0.51 NORMAL
GLD       -0.36   0.50 NORMAL
[scanner_cross] Scanning 3 pairs (threshold: 0.05%)...
  [scanner_cross] BTC: Binance $72294.06 | OKX $72295.40 | spread +0.0019%
  [scanner_cross] BTC: Skipped (spread 0.0019% < threshold 0.05%)
  [scanner_cross] ETH: Binance $2109.19 | OKX $2108.97 | spread -0.0104%
  [scanner_cross] ETH: Skipped (spread 0.0104% < threshold 0.05%)
  [scanner_cross] SOL: Binance $90.36 | OKX $90.38 | spread +0.0221%
  [scanner_cross] SOL: Skipped (spread 0.0221% < threshold 0.05%)
📡 Scanning P2P markets across LATAM...
  [scanner_p2p] Scanning USDT/MXN...
  [scanner_p2p] USDT/MXN: Buy $17.7440 | Spread +0.215% | Depth 26143 USDT | Logged
  [scanner_p2p] Scanning USDT/COP...
  [scanner_p2p] USDT/COP: Buy $3733.0000 | Spread +0.015% | Depth 18937 USDT | Skipped (< 0.20%)
  [scanner_p2p] Scanning USDT/VES...
  [scanner_p2p] USDT/VES: Buy $624.8738 | Spread -2.629% | Depth 84940 USDT | Logged
  [scanner_p2p] Scanning USDT/ARS...
  [scanner_p2p] USDT/ARS: Buy $1454.1000 | Spread -0.036% | Depth 3629 USDT | Skipped (< 0.20%)
📡 P2P scan complete: 4/4 pairs successful
[scanner_basis] Scanning BTCUSDT...
  [scanner_basis] Spot: $72294.89 | Futures: $72198.00 | Basis: -0.1340%
  [scanner_basis] Logged (basis 0.1340% >= threshold 0.02%)
✅ DB inicializada: storage/batman.db

🦇 RISK SCORES TOP 10
SYM       VOL_Z   RISK REGIME
-----------------------------------
UAL       -0.45   1.71 TENSION
DAL       -0.45   1.63 TENSION
XLP        0.51   0.98 NORMAL
MAR       -0.32   0.80 NORMAL
HLT       -0.46   0.70 NORMAL
KO         0.16   0.67 NORMAL
MCD       -0.37   0.63 NORMAL
PEP       -0.08   0.58 NORMAL
XLE       -0.52   0.57 NORMAL
TLT       -0.74   0.54 NORMAL
[scanner_cross] Scanning 3 pairs (threshold: 0.05%)...
  [scanner_cross] BTC: Binance $72384.44 | OKX $72377.50 | spread -0.0096%
  [scanner_cross] BTC: Skipped (spread 0.0096% < threshold 0.05%)
  [scanner_cross] ETH: Binance $2108.62 | OKX $2108.79 | spread +0.0081%
  [scanner_cross] ETH: Skipped (spread 0.0081% < threshold 0.05%)
  [scanner_cross] SOL: Binance $90.56 | OKX $90.57 | spread +0.0110%
  [scanner_cross] SOL: Skipped (spread 0.0110% < threshold 0.05%)
📡 Scanning P2P markets across LATAM...
  [scanner_p2p] Scanning USDT/MXN...
  [scanner_p2p] USDT/MXN: Buy $17.7080 | Spread +0.034% | Depth 44769 USDT | Skipped (< 0.20%)
  [scanner_p2p] Scanning USDT/COP...
  [scanner_p2p] USDT/COP: Buy $3734.8200 | Spread +0.141% | Depth 14446 USDT | Skipped (< 0.20%)
  [scanner_p2p] Scanning USDT/VES...
  [scanner_p2p] USDT/VES: Buy $628.2400 | Spread -1.975% | Depth 114745 USDT | Logged
  [scanner_p2p] Scanning USDT/ARS...
  [scanner_p2p] USDT/ARS: Buy $1455.1620 | Spread +0.088% | Depth 3709 USDT | Skipped (< 0.20%)
📡 P2P scan complete: 4/4 pairs successful
[scanner_basis] Scanning BTCUSDT...
  [scanner_basis] Spot: $72357.84 | Futures: $72337.70 | Basis: -0.0278%
  [scanner_basis] Logged (basis 0.0278% >= threshold 0.02%)
✅ DB inicializada: storage/batman.db

🦇 RISK SCORES TOP 10
SYM       VOL_Z   RISK REGIME
-----------------------------------
UAL       -0.15   1.74 TENSION
DAL       -0.08   1.61 TENSION
XLP        0.75   1.14 TENSION
MAR       -0.17   0.77 NORMAL
HLT       -0.29   0.68 NORMAL
KO         0.16   0.67 NORMAL
MCD       -0.37   0.63 NORMAL
XLF        0.28   0.57 NORMAL
IWM       -0.16   0.57 NORMAL
PEP       -0.08   0.55 NORMAL
[scanner_cross] Scanning 3 pairs (threshold: 0.05%)...
  [scanner_cross] BTC: Binance $72223.80 | OKX $72225.00 | spread +0.0017%
  [scanner_cross] BTC: Skipped (spread 0.0017% < threshold 0.05%)
  [scanner_cross] ETH: Binance $2106.32 | OKX $2106.34 | spread +0.0009%
  [scanner_cross] ETH: Skipped (spread 0.0009% < threshold 0.05%)
  [scanner_cross] SOL: Binance $90.43 | OKX $90.45 | spread +0.0221%
  [scanner_cross] SOL: Skipped (spread 0.0221% < threshold 0.05%)
📡 Scanning P2P markets across LATAM...
  [scanner_p2p] Scanning USDT/MXN...
  [scanner_p2p] USDT/MXN: Buy $17.7080 | Spread +0.034% | Depth 44769 USDT | Skipped (< 0.20%)
  [scanner_p2p] Scanning USDT/COP...
  [scanner_p2p] USDT/COP: Buy $3734.7900 | Spread +0.130% | Depth 13689 USDT | Skipped (< 0.20%)
  [scanner_p2p] Scanning USDT/VES...
  [scanner_p2p] USDT/VES: Buy $628.6000 | Spread -1.913% | Depth 127099 USDT | Logged
  [scanner_p2p] Scanning USDT/ARS...
  [scanner_p2p] USDT/ARS: Buy $1455.9420 | Spread +0.139% | Depth 4800 USDT | Skipped (< 0.20%)
📡 P2P scan complete: 4/4 pairs successful
[scanner_basis] Scanning BTCUSDT...
  [scanner_basis] Spot: $72216.00 | Futures: $72187.10 | Basis: -0.0400%
  [scanner_basis] Logged (basis 0.0400% >= threshold 0.02%)
✅ DB inicializada: storage/batman.db

🦇 RISK SCORES TOP 10
SYM       VOL_Z   RISK REGIME
-----------------------------------
DAL       -1.29   2.05 STRESS
UAL        0.21   2.00 STRESS
XLP       -1.27   1.05 TENSION
HLT       -1.58   1.04 TENSION
MAR       -1.13   1.03 TENSION
IWM       -1.47   0.93 NORMAL
KO        -1.10   0.78 NORMAL
MCD       -0.62   0.77 NORMAL
PEP       -0.84   0.73 NORMAL
GLD       -1.00   0.71 NORMAL
[scanner_cross] Scanning 3 pairs (threshold: 0.05%)...
  [scanner_cross] BTC: Binance $71714.01 | OKX $71715.10 | spread +0.0015%
  [scanner_cross] BTC: Skipped (spread 0.0015% < threshold 0.05%)
  [scanner_cross] ETH: Binance $2086.88 | OKX $2086.48 | spread -0.0192%
  [scanner_cross] ETH: Skipped (spread 0.0192% < threshold 0.05%)
  [scanner_cross] SOL: Binance $89.73 | OKX $89.74 | spread +0.0111%
  [scanner_cross] SOL: Skipped (spread 0.0111% < threshold 0.05%)
📡 Scanning P2P markets across LATAM...
  [scanner_p2p] Scanning USDT/MXN...
  [scanner_p2p] USDT/MXN: Buy $17.7160 | Spread -0.011% | Depth 32960 USDT | Skipped (< 0.20%)
  [scanner_p2p] Scanning USDT/COP...
  [scanner_p2p] USDT/COP: Buy $3734.6000 | Spread +0.080% | Depth 13007 USDT | Skipped (< 0.20%)
  [scanner_p2p] Scanning USDT/VES...
  [scanner_p2p] USDT/VES: Buy $626.9780 | Spread -2.177% | Depth 171393 USDT | Logged
  [scanner_p2p] Scanning USDT/ARS...
  [scanner_p2p] USDT/ARS: Buy $1456.4960 | Spread +0.181% | Depth 3998 USDT | Skipped (< 0.20%)
📡 P2P scan complete: 4/4 pairs successful
[scanner_basis] Scanning BTCUSDT...
  [scanner_basis] Spot: $71760.00 | Futures: $71749.90 | Basis: -0.0141%
  [scanner_basis] Skipped (basis 0.0141% < threshold 0.02%)
✅ DB inicializada: storage/batman.db

🦇 RISK SCORES TOP 10
SYM       VOL_Z   RISK REGIME
-----------------------------------
UAL       -1.30   2.05 STRESS
DAL       -0.94   1.95 TENSION
HLT       -1.42   1.02 TENSION
MAR       -0.98   1.02 TENSION
XLP       -1.04   1.01 TENSION
IWM       -1.29   0.88 NORMAL
MCD       -0.57   0.77 NORMAL
KO        -0.82   0.71 NORMAL
PEP       -0.71   0.71 NORMAL
GLD       -0.79   0.68 NORMAL
[scanner_cross] Scanning 3 pairs (threshold: 0.05%)...
  [scanner_cross] BTC: Binance $71799.36 | OKX $71805.70 | spread +0.0088%
  [scanner_cross] BTC: Skipped (spread 0.0088% < threshold 0.05%)
  [scanner_cross] ETH: Binance $2087.83 | OKX $2088.09 | spread +0.0125%
  [scanner_cross] ETH: Skipped (spread 0.0125% < threshold 0.05%)
  [scanner_cross] SOL: Binance $89.71 | OKX $89.71 | spread +0.0000%
  [scanner_cross] SOL: Skipped (spread 0.0000% < threshold 0.05%)
📡 Scanning P2P markets across LATAM...
  [scanner_p2p] Scanning USDT/MXN...
  [scanner_p2p] USDT/MXN: Buy $17.7160 | Spread -0.011% | Depth 32649 USDT | Skipped (< 0.20%)
  [scanner_p2p] Scanning USDT/COP...
  [scanner_p2p] USDT/COP: Buy $3733.6000 | Spread +0.054% | Depth 12608 USDT | Skipped (< 0.20%)
  [scanner_p2p] Scanning USDT/VES...
  [scanner_p2p] USDT/VES: Buy $626.9800 | Spread -2.177% | Depth 169742 USDT | Logged
  [scanner_p2p] Scanning USDT/ARS...
  [scanner_p2p] USDT/ARS: Buy $1456.4960 | Spread +0.192% | Depth 3086 USDT | Skipped (< 0.20%)
📡 P2P scan complete: 4/4 pairs successful
[scanner_basis] Scanning BTCUSDT...
  [scanner_basis] Spot: $71733.48 | Futures: $71766.00 | Basis: +0.0453%
  [scanner_basis] Logged (basis 0.0453% >= threshold 0.02%)
✅ DB inicializada: storage/batman.db

🦇 RISK SCORES TOP 10
SYM       VOL_Z   RISK REGIME
-----------------------------------
UAL       -1.34   2.46 STRESS
DAL       -0.29   2.00 TENSION
MAR       -0.98   1.20 TENSION
IWM       -1.52   1.13 TENSION
XLP       -1.13   1.03 TENSION
HLT       -1.28   1.00 NORMAL
MCD       -0.36   0.79 NORMAL
XLK       -1.81   0.77 NORMAL
KO        -0.98   0.74 NORMAL
GLD       -1.01   0.72 NORMAL
[scanner_cross] Scanning 3 pairs (threshold: 0.05%)...
  [scanner_cross] BTC: Binance $71389.97 | OKX $71383.80 | spread -0.0086%
  [scanner_cross] BTC: Skipped (spread 0.0086% < threshold 0.05%)
  [scanner_cross] ETH: Binance $2078.38 | OKX $2078.00 | spread -0.0183%
  [scanner_cross] ETH: Skipped (spread 0.0183% < threshold 0.05%)
  [scanner_cross] SOL: Binance $89.20 | OKX $89.20 | spread +0.0000%
  [scanner_cross] SOL: Skipped (spread 0.0000% < threshold 0.05%)
📡 Scanning P2P markets across LATAM...
  [scanner_p2p] Scanning USDT/MXN...
  [scanner_p2p] USDT/MXN: Buy $17.7120 | Spread -0.045% | Depth 30245 USDT | Skipped (< 0.20%)
  [scanner_p2p] Scanning USDT/COP...
  [scanner_p2p] USDT/COP: Buy $3737.5860 | Spread +0.125% | Depth 64944 USDT | Skipped (< 0.20%)
  [scanner_p2p] Scanning USDT/VES...
  [scanner_p2p] USDT/VES: Buy $627.2776 | Spread -1.887% | Depth 150170 USDT | Logged
  [scanner_p2p] Scanning USDT/ARS...
  [scanner_p2p] USDT/ARS: Buy $1455.8700 | Spread +0.142% | Depth 8494 USDT | Skipped (< 0.20%)
📡 P2P scan complete: 4/4 pairs successful
[scanner_basis] Scanning BTCUSDT...
  [scanner_basis] Spot: $71455.17 | Futures: $71359.00 | Basis: -0.1346%
  [scanner_basis] Logged (basis 0.1346% >= threshold 0.02%)
✅ DB inicializada: storage/batman.db

🦇 RISK SCORES TOP 10
SYM       VOL_Z   RISK REGIME
-----------------------------------
UAL       -1.34   2.52 STRESS
MAR       -0.98   1.26 TENSION
IWM       -1.30   1.07 TENSION
HLT       -1.28   1.05 TENSION
XLP       -0.36   0.85 NORMAL
MCD       -0.36   0.79 NORMAL
DAL       -0.29   0.72 NORMAL
KO        -0.98   0.72 NORMAL
GLD       -0.94   0.71 NORMAL
XLF       -0.99   0.67 NORMAL
[scanner_cross] Scanning 3 pairs (threshold: 0.05%)...
  [scanner_cross] BTC: Binance $71410.06 | OKX $71405.60 | spread -0.0062%
  [scanner_cross] BTC: Skipped (spread 0.0062% < threshold 0.05%)
  [scanner_cross] ETH: Binance $2078.88 | OKX $2079.06 | spread +0.0087%
  [scanner_cross] ETH: Skipped (spread 0.0087% < threshold 0.05%)
  [scanner_cross] SOL: Binance $89.20 | OKX $89.20 | spread +0.0000%
  [scanner_cross] SOL: Skipped (spread 0.0000% < threshold 0.05%)
📡 Scanning P2P markets across LATAM...
  [scanner_p2p] Scanning USDT/MXN...
  [scanner_p2p] USDT/MXN: Buy $17.7120 | Spread -0.056% | Depth 30245 USDT | Skipped (< 0.20%)
  [scanner_p2p] Scanning USDT/COP...
  [scanner_p2p] USDT/COP: Buy $3737.3880 | Spread +0.118% | Depth 69606 USDT | Skipped (< 0.20%)
  [scanner_p2p] Scanning USDT/VES...
  [scanner_p2p] USDT/VES: Buy $627.1980 | Spread -1.976% | Depth 128659 USDT | Logged
  [scanner_p2p] Scanning USDT/ARS...
  [scanner_p2p] USDT/ARS: Buy $1455.8700 | Spread +0.142% | Depth 11445 USDT | Skipped (< 0.20%)
📡 P2P scan complete: 4/4 pairs successful
[scanner_basis] Scanning BTCUSDT...
  [scanner_basis] Spot: $71380.42 | Futures: $71350.00 | Basis: -0.0426%
  [scanner_basis] Logged (basis 0.0426% >= threshold 0.02%)
✅ DB inicializada: storage/batman.db

🦇 RISK SCORES TOP 10
SYM       VOL_Z   RISK REGIME
-----------------------------------
UAL       -2.03   2.55 STRESS
DAL       -1.02   2.27 STRESS
XLP       -1.41   1.11 TENSION
MAR       -0.71   1.06 TENSION
IWM       -1.29   0.99 NORMAL
HLT       -1.26   0.92 NORMAL
XLK       -1.95   0.86 NORMAL
MCD       -0.51   0.80 NORMAL
KO        -0.95   0.72 NORMAL
GLD       -0.81   0.66 NORMAL
[scanner_cross] Scanning 3 pairs (threshold: 0.05%)...
  [scanner_cross] BTC: Binance $71729.41 | OKX $71726.80 | spread -0.0036%
  [scanner_cross] BTC: Skipped (spread 0.0036% < threshold 0.05%)
  [scanner_cross] ETH: Binance $2087.74 | OKX $2087.80 | spread +0.0029%
  [scanner_cross] ETH: Skipped (spread 0.0029% < threshold 0.05%)
  [scanner_cross] SOL: Binance $89.79 | OKX $89.79 | spread +0.0000%
  [scanner_cross] SOL: Skipped (spread 0.0000% < threshold 0.05%)
📡 Scanning P2P markets across LATAM...
  [scanner_p2p] Scanning USDT/MXN...
  [scanner_p2p] USDT/MXN: Buy $17.7160 | Spread -0.124% | Depth 29158 USDT | Skipped (< 0.20%)
  [scanner_p2p] Scanning USDT/COP...
  [scanner_p2p] USDT/COP: Buy $3738.5980 | Spread +0.133% | Depth 63487 USDT | Skipped (< 0.20%)
  [scanner_p2p] Scanning USDT/VES...
  [scanner_p2p] USDT/VES: Buy $626.3914 | Spread -2.303% | Depth 103859 USDT | Logged
  [scanner_p2p] Scanning USDT/ARS...
  [scanner_p2p] USDT/ARS: Buy $1456.1220 | Spread +0.111% | Depth 3223 USDT | Skipped (< 0.20%)
📡 P2P scan complete: 4/4 pairs successful
[scanner_basis] Scanning BTCUSDT...
  [scanner_basis] Spot: $71706.18 | Futures: $71679.00 | Basis: -0.0379%
  [scanner_basis] Logged (basis 0.0379% >= threshold 0.02%)
✅ DB inicializada: storage/batman.db

🦇 RISK SCORES TOP 10
SYM       VOL_Z   RISK REGIME
-----------------------------------
UAL       -1.89   2.52 STRESS
DAL       -0.57   2.12 STRESS
XLP       -1.26   1.06 TENSION
MAR       -0.71   1.06 TENSION
HLT       -1.20   0.90 NORMAL
XLK       -1.51   0.75 NORMAL
KO        -0.87   0.70 NORMAL
XLF       -0.94   0.64 NORMAL
GLD       -0.68   0.63 NORMAL
IWM       -1.14   0.57 NORMAL
[scanner_cross] Scanning 3 pairs (threshold: 0.05%)...
  [scanner_cross] BTC: Binance $71722.75 | OKX $71719.80 | spread -0.0041%
  [scanner_cross] BTC: Skipped (spread 0.0041% < threshold 0.05%)
  [scanner_cross] ETH: Binance $2088.63 | OKX $2088.65 | spread +0.0010%
  [scanner_cross] ETH: Skipped (spread 0.0010% < threshold 0.05%)
  [scanner_cross] SOL: Binance $89.79 | OKX $89.79 | spread +0.0000%
  [scanner_cross] SOL: Skipped (spread 0.0000% < threshold 0.05%)
📡 Scanning P2P markets across LATAM...
  [scanner_p2p] Scanning USDT/MXN...
  [scanner_p2p] USDT/MXN: Buy $17.7200 | Spread -0.101% | Depth 32547 USDT | Skipped (< 0.20%)
  [scanner_p2p] Scanning USDT/COP...
  [scanner_p2p] USDT/COP: Buy $3738.7980 | Spread +0.128% | Depth 62919 USDT | Skipped (< 0.20%)
  [scanner_p2p] Scanning USDT/VES...
  [scanner_p2p] USDT/VES: Buy $626.3998 | Spread -9.657% | Depth 97726 USDT | Logged
  [scanner_p2p] Scanning USDT/ARS...
  [scanner_p2p] USDT/ARS: Buy $1456.0120 | Spread +0.103% | Depth 5170 USDT | Skipped (< 0.20%)
📡 P2P scan complete: 4/4 pairs successful
[scanner_basis] Scanning BTCUSDT...
  [scanner_basis] Spot: $71720.74 | Futures: $71682.00 | Basis: -0.0540%
  [scanner_basis] Logged (basis 0.0540% >= threshold 0.02%)
✅ DB inicializada: storage/batman.db

🦇 RISK SCORES TOP 10
SYM       VOL_Z   RISK REGIME
-----------------------------------
DAL       -2.03   2.69 STRESS
UAL       -1.96   2.65 STRESS
MAR       -2.13   1.63 TENSION
DIS       -3.19   1.51 TENSION
MCD       -2.12   1.41 TENSION
KO        -2.57   1.33 TENSION
PEP       -2.48   1.19 TENSION
XLP       -1.14   1.09 TENSION
IWM       -0.71   1.02 TENSION
HLT       -0.75   0.98 NORMAL
[scanner_cross] Scanning 3 pairs (threshold: 0.05%)...
  [scanner_cross] BTC: Binance $70824.14 | OKX $70823.00 | spread -0.0016%
  [scanner_cross] BTC: Skipped (spread 0.0016% < threshold 0.05%)
  [scanner_cross] ETH: Binance $2059.44 | OKX $2059.45 | spread +0.0005%
  [scanner_cross] ETH: Skipped (spread 0.0005% < threshold 0.05%)
  [scanner_cross] SOL: Binance $87.98 | OKX $87.98 | spread +0.0000%
  [scanner_cross] SOL: Skipped (spread 0.0000% < threshold 0.05%)
📡 Scanning P2P markets across LATAM...
  [scanner_p2p] Scanning USDT/MXN...
  [scanner_p2p] USDT/MXN: Buy $17.7200 | Spread -0.113% | Depth 30245 USDT | Skipped (< 0.20%)
  [scanner_p2p] Scanning USDT/COP...
  [scanner_p2p] USDT/COP: Buy $3738.5980 | Spread +0.161% | Depth 105477 USDT | Skipped (< 0.20%)
  [scanner_p2p] Scanning USDT/VES...
  [scanner_p2p] USDT/VES: Buy $626.2360 | Spread -9.545% | Depth 92244 USDT | Logged
  [scanner_p2p] Scanning USDT/ARS...
  [scanner_p2p] USDT/ARS: Buy $1456.7520 | Spread -0.177% | Depth 4774 USDT | Skipped (< 0.20%)
📡 P2P scan complete: 4/4 pairs successful
[scanner_basis] Scanning BTCUSDT...
  [scanner_basis] Spot: $70853.48 | Futures: $70818.20 | Basis: -0.0498%
  [scanner_basis] Logged (basis 0.0498% >= threshold 0.02%)
✅ DB inicializada: storage/batman.db

🦇 RISK SCORES TOP 10
SYM       VOL_Z   RISK REGIME
-----------------------------------
DAL       -2.09   2.73 STRESS
UAL       -0.94   2.42 STRESS
MAR       -2.27   1.67 TENSION
IWM       -2.67   1.59 TENSION
DIS       -3.26   1.56 TENSION
MCD       -2.12   1.42 TENSION
QQQ       -3.05   1.38 TENSION
KO        -2.57   1.38 TENSION
XLP       -1.77   1.23 TENSION
PEP       -2.48   1.23 TENSION
[scanner_cross] Scanning 3 pairs (threshold: 0.05%)...
  [scanner_cross] BTC: Binance $70840.00 | OKX $70843.80 | spread +0.0054%
  [scanner_cross] BTC: Skipped (spread 0.0054% < threshold 0.05%)
  [scanner_cross] ETH: Binance $2059.44 | OKX $2059.74 | spread +0.0146%
  [scanner_cross] ETH: Skipped (spread 0.0146% < threshold 0.05%)
  [scanner_cross] SOL: Binance $87.97 | OKX $87.98 | spread +0.0114%
  [scanner_cross] SOL: Skipped (spread 0.0114% < threshold 0.05%)
📡 Scanning P2P markets across LATAM...
  [scanner_p2p] Scanning USDT/MXN...
  [scanner_p2p] USDT/MXN: Buy $17.7180 | Spread -0.113% | Depth 29155 USDT | Skipped (< 0.20%)
  [scanner_p2p] Scanning USDT/COP...
  [scanner_p2p] USDT/COP: Buy $3739.5980 | Spread +0.183% | Depth 88043 USDT | Skipped (< 0.20%)
  [scanner_p2p] Scanning USDT/VES...
  [scanner_p2p] USDT/VES: Buy $626.2560 | Spread -9.579% | Depth 99347 USDT | Logged
  [scanner_p2p] Scanning USDT/ARS...
  [scanner_p2p] USDT/ARS: Buy $1456.7520 | Spread -0.172% | Depth 4328 USDT | Skipped (< 0.20%)
📡 P2P scan complete: 4/4 pairs successful
[scanner_basis] Scanning BTCUSDT...
  [scanner_basis] Spot: $70810.65 | Futures: $70794.80 | Basis: -0.0224%
  [scanner_basis] Logged (basis 0.0224% >= threshold 0.02%)
✅ DB inicializada: storage/batman.db

🦇 RISK SCORES TOP 10
SYM       VOL_Z   RISK REGIME
-----------------------------------
DAL       -1.91   2.81 STRESS
UAL       -1.69   2.65 STRESS
IWM       -2.66   1.67 TENSION
DIS       -2.78   1.58 TENSION
MAR       -1.98   1.58 TENSION
QQQ       -3.04   1.39 TENSION
MCD       -1.81   1.27 TENSION
XLK       -2.93   1.23 TENSION
XLY       -2.43   1.21 TENSION
FOXA      -2.59   1.16 TENSION
[scanner_cross] Scanning 3 pairs (threshold: 0.05%)...
  [scanner_cross] BTC: Binance $71047.01 | OKX $71044.30 | spread -0.0038%
  [scanner_cross] BTC: Skipped (spread 0.0038% < threshold 0.05%)
  [scanner_cross] ETH: Binance $2074.02 | OKX $2074.16 | spread +0.0068%
  [scanner_cross] ETH: Skipped (spread 0.0068% < threshold 0.05%)
  [scanner_cross] SOL: Binance $88.39 | OKX $88.40 | spread +0.0113%
  [scanner_cross] SOL: Skipped (spread 0.0113% < threshold 0.05%)
📡 Scanning P2P markets across LATAM...
  [scanner_p2p] Scanning USDT/MXN...
  [scanner_p2p] USDT/MXN: Buy $17.7440 | Spread -0.135% | Depth 20388 USDT | Skipped (< 0.20%)
  [scanner_p2p] Scanning USDT/COP...
  [scanner_p2p] USDT/COP: Buy $3738.3980 | Spread -0.015% | Depth 105596 USDT | Skipped (< 0.20%)
  [scanner_p2p] Scanning USDT/VES...
  [scanner_p2p] USDT/VES: Buy $626.6078 | Spread -9.554% | Depth 87564 USDT | Logged
  [scanner_p2p] Scanning USDT/ARS...
  [scanner_p2p] USDT/ARS: Buy $1457.1460 | Spread +0.020% | Depth 21973 USDT | Skipped (< 0.20%)
📡 P2P scan complete: 4/4 pairs successful
[scanner_basis] Scanning BTCUSDT...
  [scanner_basis] Spot: $71061.28 | Futures: $71001.10 | Basis: -0.0847%
  [scanner_basis] Logged (basis 0.0847% >= threshold 0.02%)
✅ DB inicializada: storage/batman.db

🦇 RISK SCORES TOP 10
SYM       VOL_Z   RISK REGIME
-----------------------------------
DAL       -1.80   2.81 STRESS
UAL       -1.45   2.62 STRESS
MAR       -1.98   1.60 TENSION
IWM       -1.98   1.50 TENSION
DIS       -2.28   1.41 TENSION
QQQ       -2.85   1.37 TENSION
XLK       -2.67   1.16 TENSION
HLT       -1.11   1.11 TENSION
XLP       -1.29   1.09 TENSION
KO        -1.69   1.08 TENSION
[scanner_cross] Scanning 3 pairs (threshold: 0.05%)...
  [scanner_cross] BTC: Binance $71086.24 | OKX $71089.20 | spread +0.0042%
  [scanner_cross] BTC: Skipped (spread 0.0042% < threshold 0.05%)
  [scanner_cross] ETH: Binance $2074.75 | OKX $2074.80 | spread +0.0024%
  [scanner_cross] ETH: Skipped (spread 0.0024% < threshold 0.05%)
  [scanner_cross] SOL: Binance $88.46 | OKX $88.46 | spread +0.0000%
  [scanner_cross] SOL: Skipped (spread 0.0000% < threshold 0.05%)
📡 Scanning P2P markets across LATAM...
  [scanner_p2p] Scanning USDT/MXN...
  [scanner_p2p] USDT/MXN: Buy $17.7440 | Spread -0.135% | Depth 20303 USDT | Skipped (< 0.20%)
  [scanner_p2p] Scanning USDT/COP...
  [scanner_p2p] USDT/COP: Buy $3738.3980 | Spread +0.005% | Depth 111485 USDT | Skipped (< 0.20%)
  [scanner_p2p] Scanning USDT/VES...
  [scanner_p2p] USDT/VES: Buy $626.5080 | Spread -9.530% | Depth 87491 USDT | Logged
  [scanner_p2p] Scanning USDT/ARS...
  [scanner_p2p] USDT/ARS: Buy $1457.3260 | Spread +0.014% | Depth 16650 USDT | Skipped (< 0.20%)
📡 P2P scan complete: 4/4 pairs successful
[scanner_basis] Scanning BTCUSDT...
  [scanner_basis] Spot: $71078.00 | Futures: $71053.00 | Basis: -0.0352%
  [scanner_basis] Logged (basis 0.0352% >= threshold 0.02%)
✅ DB inicializada: storage/batman.db

🦇 RISK SCORES TOP 10
SYM       VOL_Z   RISK REGIME
-----------------------------------
DAL       -1.73   2.77 STRESS
UAL       -1.45   2.67 STRESS
IWM       -1.01   1.24 TENSION
KO        -1.73   1.17 TENSION
QQQ       -2.14   1.12 TENSION
MAR       -0.36   1.07 TENSION
XLY       -2.10   1.05 TENSION
XLP       -0.90   1.02 TENSION
PEP       -1.83   1.02 TENSION
DIS       -1.30   0.99 NORMAL
[scanner_cross] Scanning 3 pairs (threshold: 0.05%)...
  [scanner_cross] BTC: Binance $71329.98 | OKX $71329.50 | spread -0.0007%
  [scanner_cross] BTC: Skipped (spread 0.0007% < threshold 0.05%)
  [scanner_cross] ETH: Binance $2079.44 | OKX $2079.38 | spread -0.0029%
  [scanner_cross] ETH: Skipped (spread 0.0029% < threshold 0.05%)
  [scanner_cross] SOL: Binance $88.87 | OKX $88.87 | spread +0.0000%
  [scanner_cross] SOL: Skipped (spread 0.0000% < threshold 0.05%)
📡 Scanning P2P markets across LATAM...
  [scanner_p2p] Scanning USDT/MXN...
  [scanner_p2p] USDT/MXN: Buy $17.7520 | Spread -0.146% | Depth 12963 USDT | Skipped (< 0.20%)
  [scanner_p2p] Scanning USDT/COP...
  [scanner_p2p] USDT/COP: Buy $3739.5980 | Spread +0.000% | Depth 94633 USDT | Skipped (< 0.20%)
  [scanner_p2p] Scanning USDT/VES...
  [scanner_p2p] USDT/VES: Buy $626.4200 | Spread -9.570% | Depth 75383 USDT | Logged
  [scanner_p2p] Scanning USDT/ARS...
  [scanner_p2p] USDT/ARS: Buy $1457.9400 | Spread +0.119% | Depth 12828 USDT | Skipped (< 0.20%)
📡 P2P scan complete: 4/4 pairs successful
[scanner_basis] Scanning BTCUSDT...
  [scanner_basis] Spot: $71347.64 | Futures: $71286.00 | Basis: -0.0864%
  [scanner_basis] Logged (basis 0.0864% >= threshold 0.02%)
✅ DB inicializada: storage/batman.db

🦇 RISK SCORES TOP 10
SYM       VOL_Z   RISK REGIME
-----------------------------------
DAL       -1.73   2.73 STRESS
UAL       -1.45   2.65 STRESS
KO        -1.73   1.17 TENSION
QQQ       -2.14   1.10 TENSION
MAR       -0.36   1.08 TENSION
XLY       -2.10   1.05 TENSION
XLP       -0.90   1.02 TENSION
PEP       -1.83   1.01 TENSION
DIS       -1.30   1.01 TENSION
XLK       -2.05   0.95 NORMAL
[scanner_cross] Scanning 3 pairs (threshold: 0.05%)...
  [scanner_cross] BTC: Binance $71394.69 | OKX $71395.50 | spread +0.0011%
  [scanner_cross] BTC: Skipped (spread 0.0011% < threshold 0.05%)
  [scanner_cross] ETH: Binance $2080.86 | OKX $2080.96 | spread +0.0048%
  [scanner_cross] ETH: Skipped (spread 0.0048% < threshold 0.05%)
  [scanner_cross] SOL: Binance $88.90 | OKX $88.92 | spread +0.0225%
  [scanner_cross] SOL: Skipped (spread 0.0225% < threshold 0.05%)
📡 Scanning P2P markets across LATAM...
  [scanner_p2p] Scanning USDT/MXN...
  [scanner_p2p] USDT/MXN: Buy $17.7560 | Spread -0.113% | Depth 19093 USDT | Skipped (< 0.20%)
  [scanner_p2p] Scanning USDT/COP...
  [scanner_p2p] USDT/COP: Buy $3740.1980 | Spread +0.005% | Depth 115406 USDT | Skipped (< 0.20%)
  [scanner_p2p] Scanning USDT/VES...
  [scanner_p2p] USDT/VES: Buy $626.5100 | Spread -9.561% | Depth 72153 USDT | Logged
  [scanner_p2p] Scanning USDT/ARS...
  [scanner_p2p] USDT/ARS: Buy $1458.0400 | Spread +0.127% | Depth 11626 USDT | Skipped (< 0.20%)
📡 P2P scan complete: 4/4 pairs successful
[scanner_basis] Scanning BTCUSDT...
  [scanner_basis] Spot: $71404.18 | Futures: $71354.90 | Basis: -0.0690%
  [scanner_basis] Logged (basis 0.0690% >= threshold 0.02%)
✅ DB inicializada: storage/batman.db

🦇 RISK SCORES TOP 10
SYM       VOL_Z   RISK REGIME
-----------------------------------
DAL       -1.59   2.70 STRESS
UAL       -0.42   2.37 STRESS
IWM       -1.49   1.31 TENSION
MAR       -0.96   1.15 TENSION
GLD       -1.57   1.10 TENSION
FOXA      -1.87   1.09 TENSION
DIS       -1.80   1.09 TENSION
MCD       -0.83   1.07 TENSION
KO        -1.42   1.06 TENSION
PEP       -1.58   0.99 NORMAL
[scanner_cross] Scanning 3 pairs (threshold: 0.05%)...
  [scanner_cross] BTC: Binance $71310.57 | OKX $71312.60 | spread +0.0028%
  [scanner_cross] BTC: Skipped (spread 0.0028% < threshold 0.05%)
  [scanner_cross] ETH: Binance $2080.35 | OKX $2080.50 | spread +0.0072%
  [scanner_cross] ETH: Skipped (spread 0.0072% < threshold 0.05%)
  [scanner_cross] SOL: Binance $88.97 | OKX $88.98 | spread +0.0112%
  [scanner_cross] SOL: Skipped (spread 0.0112% < threshold 0.05%)
📡 Scanning P2P markets across LATAM...
  [scanner_p2p] Scanning USDT/MXN...
  [scanner_p2p] USDT/MXN: Buy $17.7600 | Spread +0.034% | Depth 44803 USDT | Skipped (< 0.20%)
  [scanner_p2p] Scanning USDT/COP...
  [scanner_p2p] USDT/COP: Buy $3738.8000 | Spread -0.073% | Depth 82682 USDT | Skipped (< 0.20%)
  [scanner_p2p] Scanning USDT/VES...
  [scanner_p2p] USDT/VES: Buy $626.6400 | Spread -9.903% | Depth 68384 USDT | Logged
  [scanner_p2p] Scanning USDT/ARS...
  [scanner_p2p] USDT/ARS: Buy $1458.6760 | Spread +0.158% | Depth 8640 USDT | Skipped (< 0.20%)
📡 P2P scan complete: 4/4 pairs successful
[scanner_basis] Scanning BTCUSDT...
  [scanner_basis] Spot: $71327.67 | Futures: $71267.90 | Basis: -0.0838%
  [scanner_basis] Logged (basis 0.0838% >= threshold 0.02%)
✅ DB inicializada: storage/batman.db

🦇 RISK SCORES TOP 10
SYM       VOL_Z   RISK REGIME
-----------------------------------
DAL       -2.21   2.83 STRESS
UAL       -1.84   2.68 STRESS
IWM       -2.50   1.55 TENSION
MAR       -1.93   1.37 TENSION
FOXA      -2.88   1.34 TENSION
MCD       -2.00   1.34 TENSION
KO        -2.44   1.31 TENSION
DIS       -2.58   1.26 TENSION
GLD       -2.15   1.22 TENSION
TLT       -2.47   1.11 TENSION
[scanner_cross] Scanning 3 pairs (threshold: 0.05%)...
  [scanner_cross] BTC: Binance $71327.32 | OKX $71331.50 | spread +0.0059%
  [scanner_cross] BTC: Skipped (spread 0.0059% < threshold 0.05%)
  [scanner_cross] ETH: Binance $2081.20 | OKX $2081.42 | spread +0.0106%
  [scanner_cross] ETH: Skipped (spread 0.0106% < threshold 0.05%)
  [scanner_cross] SOL: Binance $89.00 | OKX $89.01 | spread +0.0112%
  [scanner_cross] SOL: Skipped (spread 0.0112% < threshold 0.05%)
📡 Scanning P2P markets across LATAM...
  [scanner_p2p] Scanning USDT/MXN...
  [scanner_p2p] USDT/MXN: Buy $17.7600 | Spread +0.034% | Depth 44803 USDT | Skipped (< 0.20%)
  [scanner_p2p] Scanning USDT/COP...
  [scanner_p2p] USDT/COP: Buy $3738.8000 | Spread -0.074% | Depth 82014 USDT | Skipped (< 0.20%)
  [scanner_p2p] Scanning USDT/VES...
  [scanner_p2p] USDT/VES: Buy $626.8598 | Spread -9.872% | Depth 67141 USDT | Logged
  [scanner_p2p] Scanning USDT/ARS...
  [scanner_p2p] USDT/ARS: Buy $1458.6660 | Spread +0.156% | Depth 6366 USDT | Skipped (< 0.20%)
📡 P2P scan complete: 4/4 pairs successful
[scanner_basis] Scanning BTCUSDT...
  [scanner_basis] Spot: $71327.35 | Futures: $71298.00 | Basis: -0.0411%
  [scanner_basis] Logged (basis 0.0411% >= threshold 0.02%)
✅ DB inicializada: storage/batman.db

🦇 RISK SCORES TOP 10
SYM       VOL_Z   RISK REGIME
-----------------------------------
UAL       -2.42   2.98 STRESS
DAL       -1.92   2.73 STRESS
IWM       -2.62   1.63 TENSION
XLP       -2.69   1.60 TENSION
MCD       -2.40   1.53 TENSION
MAR       -1.98   1.36 TENSION
FOXA      -2.81   1.32 TENSION
KO        -2.43   1.28 TENSION
XLK       -2.94   1.18 TENSION
TLT       -2.53   1.16 TENSION
[scanner_cross] Scanning 3 pairs (threshold: 0.05%)...
  [scanner_cross] BTC: Binance $71082.52 | OKX $71087.90 | spread +0.0076%
  [scanner_cross] BTC: Skipped (spread 0.0076% < threshold 0.05%)
  [scanner_cross] ETH: Binance $2073.06 | OKX $2073.31 | spread +0.0121%
  [scanner_cross] ETH: Skipped (spread 0.0121% < threshold 0.05%)
  [scanner_cross] SOL: Binance $88.56 | OKX $88.58 | spread +0.0226%
  [scanner_cross] SOL: Skipped (spread 0.0226% < threshold 0.05%)
📡 Scanning P2P markets across LATAM...
  [scanner_p2p] Scanning USDT/MXN...
  [scanner_p2p] USDT/MXN: Buy $17.7580 | Spread +0.000% | Depth 44746 USDT | Skipped (< 0.20%)
  [scanner_p2p] Scanning USDT/COP...
  [scanner_p2p] USDT/COP: Buy $3738.3740 | Spread -0.138% | Depth 49463 USDT | Skipped (< 0.20%)
  [scanner_p2p] Scanning USDT/VES...
  [scanner_p2p] USDT/VES: Buy $627.7600 | Spread -9.727% | Depth 52870 USDT | Logged
  [scanner_p2p] Scanning USDT/ARS...
  [scanner_p2p] USDT/ARS: Buy $1458.8700 | Spread +0.186% | Depth 6497 USDT | Skipped (< 0.20%)
📡 P2P scan complete: 4/4 pairs successful
[scanner_basis] Scanning BTCUSDT...
  [scanner_basis] Spot: $71082.84 | Futures: $71047.80 | Basis: -0.0493%
  [scanner_basis] Logged (basis 0.0493% >= threshold 0.02%)
✅ DB inicializada: storage/batman.db

🦇 RISK SCORES TOP 10
SYM       VOL_Z   RISK REGIME
-----------------------------------
UAL       -2.24   2.99 STRESS
DAL       -1.84   2.77 STRESS
XLP       -2.40   1.52 TENSION
MCD       -2.08   1.46 TENSION
MAR       -1.92   1.37 TENSION
FOXA      -2.51   1.25 TENSION
KO        -1.99   1.19 TENSION
XLK       -2.84   1.17 TENSION
TLT       -2.49   1.15 TENSION
QQQ       -2.31   1.14 TENSION
[scanner_cross] Scanning 3 pairs (threshold: 0.05%)...
  [scanner_cross] BTC: Binance $71033.40 | OKX $71040.00 | spread +0.0093%
  [scanner_cross] BTC: Skipped (spread 0.0093% < threshold 0.05%)
  [scanner_cross] ETH: Binance $2071.55 | OKX $2071.45 | spread -0.0048%
  [scanner_cross] ETH: Skipped (spread 0.0048% < threshold 0.05%)
  [scanner_cross] SOL: Binance $88.49 | OKX $88.48 | spread -0.0113%
  [scanner_cross] SOL: Skipped (spread 0.0113% < threshold 0.05%)
📡 Scanning P2P markets across LATAM...
  [scanner_p2p] Scanning USDT/MXN...
  [scanner_p2p] USDT/MXN: Buy $17.7580 | Spread +0.000% | Depth 44739 USDT | Skipped (< 0.20%)
  [scanner_p2p] Scanning USDT/COP...
  [scanner_p2p] USDT/COP: Buy $3738.3740 | Spread -0.140% | Depth 66626 USDT | Skipped (< 0.20%)
  [scanner_p2p] Scanning USDT/VES...
  [scanner_p2p] USDT/VES: Buy $627.7600 | Spread -9.479% | Depth 51596 USDT | Logged
  [scanner_p2p] Scanning USDT/ARS...
  [scanner_p2p] USDT/ARS: Buy $1458.8700 | Spread +0.180% | Depth 7172 USDT | Skipped (< 0.20%)
📡 P2P scan complete: 4/4 pairs successful
[scanner_basis] Scanning BTCUSDT...
  [scanner_basis] Spot: $71035.78 | Futures: $70995.70 | Basis: -0.0564%
  [scanner_basis] Logged (basis 0.0564% >= threshold 0.02%)
✅ DB inicializada: storage/batman.db

🦇 RISK SCORES TOP 10
SYM       VOL_Z   RISK REGIME
-----------------------------------
DAL       -1.35   2.86 STRESS
UAL       -0.68   2.86 STRESS
MCD       -1.99   1.41 TENSION
MAR       -1.77   1.38 TENSION
IWM       -1.19   1.38 TENSION
XLP       -1.81   1.38 TENSION
FOXA      -2.24   1.19 TENSION
KO        -1.19   1.03 TENSION
GLD       -1.17   0.97 NORMAL
DIS       -1.49   0.97 NORMAL
[scanner_cross] Scanning 3 pairs (threshold: 0.05%)...
  [scanner_cross] BTC: Binance $70735.85 | OKX $70741.30 | spread +0.0077%
  [scanner_cross] BTC: Skipped (spread 0.0077% < threshold 0.05%)
  [scanner_cross] ETH: Binance $2061.29 | OKX $2061.02 | spread -0.0131%
  [scanner_cross] ETH: Skipped (spread 0.0131% < threshold 0.05%)
  [scanner_cross] SOL: Binance $88.02 | OKX $88.03 | spread +0.0114%
  [scanner_cross] SOL: Skipped (spread 0.0114% < threshold 0.05%)
📡 Scanning P2P markets across LATAM...
  [scanner_p2p] Scanning USDT/MXN...
  [scanner_p2p] USDT/MXN: Buy $17.7680 | Spread +0.011% | Depth 35773 USDT | Skipped (< 0.20%)
  [scanner_p2p] Scanning USDT/COP...
  [scanner_p2p] USDT/COP: Buy $3741.6000 | Spread -0.073% | Depth 93763 USDT | Skipped (< 0.20%)
  [scanner_p2p] Scanning USDT/VES...
  [scanner_p2p] USDT/VES: Buy $627.4200 | Spread -9.677% | Depth 162568 USDT | Logged
  [scanner_p2p] Scanning USDT/ARS...
  [scanner_p2p] USDT/ARS: Buy $1459.4460 | Spread +0.238% | Depth 13643 USDT | Logged
📡 P2P scan complete: 4/4 pairs successful
[scanner_basis] Scanning BTCUSDT...
  [scanner_basis] Spot: $70721.32 | Futures: $70714.80 | Basis: -0.0092%
  [scanner_basis] Skipped (basis 0.0092% < threshold 0.02%)
✅ DB inicializada: storage/batman.db

🦇 RISK SCORES TOP 10
SYM       VOL_Z   RISK REGIME
-----------------------------------
UAL       -0.68   2.88 STRESS
DAL       -1.35   2.88 STRESS
MCD       -1.99   1.40 TENSION
MAR       -1.77   1.38 TENSION
XLP       -1.81   1.37 TENSION
FOXA      -2.24   1.18 TENSION
KO        -1.19   1.03 TENSION
QQQ       -1.24   0.99 NORMAL
GLD       -1.17   0.98 NORMAL
XLK       -1.71   0.97 NORMAL
[scanner_cross] Scanning 3 pairs (threshold: 0.05%)...
  [scanner_cross] BTC: Binance $70795.69 | OKX $70802.60 | spread +0.0098%
  [scanner_cross] BTC: Skipped (spread 0.0098% < threshold 0.05%)
  [scanner_cross] ETH: Binance $2063.00 | OKX $2062.89 | spread -0.0053%
  [scanner_cross] ETH: Skipped (spread 0.0053% < threshold 0.05%)
  [scanner_cross] SOL: Binance $88.17 | OKX $88.18 | spread +0.0113%
  [scanner_cross] SOL: Skipped (spread 0.0113% < threshold 0.05%)
📡 Scanning P2P markets across LATAM...
  [scanner_p2p] Scanning USDT/MXN...
  [scanner_p2p] USDT/MXN: Buy $17.7680 | Spread -0.011% | Depth 35773 USDT | Skipped (< 0.20%)
  [scanner_p2p] Scanning USDT/COP...
  [scanner_p2p] USDT/COP: Buy $3741.6000 | Spread -0.073% | Depth 93763 USDT | Skipped (< 0.20%)
  [scanner_p2p] Scanning USDT/VES...
  [scanner_p2p] USDT/VES: Buy $608.1200 | Spread -12.457% | Depth 170478 USDT | Logged
  [scanner_p2p] Scanning USDT/ARS...
  [scanner_p2p] USDT/ARS: Buy $1459.4460 | Spread +0.244% | Depth 14255 USDT | Logged
📡 P2P scan complete: 4/4 pairs successful
[scanner_basis] Scanning BTCUSDT...
  [scanner_basis] Spot: $70819.53 | Futures: $70755.30 | Basis: -0.0907%
  [scanner_basis] Logged (basis 0.0907% >= threshold 0.02%)
✅ DB inicializada: storage/batman.db

🦇 RISK SCORES TOP 10
SYM       VOL_Z   RISK REGIME
-----------------------------------
UAL       -1.43   3.10 EXTREME
DAL       -1.36   2.74 STRESS
XLP       -2.35   1.51 TENSION
MAR       -1.44   1.37 TENSION
MCD       -1.49   1.22 TENSION
QQQ       -1.63   1.14 TENSION
KO        -1.54   1.07 TENSION
FOXA       0.94   1.03 TENSION
GLD       -0.85   0.93 NORMAL
HLT       -1.31   0.92 NORMAL
[scanner_cross] Scanning 3 pairs (threshold: 0.05%)...
  [scanner_cross] BTC: Binance $70786.65 | OKX $70789.40 | spread +0.0039%
  [scanner_cross] BTC: Skipped (spread 0.0039% < threshold 0.05%)
  [scanner_cross] ETH: Binance $2061.73 | OKX $2061.69 | spread -0.0019%
  [scanner_cross] ETH: Skipped (spread 0.0019% < threshold 0.05%)
  [scanner_cross] SOL: Binance $88.23 | OKX $88.22 | spread -0.0113%
  [scanner_cross] SOL: Skipped (spread 0.0113% < threshold 0.05%)
📡 Scanning P2P markets across LATAM...
  [scanner_p2p] Scanning USDT/MXN...
  [scanner_p2p] USDT/MXN: Buy $17.7680 | Spread -0.303% | Depth 34069 USDT | Logged
  [scanner_p2p] Scanning USDT/COP...
  [scanner_p2p] USDT/COP: Buy $3741.7220 | Spread -0.084% | Depth 78589 USDT | Skipped (< 0.20%)
  [scanner_p2p] Scanning USDT/VES...
  [scanner_p2p] USDT/VES: Buy $628.4596 | Spread -9.587% | Depth 246421 USDT | Logged
  [scanner_p2p] Scanning USDT/ARS...
  [scanner_p2p] USDT/ARS: Buy $1459.4160 | Spread +0.278% | Depth 18280 USDT | Logged
📡 P2P scan complete: 4/4 pairs successful
[scanner_basis] Scanning BTCUSDT...
  [scanner_basis] Spot: $70768.45 | Futures: $70748.90 | Basis: -0.0276%
  [scanner_basis] Logged (basis 0.0276% >= threshold 0.02%)
✅ DB inicializada: storage/batman.db

🦇 RISK SCORES TOP 10
SYM       VOL_Z   RISK REGIME
-----------------------------------
UAL       -0.54   2.85 STRESS
IWM       -1.79   1.66 TENSION
XLP       -2.35   1.50 TENSION
MCD       -1.49   1.21 TENSION
QQQ       -1.63   1.16 TENSION
MAR       -0.22   1.05 TENSION
FOXA       0.94   1.04 TENSION
DAL       -1.11   0.95 NORMAL
XLK       -1.23   0.95 NORMAL
GLD       -0.85   0.94 NORMAL
[scanner_cross] Scanning 3 pairs (threshold: 0.05%)...
  [scanner_cross] BTC: Binance $70765.86 | OKX $70768.70 | spread +0.0040%
  [scanner_cross] BTC: Skipped (spread 0.0040% < threshold 0.05%)
  [scanner_cross] ETH: Binance $2061.46 | OKX $2061.38 | spread -0.0039%
  [scanner_cross] ETH: Skipped (spread 0.0039% < threshold 0.05%)
  [scanner_cross] SOL: Binance $88.18 | OKX $88.20 | spread +0.0227%
  [scanner_cross] SOL: Skipped (spread 0.0227% < threshold 0.05%)
📡 Scanning P2P markets across LATAM...
  [scanner_p2p] Scanning USDT/MXN...
  [scanner_p2p] USDT/MXN: Buy $17.7680 | Spread -0.303% | Depth 34069 USDT | Logged
  [scanner_p2p] Scanning USDT/COP...
  [scanner_p2p] USDT/COP: Buy $3742.5220 | Spread -0.070% | Depth 71949 USDT | Skipped (< 0.20%)
  [scanner_p2p] Scanning USDT/VES...
  [scanner_p2p] USDT/VES: Buy $627.7798 | Spread -9.688% | Depth 242665 USDT | Logged
  [scanner_p2p] Scanning USDT/ARS...
  [scanner_p2p] USDT/ARS: Buy $1459.4160 | Spread +0.278% | Depth 40356 USDT | Logged
📡 P2P scan complete: 4/4 pairs successful
[scanner_basis] Scanning BTCUSDT...
  [scanner_basis] Spot: $70743.06 | Futures: $70714.80 | Basis: -0.0399%
  [scanner_basis] Logged (basis 0.0399% >= threshold 0.02%)
✅ DB inicializada: storage/batman.db

🦇 RISK SCORES TOP 10
SYM       VOL_Z   RISK REGIME
-----------------------------------
UAL       -1.00   2.85 STRESS
DAL       -1.16   2.58 STRESS
XLF        2.55   1.95 TENSION
XLK        2.06   1.65 TENSION
TLT        2.08   1.49 TENSION
MAR       -1.17   1.31 TENSION
IWM       -0.41   1.24 TENSION
MCD       -1.44   1.19 TENSION
XLP       -1.13   1.14 TENSION
HLT       -0.98   0.83 NORMAL
[scanner_cross] Scanning 3 pairs (threshold: 0.05%)...
  [scanner_cross] BTC: Binance $70790.98 | OKX $70798.80 | spread +0.0110%
  [scanner_cross] BTC: Skipped (spread 0.0110% < threshold 0.05%)
  [scanner_cross] ETH: Binance $2062.68 | OKX $2062.76 | spread +0.0039%
  [scanner_cross] ETH: Skipped (spread 0.0039% < threshold 0.05%)
  [scanner_cross] SOL: Binance $88.17 | OKX $88.18 | spread +0.0113%
  [scanner_cross] SOL: Skipped (spread 0.0113% < threshold 0.05%)
📡 Scanning P2P markets across LATAM...
  [scanner_p2p] Scanning USDT/MXN...
  [scanner_p2p] USDT/MXN: Buy $17.7680 | Spread -0.124% | Depth 35669 USDT | Skipped (< 0.20%)
  [scanner_p2p] Scanning USDT/COP...
  [scanner_p2p] USDT/COP: Buy $3738.9500 | Spread -0.184% | Depth 88422 USDT | Skipped (< 0.20%)
  [scanner_p2p] Scanning USDT/VES...
  [scanner_p2p] USDT/VES: Buy $628.9600 | Spread -9.624% | Depth 84138 USDT | Logged
  [scanner_p2p] Scanning USDT/ARS...
  [scanner_p2p] USDT/ARS: Buy $1459.4340 | Spread +0.271% | Depth 8610 USDT | Logged
📡 P2P scan complete: 4/4 pairs successful
[scanner_basis] Scanning BTCUSDT...
  [scanner_basis] Spot: $70813.15 | Futures: $70766.10 | Basis: -0.0664%
  [scanner_basis] Logged (basis 0.0664% >= threshold 0.02%)
✅ DB inicializada: storage/batman.db

🦇 RISK SCORES TOP 10
SYM       VOL_Z   RISK REGIME
-----------------------------------
UAL       -2.26   3.16 EXTREME
DAL       -1.94   2.71 STRESS
IWM       -2.72   1.89 TENSION
XLP       -2.95   1.66 TENSION
TLT        2.25   1.58 TENSION
MAR       -1.92   1.49 TENSION
KO        -2.82   1.44 TENSION
DIS       -2.90   1.41 TENSION
MCD       -2.17   1.35 TENSION
PEP       -2.55   1.16 TENSION
[scanner_cross] Scanning 3 pairs (threshold: 0.05%)...
  [scanner_cross] BTC: Binance $70800.45 | OKX $70796.50 | spread -0.0056%
  [scanner_cross] BTC: Skipped (spread 0.0056% < threshold 0.05%)
  [scanner_cross] ETH: Binance $2062.04 | OKX $2061.70 | spread -0.0165%
  [scanner_cross] ETH: Skipped (spread 0.0165% < threshold 0.05%)
  [scanner_cross] SOL: Binance $88.16 | OKX $88.17 | spread +0.0113%
  [scanner_cross] SOL: Skipped (spread 0.0113% < threshold 0.05%)
📡 Scanning P2P markets across LATAM...
  [scanner_p2p] Scanning USDT/MXN...
  [scanner_p2p] USDT/MXN: Buy $17.7700 | Spread -0.112% | Depth 24562 USDT | Skipped (< 0.20%)
  [scanner_p2p] Scanning USDT/COP...
  [scanner_p2p] USDT/COP: Buy $3738.1500 | Spread -0.208% | Depth 87281 USDT | Logged
  [scanner_p2p] Scanning USDT/VES...
  [scanner_p2p] USDT/VES: Buy $628.8980 | Spread -9.685% | Depth 56877 USDT | Logged
  [scanner_p2p] Scanning USDT/ARS...
  [scanner_p2p] USDT/ARS: Buy $1459.4340 | Spread +0.268% | Depth 16242 USDT | Logged
📡 P2P scan complete: 4/4 pairs successful
[scanner_basis] Scanning BTCUSDT...
  [scanner_basis] Spot: $70839.33 | Futures: $70773.00 | Basis: -0.0936%
  [scanner_basis] Logged (basis 0.0936% >= threshold 0.02%)
✅ DB inicializada: storage/batman.db

🦇 RISK SCORES TOP 10
SYM       VOL_Z   RISK REGIME
-----------------------------------
UAL       -2.14   2.95 STRESS
DAL       -1.60   2.39 STRESS
IWM       -2.28   1.80 TENSION
XLP       -2.58   1.59 TENSION
DIS       -2.82   1.45 TENSION
QQQ       -2.53   1.44 TENSION
MAR       -1.87   1.40 TENSION
KO        -2.38   1.35 TENSION
MCD       -1.69   1.30 TENSION
XLY       -2.39   1.21 TENSION
[scanner_cross] Scanning 3 pairs (threshold: 0.05%)...
  [scanner_cross] BTC: Binance $70842.06 | OKX $70829.90 | spread -0.0172%
  [scanner_cross] BTC: Skipped (spread 0.0172% < threshold 0.05%)
  [scanner_cross] ETH: Binance $2066.32 | OKX $2066.01 | spread -0.0150%
  [scanner_cross] ETH: Skipped (spread 0.0150% < threshold 0.05%)
  [scanner_cross] SOL: Binance $88.19 | OKX $88.20 | spread +0.0113%
  [scanner_cross] SOL: Skipped (spread 0.0113% < threshold 0.05%)
📡 Scanning P2P markets across LATAM...
  [scanner_p2p] Scanning USDT/MXN...
  [scanner_p2p] USDT/MXN: Buy $17.7640 | Spread -0.157% | Depth 16778 USDT | Skipped (< 0.20%)
  [scanner_p2p] Scanning USDT/COP...
  [scanner_p2p] USDT/COP: Buy $3742.1900 | Spread -0.054% | Depth 65078 USDT | Skipped (< 0.20%)
  [scanner_p2p] Scanning USDT/VES...
  [scanner_p2p] USDT/VES: Buy $629.0700 | Spread -9.146% | Depth 206545 USDT | Logged
  [scanner_p2p] Scanning USDT/ARS...
  [scanner_p2p] USDT/ARS: Buy $1459.6460 | Spread +0.237% | Depth 15936 USDT | Logged
📡 P2P scan complete: 4/4 pairs successful
[scanner_basis] Scanning BTCUSDT...
  [scanner_basis] Spot: $70846.27 | Futures: $70818.00 | Basis: -0.0399%
  [scanner_basis] Logged (basis 0.0399% >= threshold 0.02%)
✅ DB inicializada: storage/batman.db

🦇 RISK SCORES TOP 10
SYM       VOL_Z   RISK REGIME
-----------------------------------
UAL       -2.14   2.93 STRESS
DAL       -1.60   2.35 STRESS
IWM       -2.28   1.79 TENSION
XLP       -2.58   1.58 TENSION
DIS       -2.82   1.44 TENSION
QQQ       -2.53   1.42 TENSION
MAR       -1.87   1.39 TENSION
DKNG       1.46   1.38 TENSION
MCD       -1.68   1.30 TENSION
KO        -2.10   1.28 TENSION
[scanner_cross] Scanning 3 pairs (threshold: 0.05%)...
  [scanner_cross] BTC: Binance $70928.40 | OKX $70935.40 | spread +0.0099%
  [scanner_cross] BTC: Skipped (spread 0.0099% < threshold 0.05%)
  [scanner_cross] ETH: Binance $2069.37 | OKX $2069.78 | spread +0.0198%
  [scanner_cross] ETH: Skipped (spread 0.0198% < threshold 0.05%)
  [scanner_cross] SOL: Binance $88.31 | OKX $88.30 | spread -0.0113%
  [scanner_cross] SOL: Skipped (spread 0.0113% < threshold 0.05%)
📡 Scanning P2P markets across LATAM...
  [scanner_p2p] Scanning USDT/MXN...
  [scanner_p2p] USDT/MXN: Buy $17.7640 | Spread -0.157% | Depth 16485 USDT | Skipped (< 0.20%)
  [scanner_p2p] Scanning USDT/COP...
  [scanner_p2p] USDT/COP: Buy $3741.9800 | Spread -0.061% | Depth 68088 USDT | Skipped (< 0.20%)
  [scanner_p2p] Scanning USDT/VES...
  [scanner_p2p] USDT/VES: Buy $628.4798 | Spread -9.232% | Depth 211087 USDT | Logged
  [scanner_p2p] Scanning USDT/ARS...
  [scanner_p2p] USDT/ARS: Buy $1459.6120 | Spread +0.232% | Depth 13633 USDT | Logged
📡 P2P scan complete: 4/4 pairs successful
[scanner_basis] Scanning BTCUSDT...
  [scanner_basis] Spot: $70908.07 | Futures: $70899.90 | Basis: -0.0115%
  [scanner_basis] Skipped (basis 0.0115% < threshold 0.02%)
✅ DB inicializada: storage/batman.db

🦇 RISK SCORES TOP 10
SYM       VOL_Z   RISK REGIME
-----------------------------------
UAL       -1.22   2.61 STRESS
DAL       -1.46   2.22 STRESS
IWM       -2.16   1.73 TENSION
QQQ       -2.36   1.41 TENSION
MAR       -1.55   1.35 TENSION
MCD       -1.66   1.30 TENSION
KO        -1.69   1.26 TENSION
XLY       -2.33   1.23 TENSION
XLP       -1.03   1.12 TENSION
PEP       -1.64   1.05 TENSION
[scanner_cross] Scanning 3 pairs (threshold: 0.05%)...
  [scanner_cross] BTC: Binance $70955.48 | OKX $70952.80 | spread -0.0038%
  [scanner_cross] BTC: Skipped (spread 0.0038% < threshold 0.05%)
  [scanner_cross] ETH: Binance $2073.10 | OKX $2073.34 | spread +0.0116%
  [scanner_cross] ETH: Skipped (spread 0.0116% < threshold 0.05%)
  [scanner_cross] SOL: Binance $88.55 | OKX $88.54 | spread -0.0113%
  [scanner_cross] SOL: Skipped (spread 0.0113% < threshold 0.05%)
📡 Scanning P2P markets across LATAM...
  [scanner_p2p] Scanning USDT/MXN...
  [scanner_p2p] USDT/MXN: Buy $17.7660 | Spread -0.225% | Depth 27619 USDT | Logged
  [scanner_p2p] Scanning USDT/COP...
  [scanner_p2p] USDT/COP: Buy $3744.7900 | Spread +0.017% | Depth 95300 USDT | Skipped (< 0.20%)
  [scanner_p2p] Scanning USDT/VES...
  [scanner_p2p] USDT/VES: Buy $629.5358 | Spread -9.319% | Depth 222132 USDT | Logged
  [scanner_p2p] Scanning USDT/ARS...
  [scanner_p2p] USDT/ARS: Buy $1459.6700 | Spread +0.215% | Depth 33900 USDT | Logged
📡 P2P scan complete: 4/4 pairs successful
[scanner_basis] Scanning BTCUSDT...
  [scanner_basis] Spot: $70971.41 | Futures: $70914.30 | Basis: -0.0805%
  [scanner_basis] Logged (basis 0.0805% >= threshold 0.02%)
✅ DB inicializada: storage/batman.db

🦇 RISK SCORES TOP 10
SYM       VOL_Z   RISK REGIME
-----------------------------------
UAL       -1.09   2.56 STRESS
DAL       -1.36   2.18 STRESS
IWM       -1.90   1.64 TENSION
QQQ       -2.07   1.32 TENSION
MAR       -1.45   1.32 TENSION
MCD       -1.45   1.25 TENSION
XLY       -2.08   1.14 TENSION
XLP       -0.73   1.05 TENSION
GLD       -1.49   1.04 TENSION
XLE        0.89   1.00 TENSION
[scanner_cross] Scanning 3 pairs (threshold: 0.05%)...
  [scanner_cross] BTC: Binance $70971.79 | OKX $70971.30 | spread -0.0007%
  [scanner_cross] BTC: Skipped (spread 0.0007% < threshold 0.05%)
  [scanner_cross] ETH: Binance $2073.45 | OKX $2074.17 | spread +0.0347%
  [scanner_cross] ETH: Skipped (spread 0.0347% < threshold 0.05%)
  [scanner_cross] SOL: Binance $88.57 | OKX $88.58 | spread +0.0113%
  [scanner_cross] SOL: Skipped (spread 0.0113% < threshold 0.05%)
📡 Scanning P2P markets across LATAM...
  [scanner_p2p] Scanning USDT/MXN...
  [scanner_p2p] USDT/MXN: Buy $17.7660 | Spread -0.225% | Depth 27619 USDT | Logged
  [scanner_p2p] Scanning USDT/COP...
  [scanner_p2p] USDT/COP: Buy $3744.7740 | Spread +0.018% | Depth 72346 USDT | Skipped (< 0.20%)
  [scanner_p2p] Scanning USDT/VES...
  [scanner_p2p] USDT/VES: Buy $629.0800 | Spread -9.409% | Depth 214773 USDT | Logged
  [scanner_p2p] Scanning USDT/ARS...
  [scanner_p2p] USDT/ARS: Buy $1459.7500 | Spread +0.219% | Depth 36404 USDT | Logged
📡 P2P scan complete: 4/4 pairs successful
[scanner_basis] Scanning BTCUSDT...
  [scanner_basis] Spot: $70926.13 | Futures: $70934.50 | Basis: +0.0118%
  [scanner_basis] Skipped (basis 0.0118% < threshold 0.02%)
✅ DB inicializada: storage/batman.db

🦇 RISK SCORES TOP 10
SYM       VOL_Z   RISK REGIME
-----------------------------------
UAL       -1.45   2.73 STRESS
DAL       -1.16   2.23 STRESS
IWM       -1.39   1.52 TENSION
MCD       -1.76   1.35 TENSION
QQQ       -1.70   1.22 TENSION
MAR       -0.79   1.18 TENSION
XLP       -1.06   1.13 TENSION
XLY       -2.05   1.12 TENSION
DIS       -1.81   1.11 TENSION
KO         0.54   1.03 TENSION
[scanner_cross] Scanning 3 pairs (threshold: 0.05%)...
  [scanner_cross] BTC: Binance $70916.04 | OKX $70915.90 | spread -0.0002%
  [scanner_cross] BTC: Skipped (spread 0.0002% < threshold 0.05%)
  [scanner_cross] ETH: Binance $2074.08 | OKX $2074.02 | spread -0.0029%
  [scanner_cross] ETH: Skipped (spread 0.0029% < threshold 0.05%)
  [scanner_cross] SOL: Binance $88.67 | OKX $88.68 | spread +0.0113%
  [scanner_cross] SOL: Skipped (spread 0.0113% < threshold 0.05%)
📡 Scanning P2P markets across LATAM...
  [scanner_p2p] Scanning USDT/MXN...
  [scanner_p2p] USDT/MXN: Buy $17.7660 | Spread -0.292% | Depth 24917 USDT | Logged
  [scanner_p2p] Scanning USDT/COP...
  [scanner_p2p] USDT/COP: Buy $3743.6040 | Spread -0.064% | Depth 82897 USDT | Skipped (< 0.20%)
  [scanner_p2p] Scanning USDT/VES...
  [scanner_p2p] USDT/VES: Buy $629.5566 | Spread -9.390% | Depth 206304 USDT | Logged
  [scanner_p2p] Scanning USDT/ARS...
  [scanner_p2p] USDT/ARS: Buy $1459.7420 | Spread +0.186% | Depth 28940 USDT | Skipped (< 0.20%)
📡 P2P scan complete: 4/4 pairs successful
[scanner_basis] Scanning BTCUSDT...
  [scanner_basis] Spot: $70896.23 | Futures: $70879.70 | Basis: -0.0233%
  [scanner_basis] Logged (basis 0.0233% >= threshold 0.02%)
✅ DB inicializada: storage/batman.db

🦇 RISK SCORES TOP 10
SYM       VOL_Z   RISK REGIME
-----------------------------------
UAL       -1.21   2.70 STRESS
DAL       -0.99   2.20 STRESS
IWM       -1.08   1.43 TENSION
MCD       -1.46   1.27 TENSION
MAR       -0.75   1.16 TENSION
QQQ       -1.34   1.11 TENSION
XLP       -0.91   1.09 TENSION
KO         0.54   1.03 TENSION
XLY       -1.68   1.01 TENSION
XLK       -1.27   0.94 NORMAL
[scanner_cross] Scanning 3 pairs (threshold: 0.05%)...
  [scanner_cross] BTC: Binance $70866.13 | OKX $70868.70 | spread +0.0036%
  [scanner_cross] BTC: Skipped (spread 0.0036% < threshold 0.05%)
  [scanner_cross] ETH: Binance $2072.31 | OKX $2072.45 | spread +0.0068%
  [scanner_cross] ETH: Skipped (spread 0.0068% < threshold 0.05%)
  [scanner_cross] SOL: Binance $88.60 | OKX $88.60 | spread +0.0000%
  [scanner_cross] SOL: Skipped (spread 0.0000% < threshold 0.05%)
📡 Scanning P2P markets across LATAM...
  [scanner_p2p] Scanning USDT/MXN...
  [scanner_p2p] USDT/MXN: Buy $17.7660 | Spread -0.292% | Depth 24917 USDT | Logged
  [scanner_p2p] Scanning USDT/COP...
  [scanner_p2p] USDT/COP: Buy $3743.7840 | Spread -0.058% | Depth 57339 USDT | Skipped (< 0.20%)
  [scanner_p2p] Scanning USDT/VES...
  [scanner_p2p] USDT/VES: Buy $629.5568 | Spread -9.390% | Depth 206289 USDT | Logged
  [scanner_p2p] Scanning USDT/ARS...
  [scanner_p2p] USDT/ARS: Buy $1459.7420 | Spread +0.186% | Depth 32358 USDT | Skipped (< 0.20%)
📡 P2P scan complete: 4/4 pairs successful
[scanner_basis] Scanning BTCUSDT...
  [scanner_basis] Spot: $70866.14 | Futures: $70837.20 | Basis: -0.0408%
  [scanner_basis] Logged (basis 0.0408% >= threshold 0.02%)
✅ DB inicializada: storage/batman.db

🦇 RISK SCORES TOP 10
SYM       VOL_Z   RISK REGIME
-----------------------------------
UAL       -1.67   2.87 STRESS
DAL       -1.68   2.40 STRESS
MCD       -3.19   1.88 TENSION
IWM       -2.45   1.74 TENSION
KO        -2.37   1.52 TENSION
QQQ       -2.65   1.40 TENSION
PEP       -2.12   1.33 TENSION
DIS       -2.51   1.30 TENSION
XLY       -2.76   1.28 TENSION
XLP       -1.40   1.24 TENSION
[scanner_cross] Scanning 3 pairs (threshold: 0.05%)...
  [scanner_cross] BTC: Binance $71227.62 | OKX $71241.50 | spread +0.0195%
  [scanner_cross] BTC: Skipped (spread 0.0195% < threshold 0.05%)
  [scanner_cross] ETH: Binance $2077.88 | OKX $2078.01 | spread +0.0063%
  [scanner_cross] ETH: Skipped (spread 0.0063% < threshold 0.05%)
  [scanner_cross] SOL: Binance $89.01 | OKX $89.00 | spread -0.0112%
  [scanner_cross] SOL: Skipped (spread 0.0112% < threshold 0.05%)
📡 Scanning P2P markets across LATAM...
  [scanner_p2p] Scanning USDT/MXN...
  [scanner_p2p] USDT/MXN: Buy $17.7880 | Spread -0.090% | Depth 24182 USDT | Skipped (< 0.20%)
  [scanner_p2p] Scanning USDT/COP...
  [scanner_p2p] USDT/COP: Buy $3742.9940 | Spread -0.132% | Depth 81401 USDT | Skipped (< 0.20%)
  [scanner_p2p] Scanning USDT/VES...
  [scanner_p2p] USDT/VES: Buy $629.6176 | Spread -9.316% | Depth 122900 USDT | Logged
  [scanner_p2p] Scanning USDT/ARS...
  [scanner_p2p] USDT/ARS: Buy $1459.3380 | Spread +0.102% | Depth 40020 USDT | Skipped (< 0.20%)
📡 P2P scan complete: 4/4 pairs successful
[scanner_basis] Scanning BTCUSDT...
  [scanner_basis] Spot: $71231.80 | Futures: $71193.70 | Basis: -0.0535%
  [scanner_basis] Logged (basis 0.0535% >= threshold 0.02%)
✅ DB inicializada: storage/batman.db

🦇 RISK SCORES TOP 10
SYM       VOL_Z   RISK REGIME
-----------------------------------
UAL       -1.67   2.85 STRESS
DAL       -1.57   2.36 STRESS
MCD       -3.02   1.84 TENSION
IWM       -2.45   1.74 TENSION
KO        -1.90   1.42 TENSION
QQQ       -2.65   1.41 TENSION
MAR       -1.72   1.37 TENSION
DIS       -2.38   1.30 TENSION
XLY       -2.76   1.28 TENSION
PEP       -1.76   1.24 TENSION
[scanner_cross] Scanning 3 pairs (threshold: 0.05%)...
  [scanner_cross] BTC: Binance $71233.68 | OKX $71241.50 | spread +0.0110%
  [scanner_cross] BTC: Skipped (spread 0.0110% < threshold 0.05%)
  [scanner_cross] ETH: Binance $2078.64 | OKX $2078.88 | spread +0.0115%
  [scanner_cross] ETH: Skipped (spread 0.0115% < threshold 0.05%)
  [scanner_cross] SOL: Binance $89.00 | OKX $89.01 | spread +0.0112%
  [scanner_cross] SOL: Skipped (spread 0.0112% < threshold 0.05%)
📡 Scanning P2P markets across LATAM...
  [scanner_p2p] Scanning USDT/MXN...
  [scanner_p2p] USDT/MXN: Buy $17.7880 | Spread -0.101% | Depth 23977 USDT | Skipped (< 0.20%)
  [scanner_p2p] Scanning USDT/COP...
  [scanner_p2p] USDT/COP: Buy $3741.3960 | Spread -0.182% | Depth 64105 USDT | Skipped (< 0.20%)
  [scanner_p2p] Scanning USDT/VES...
  [scanner_p2p] USDT/VES: Buy $629.6976 | Spread -9.344% | Depth 120342 USDT | Logged
  [scanner_p2p] Scanning USDT/ARS...
  [scanner_p2p] USDT/ARS: Buy $1448.4780 | Spread -0.645% | Depth 33456 USDT | Logged
📡 P2P scan complete: 4/4 pairs successful
[scanner_basis] Scanning BTCUSDT...
  [scanner_basis] Spot: $71230.18 | Futures: $71195.20 | Basis: -0.0491%
  [scanner_basis] Logged (basis 0.0491% >= threshold 0.02%)
✅ DB inicializada: storage/batman.db

🦇 RISK SCORES TOP 10
SYM       VOL_Z   RISK REGIME
-----------------------------------
UAL       -1.00   2.65 STRESS
DAL       -0.87   2.10 STRESS
IWM       -1.77   1.61 TENSION
MCD        0.97   1.51 TENSION
KO        -1.73   1.40 TENSION
DIS       -1.86   1.21 TENSION
MAR       -1.38   1.20 TENSION
PEP       -1.02   1.14 TENSION
FOXA      -2.27   1.11 TENSION
XLY       -1.73   1.06 TENSION
[scanner_cross] Scanning 3 pairs (threshold: 0.05%)...
  [scanner_cross] BTC: Binance $71125.62 | OKX $71125.30 | spread -0.0004%
  [scanner_cross] BTC: Skipped (spread 0.0004% < threshold 0.05%)
  [scanner_cross] ETH: Binance $2078.40 | OKX $2078.53 | spread +0.0063%
  [scanner_cross] ETH: Skipped (spread 0.0063% < threshold 0.05%)
  [scanner_cross] SOL: Binance $88.92 | OKX $88.96 | spread +0.0450%
  [scanner_cross] SOL: Skipped (spread 0.0450% < threshold 0.05%)
📡 Scanning P2P markets across LATAM...
  [scanner_p2p] Scanning USDT/MXN...
  [scanner_p2p] USDT/MXN: Buy $17.8100 | Spread -0.079% | Depth 28610 USDT | Skipped (< 0.20%)
  [scanner_p2p] Scanning USDT/COP...
  [scanner_p2p] USDT/COP: Buy $3742.4000 | Spread -0.161% | Depth 66385 USDT | Skipped (< 0.20%)
  [scanner_p2p] Scanning USDT/VES...
  [scanner_p2p] USDT/VES: Buy $628.3600 | Spread -9.542% | Depth 136801 USDT | Logged
  [scanner_p2p] Scanning USDT/ARS...
  [scanner_p2p] USDT/ARS: Buy $1459.5200 | Spread -1.295% | Depth 29852 USDT | Logged
📡 P2P scan complete: 4/4 pairs successful
[scanner_basis] Scanning BTCUSDT...
  [scanner_basis] Spot: $71069.85 | Futures: $71092.00 | Basis: +0.0312%
  [scanner_basis] Logged (basis 0.0312% >= threshold 0.02%)
✅ DB inicializada: storage/batman.db

🦇 RISK SCORES TOP 10
SYM       VOL_Z   RISK REGIME
-----------------------------------
UAL       -0.86   2.64 STRESS
MCD        2.40   2.35 STRESS
DAL       -0.87   2.10 STRESS
IWM       -1.77   1.63 TENSION
PEP        0.82   1.30 TENSION
KO        -1.09   1.24 TENSION
MAR       -1.38   1.20 TENSION
QQQ       -1.70   1.18 TENSION
XLP       -0.79   1.17 TENSION
DIS       -1.53   1.13 TENSION
[scanner_cross] Scanning 3 pairs (threshold: 0.05%)...
  [scanner_cross] BTC: Binance $71131.56 | OKX $71132.10 | spread +0.0008%
  [scanner_cross] BTC: Skipped (spread 0.0008% < threshold 0.05%)
  [scanner_cross] ETH: Binance $2077.95 | OKX $2078.09 | spread +0.0067%
  [scanner_cross] ETH: Skipped (spread 0.0067% < threshold 0.05%)
  [scanner_cross] SOL: Binance $88.90 | OKX $88.91 | spread +0.0112%
  [scanner_cross] SOL: Skipped (spread 0.0112% < threshold 0.05%)
📡 Scanning P2P markets across LATAM...
  [scanner_p2p] Scanning USDT/MXN...
  [scanner_p2p] USDT/MXN: Buy $17.8100 | Spread -0.079% | Depth 30905 USDT | Skipped (< 0.20%)
  [scanner_p2p] Scanning USDT/COP...
  [scanner_p2p] USDT/COP: Buy $3742.4000 | Spread -0.164% | Depth 64481 USDT | Skipped (< 0.20%)
  [scanner_p2p] Scanning USDT/VES...
  [scanner_p2p] USDT/VES: Buy $629.3600 | Spread -9.398% | Depth 136747 USDT | Logged
  [scanner_p2p] Scanning USDT/ARS...
  [scanner_p2p] USDT/ARS: Buy $1459.5200 | Spread -1.295% | Depth 4225 USDT | Logged
📡 P2P scan complete: 4/4 pairs successful
[scanner_basis] Scanning BTCUSDT...
  [scanner_basis] Spot: $71112.53 | Futures: $71100.10 | Basis: -0.0175%
  [scanner_basis] Skipped (basis 0.0175% < threshold 0.02%)
✅ DB inicializada: storage/batman.db

🦇 RISK SCORES TOP 10
SYM       VOL_Z   RISK REGIME
-----------------------------------
UAL       -1.50   2.81 STRESS
DAL       -1.13   2.11 STRESS
IWM       -1.60   1.55 TENSION
KO        -1.41   1.26 TENSION
QQQ       -1.76   1.25 TENSION
XLY       -2.13   1.19 TENSION
MAR       -1.25   1.12 TENSION
XLP       -0.94   1.12 TENSION
XLF        0.65   1.04 TENSION
XLK       -1.64   1.03 TENSION
[scanner_cross] Scanning 3 pairs (threshold: 0.05%)...
  [scanner_cross] BTC: Binance $71102.68 | OKX $71111.20 | spread +0.0120%
  [scanner_cross] BTC: Skipped (spread 0.0120% < threshold 0.05%)
  [scanner_cross] ETH: Binance $2079.44 | OKX $2079.48 | spread +0.0019%
  [scanner_cross] ETH: Skipped (spread 0.0019% < threshold 0.05%)
  [scanner_cross] SOL: Binance $88.98 | OKX $88.99 | spread +0.0112%
  [scanner_cross] SOL: Skipped (spread 0.0112% < threshold 0.05%)
📡 Scanning P2P markets across LATAM...
  [scanner_p2p] Scanning USDT/MXN...
  [scanner_p2p] USDT/MXN: Buy $17.8260 | Spread +0.247% | Depth 47335 USDT | Logged
  [scanner_p2p] Scanning USDT/COP...
  [scanner_p2p] USDT/COP: Buy $3743.0260 | Spread -0.152% | Depth 21579 USDT | Skipped (< 0.20%)
  [scanner_p2p] Scanning USDT/VES...
  [scanner_p2p] USDT/VES: Buy $629.5382 | Spread -9.100% | Depth 67534 USDT | Logged
  [scanner_p2p] Scanning USDT/ARS...
  [scanner_p2p] USDT/ARS: Buy $1459.7420 | Spread -0.855% | Depth 26301 USDT | Logged
📡 P2P scan complete: 4/4 pairs successful
[scanner_basis] Scanning BTCUSDT...
  [scanner_basis] Spot: $71102.68 | Futures: $71070.80 | Basis: -0.0448%
  [scanner_basis] Logged (basis 0.0448% >= threshold 0.02%)
✅ DB inicializada: storage/batman.db

🦇 RISK SCORES TOP 10
SYM       VOL_Z   RISK REGIME
-----------------------------------
UAL       -1.21   2.73 STRESS
DAL       -0.85   2.05 STRESS
IWM       -1.27   1.48 TENSION
XLF        0.96   1.26 TENSION
MAR       -1.13   1.10 TENSION
KO        -0.82   1.09 TENSION
XLK       -1.44   0.99 NORMAL
QQQ       -0.99   0.99 NORMAL
FOXA      -1.57   0.96 NORMAL
MCD       -0.40   0.95 NORMAL
[scanner_cross] Scanning 3 pairs (threshold: 0.05%)...
  [scanner_cross] BTC: Binance $71050.66 | OKX $71056.00 | spread +0.0075%
  [scanner_cross] BTC: Skipped (spread 0.0075% < threshold 0.05%)
  [scanner_cross] ETH: Binance $2078.35 | OKX $2078.50 | spread +0.0072%
  [scanner_cross] ETH: Skipped (spread 0.0072% < threshold 0.05%)
  [scanner_cross] SOL: Binance $88.93 | OKX $88.93 | spread +0.0000%
  [scanner_cross] SOL: Skipped (spread 0.0000% < threshold 0.05%)
📡 Scanning P2P markets across LATAM...
  [scanner_p2p] Scanning USDT/MXN...
  [scanner_p2p] USDT/MXN: Buy $17.8260 | Spread +0.247% | Depth 47335 USDT | Logged
  [scanner_p2p] Scanning USDT/COP...
  [scanner_p2p] USDT/COP: Buy $3743.5980 | Spread -0.138% | Depth 21857 USDT | Skipped (< 0.20%)
  [scanner_p2p] Scanning USDT/VES...
  [scanner_p2p] USDT/VES: Buy $629.5398 | Spread -9.081% | Depth 61746 USDT | Logged
  [scanner_p2p] Scanning USDT/ARS...
  [scanner_p2p] USDT/ARS: Buy $1459.7420 | Spread -0.850% | Depth 27174 USDT | Logged
📡 P2P scan complete: 4/4 pairs successful
[scanner_basis] Scanning BTCUSDT...
  [scanner_basis] Spot: $71046.91 | Futures: $71017.80 | Basis: -0.0410%
  [scanner_basis] Logged (basis 0.0410% >= threshold 0.02%)
✅ DB inicializada: storage/batman.db

🦇 RISK SCORES TOP 10
SYM       VOL_Z   RISK REGIME
-----------------------------------
UAL       -1.28   2.85 STRESS
DAL        0.91   2.31 STRESS
IWM       -1.36   1.52 TENSION
DIS        1.33   1.21 TENSION
QQQ       -1.33   1.12 TENSION
KO        -0.84   1.08 TENSION
XLP       -0.49   1.00 NORMAL
MCD       -0.62   0.94 NORMAL
PEP        0.08   0.91 NORMAL
GLD       -0.94   0.89 NORMAL
[scanner_cross] Scanning 3 pairs (threshold: 0.05%)...
  [scanner_cross] BTC: Binance $70980.38 | OKX $70980.80 | spread +0.0006%
  [scanner_cross] BTC: Skipped (spread 0.0006% < threshold 0.05%)
  [scanner_cross] ETH: Binance $2076.37 | OKX $2076.45 | spread +0.0039%
  [scanner_cross] ETH: Skipped (spread 0.0039% < threshold 0.05%)
  [scanner_cross] SOL: Binance $88.82 | OKX $88.82 | spread +0.0000%
  [scanner_cross] SOL: Skipped (spread 0.0000% < threshold 0.05%)
📡 Scanning P2P markets across LATAM...
  [scanner_p2p] Scanning USDT/MXN...
  [scanner_p2p] USDT/MXN: Buy $17.8280 | Spread +0.169% | Depth 60626 USDT | Skipped (< 0.20%)
  [scanner_p2p] Scanning USDT/COP...
  [scanner_p2p] USDT/COP: Buy $3745.3980 | Spread -0.039% | Depth 66207 USDT | Skipped (< 0.20%)
  [scanner_p2p] Scanning USDT/VES...
  [scanner_p2p] USDT/VES: Buy $628.5394 | Spread -1.809% | Depth 89774 USDT | Logged
  [scanner_p2p] Scanning USDT/ARS...
  [scanner_p2p] USDT/ARS: Buy $1459.7740 | Spread -0.884% | Depth 3902 USDT | Logged
📡 P2P scan complete: 4/4 pairs successful
[scanner_basis] Scanning BTCUSDT...
  [scanner_basis] Spot: $70968.17 | Futures: $70950.10 | Basis: -0.0255%
  [scanner_basis] Logged (basis 0.0255% >= threshold 0.02%)
✅ DB inicializada: storage/batman.db

🦇 RISK SCORES TOP 10
SYM       VOL_Z   RISK REGIME
-----------------------------------
UAL       -3.25   3.42 EXTREME
DAL       -2.30   2.51 STRESS
QQQ       -4.01   1.93 TENSION
IWM       -2.36   1.76 TENSION
KO        -2.77   1.61 TENSION
PEP       -2.24   1.47 TENSION
XLK       -3.02   1.45 TENSION
DIS       -2.86   1.42 TENSION
XLY       -3.05   1.38 TENSION
XLP       -1.47   1.18 TENSION
[scanner_cross] Scanning 3 pairs (threshold: 0.05%)...
  [scanner_cross] BTC: Binance $70984.62 | OKX $70981.70 | spread -0.0041%
  [scanner_cross] BTC: Skipped (spread 0.0041% < threshold 0.05%)
  [scanner_cross] ETH: Binance $2076.75 | OKX $2076.81 | spread +0.0029%
  [scanner_cross] ETH: Skipped (spread 0.0029% < threshold 0.05%)
  [scanner_cross] SOL: Binance $88.82 | OKX $88.83 | spread +0.0113%
  [scanner_cross] SOL: Skipped (spread 0.0113% < threshold 0.05%)
📡 Scanning P2P markets across LATAM...
  [scanner_p2p] Scanning USDT/MXN...
  [scanner_p2p] USDT/MXN: Buy $17.8280 | Spread +0.169% | Depth 60621 USDT | Skipped (< 0.20%)
  [scanner_p2p] Scanning USDT/COP...
  [scanner_p2p] USDT/COP: Buy $3745.3980 | Spread -0.039% | Depth 64579 USDT | Skipped (< 0.20%)
  [scanner_p2p] Scanning USDT/VES...
  [scanner_p2p] USDT/VES: Buy $628.2762 | Spread -1.899% | Depth 108265 USDT | Logged
  [scanner_p2p] Scanning USDT/ARS...
  [scanner_p2p] USDT/ARS: Buy $1459.7740 | Spread -0.877% | Depth 2960 USDT | Logged
📡 P2P scan complete: 4/4 pairs successful
[scanner_basis] Scanning BTCUSDT...
  [scanner_basis] Spot: $70980.45 | Futures: $70945.70 | Basis: -0.0490%
  [scanner_basis] Logged (basis 0.0490% >= threshold 0.02%)
✅ DB inicializada: storage/batman.db

🦇 RISK SCORES TOP 10
SYM       VOL_Z   RISK REGIME
-----------------------------------
UAL       -1.01   2.21 STRESS
DAL       -1.19   1.92 TENSION
KO        -2.42   1.52 TENSION
IWM       -1.51   1.40 TENSION
DIS       -2.44   1.36 TENSION
XLP       -1.62   1.26 TENSION
FOXA      -2.57   1.24 TENSION
QQQ       -2.39   1.03 TENSION
PEP       -0.06   1.00 NORMAL
MCD       -1.10   0.94 NORMAL
[scanner_cross] Scanning 3 pairs (threshold: 0.05%)...
  [scanner_cross] BTC: Binance $71201.99 | OKX $71200.10 | spread -0.0027%
  [scanner_cross] BTC: Skipped (spread 0.0027% < threshold 0.05%)
  [scanner_cross] ETH: Binance $2086.34 | OKX $2086.74 | spread +0.0192%
  [scanner_cross] ETH: Skipped (spread 0.0192% < threshold 0.05%)
  [scanner_cross] SOL: Binance $89.28 | OKX $89.28 | spread +0.0000%
  [scanner_cross] SOL: Skipped (spread 0.0000% < threshold 0.05%)
📡 Scanning P2P markets across LATAM...
  [scanner_p2p] Scanning USDT/MXN...
  [scanner_p2p] USDT/MXN: Buy $17.8240 | Spread +0.000% | Depth 22804 USDT | Skipped (< 0.20%)
  [scanner_p2p] Scanning USDT/COP...
  [scanner_p2p] USDT/COP: Buy $3745.2000 | Spread +0.123% | Depth 105963 USDT | Skipped (< 0.20%)
  [scanner_p2p] Scanning USDT/VES...
  [scanner_p2p] USDT/VES: Buy $628.1980 | Spread -1.790% | Depth 106826 USDT | Logged
  [scanner_p2p] Scanning USDT/ARS...
  [scanner_p2p] USDT/ARS: Buy $1460.3020 | Spread +0.074% | Depth 6256 USDT | Skipped (< 0.20%)
📡 P2P scan complete: 4/4 pairs successful
[scanner_basis] Scanning BTCUSDT...
  [scanner_basis] Spot: $71191.65 | Futures: $71136.80 | Basis: -0.0770%
  [scanner_basis] Logged (basis 0.0770% >= threshold 0.02%)
✅ DB inicializada: storage/batman.db

🦇 RISK SCORES TOP 10
SYM       VOL_Z   RISK REGIME
-----------------------------------
PEP        1.60   1.81 TENSION
DAL       -0.31   1.70 TENSION
KO        -1.67   1.31 TENSION
IWM       -1.10   1.30 TENSION
DIS       -2.13   1.27 TENSION
XLP       -1.29   1.19 TENSION
FOXA      -2.22   1.14 TENSION
QQQ       -1.70   1.08 TENSION
UAL       -0.57   1.01 TENSION
MCD       -0.93   0.92 NORMAL
[scanner_cross] Scanning 3 pairs (threshold: 0.05%)...
  [scanner_cross] BTC: Binance $71131.56 | OKX $71137.00 | spread +0.0076%
  [scanner_cross] BTC: Skipped (spread 0.0076% < threshold 0.05%)
  [scanner_cross] ETH: Binance $2083.51 | OKX $2083.81 | spread +0.0144%
  [scanner_cross] ETH: Skipped (spread 0.0144% < threshold 0.05%)
  [scanner_cross] SOL: Binance $89.14 | OKX $89.15 | spread +0.0112%
  [scanner_cross] SOL: Skipped (spread 0.0112% < threshold 0.05%)
📡 Scanning P2P markets across LATAM...
  [scanner_p2p] Scanning USDT/MXN...
  [scanner_p2p] USDT/MXN: Buy $17.8240 | Spread +0.000% | Depth 22804 USDT | Skipped (< 0.20%)
  [scanner_p2p] Scanning USDT/COP...
  [scanner_p2p] USDT/COP: Buy $3746.2000 | Spread +0.148% | Depth 103880 USDT | Skipped (< 0.20%)
  [scanner_p2p] Scanning USDT/VES...
  [scanner_p2p] USDT/VES: Buy $628.0980 | Spread -1.805% | Depth 106383 USDT | Logged
  [scanner_p2p] Scanning USDT/ARS...
  [scanner_p2p] USDT/ARS: Buy $1460.7020 | Spread +0.101% | Depth 5931 USDT | Skipped (< 0.20%)
📡 P2P scan complete: 4/4 pairs successful
[scanner_basis] Scanning BTCUSDT...
  [scanner_basis] Spot: $71126.30 | Futures: $71104.20 | Basis: -0.0311%
  [scanner_basis] Logged (basis 0.0311% >= threshold 0.02%)
✅ DB inicializada: storage/batman.db

🦇 RISK SCORES TOP 10
SYM       VOL_Z   RISK REGIME
-----------------------------------
UAL       -0.76   2.06 STRESS
DAL       -0.99   1.87 TENSION
IWM       -1.36   1.27 TENSION
XLP       -1.22   1.15 TENSION
FOXA      -2.26   1.07 TENSION
PEP       -0.25   0.93 NORMAL
KO        -0.48   0.91 NORMAL
HLT        1.04   0.89 NORMAL
QQQ       -1.19   0.84 NORMAL
HYG       -1.49   0.79 NORMAL
[scanner_cross] Scanning 3 pairs (threshold: 0.05%)...
  [scanner_cross] BTC: Binance $71260.99 | OKX $71258.20 | spread -0.0039%
  [scanner_cross] BTC: Skipped (spread 0.0039% < threshold 0.05%)
  [scanner_cross] ETH: Binance $2089.44 | OKX $2089.40 | spread -0.0019%
  [scanner_cross] ETH: Skipped (spread 0.0019% < threshold 0.05%)
  [scanner_cross] SOL: Binance $89.34 | OKX $89.36 | spread +0.0224%
  [scanner_cross] SOL: Skipped (spread 0.0224% < threshold 0.05%)
📡 Scanning P2P markets across LATAM...
  [scanner_p2p] Scanning USDT/MXN...
  [scanner_p2p] USDT/MXN: Buy $17.8240 | Spread -0.491% | Depth 22431 USDT | Logged
  [scanner_p2p] Scanning USDT/COP...
  [scanner_p2p] USDT/COP: Buy $3744.9980 | Spread +0.044% | Depth 100263 USDT | Skipped (< 0.20%)
  [scanner_p2p] Scanning USDT/VES...
  [scanner_p2p] USDT/VES: Buy $627.2898 | Spread -1.799% | Depth 109666 USDT | Logged
  [scanner_p2p] Scanning USDT/ARS...
  [scanner_p2p] USDT/ARS: Buy $1461.9920 | Spread +0.256% | Depth 6434 USDT | Logged
📡 P2P scan complete: 4/4 pairs successful
[scanner_basis] Scanning BTCUSDT...
  [scanner_basis] Spot: $71251.79 | Futures: $71226.70 | Basis: -0.0352%
  [scanner_basis] Logged (basis 0.0352% >= threshold 0.02%)
✅ DB inicializada: storage/batman.db

🦇 RISK SCORES TOP 10
SYM       VOL_Z   RISK REGIME
-----------------------------------
UAL       -0.60   2.05 STRESS
DAL       -0.75   1.87 TENSION
IWM       -1.07   1.21 TENSION
XLP       -1.04   1.12 TENSION
HLT        1.28   1.02 TENSION
PEP       -0.25   0.93 NORMAL
KO        -0.48   0.92 NORMAL
FOXA      -1.68   0.92 NORMAL
GLD        0.20   0.76 NORMAL
QQQ       -0.66   0.70 NORMAL
[scanner_cross] Scanning 3 pairs (threshold: 0.05%)...
  [scanner_cross] BTC: Binance $71295.98 | OKX $71301.90 | spread +0.0083%
  [scanner_cross] BTC: Skipped (spread 0.0083% < threshold 0.05%)
  [scanner_cross] ETH: Binance $2090.66 | OKX $2090.75 | spread +0.0043%
  [scanner_cross] ETH: Skipped (spread 0.0043% < threshold 0.05%)
  [scanner_cross] SOL: Binance $89.39 | OKX $89.39 | spread +0.0000%
  [scanner_cross] SOL: Skipped (spread 0.0000% < threshold 0.05%)
📡 Scanning P2P markets across LATAM...
  [scanner_p2p] Scanning USDT/MXN...
  [scanner_p2p] USDT/MXN: Buy $17.8240 | Spread -0.491% | Depth 22431 USDT | Logged
  [scanner_p2p] Scanning USDT/COP...
  [scanner_p2p] USDT/COP: Buy $3743.7980 | Spread -0.006% | Depth 80886 USDT | Skipped (< 0.20%)
  [scanner_p2p] Scanning USDT/VES...
  [scanner_p2p] USDT/VES: Buy $627.2900 | Spread -1.799% | Depth 103537 USDT | Logged
  [scanner_p2p] Scanning USDT/ARS...
  [scanner_p2p] USDT/ARS: Buy $1461.9380 | Spread +0.252% | Depth 6534 USDT | Logged
📡 P2P scan complete: 4/4 pairs successful
[scanner_basis] Scanning BTCUSDT...
  [scanner_basis] Spot: $71303.17 | Futures: $71270.70 | Basis: -0.0455%
  [scanner_basis] Logged (basis 0.0455% >= threshold 0.02%)
✅ DB inicializada: storage/batman.db

🦇 RISK SCORES TOP 10
SYM       VOL_Z   RISK REGIME
-----------------------------------
UAL        0.02   2.01 STRESS
DAL        0.56   1.91 TENSION
KO         1.39   1.48 TENSION
PEP        0.85   1.35 TENSION
XLP        0.72   1.26 TENSION
DKNG       1.76   1.24 TENSION
MAR        0.99   1.15 TENSION
IWM        0.09   0.94 NORMAL
MCD        0.32   0.88 NORMAL
HYG       -1.58   0.84 NORMAL
[scanner_cross] Scanning 3 pairs (threshold: 0.05%)...
  [scanner_cross] BTC: Binance $71193.28 | OKX $71195.60 | spread +0.0033%
  [scanner_cross] BTC: Skipped (spread 0.0033% < threshold 0.05%)
  [scanner_cross] ETH: Binance $2090.23 | OKX $2090.33 | spread +0.0048%
  [scanner_cross] ETH: Skipped (spread 0.0048% < threshold 0.05%)
  [scanner_cross] SOL: Binance $89.21 | OKX $89.22 | spread +0.0112%
  [scanner_cross] SOL: Skipped (spread 0.0112% < threshold 0.05%)
📡 Scanning P2P markets across LATAM...
  [scanner_p2p] Scanning USDT/MXN...
  [scanner_p2p] USDT/MXN: Buy $17.8240 | Spread -0.246% | Depth 23971 USDT | Logged
  [scanner_p2p] Scanning USDT/COP...
  [scanner_p2p] USDT/COP: Buy $3743.5900 | Spread -0.060% | Depth 91176 USDT | Skipped (< 0.20%)
  [scanner_p2p] Scanning USDT/VES...
  [scanner_p2p] USDT/VES: Buy $625.9948 | Spread -1.869% | Depth 198159 USDT | Logged
  [scanner_p2p] Scanning USDT/ARS...
  [scanner_p2p] USDT/ARS: Buy $1461.9340 | Spread +0.236% | Depth 1094 USDT | Logged
📡 P2P scan complete: 4/4 pairs successful
[scanner_basis] Scanning BTCUSDT...
  [scanner_basis] Spot: $71189.07 | Futures: $71154.70 | Basis: -0.0483%
  [scanner_basis] Logged (basis 0.0483% >= threshold 0.02%)
✅ DB inicializada: storage/batman.db

🦇 RISK SCORES TOP 10
SYM       VOL_Z   RISK REGIME
-----------------------------------
UAL        0.02   1.98 TENSION
DAL        0.56   1.86 TENSION
MAR        1.63   1.51 TENSION
KO         1.39   1.46 TENSION
PEP        0.85   1.35 TENSION
XLP        0.72   1.26 TENSION
DKNG       1.76   1.24 TENSION
IWM        0.09   0.93 NORMAL
MCD        0.32   0.87 NORMAL
HYG       -1.58   0.84 NORMAL
[scanner_cross] Scanning 3 pairs (threshold: 0.05%)...
  [scanner_cross] BTC: Binance $71213.38 | OKX $71228.50 | spread +0.0212%
  [scanner_cross] BTC: Skipped (spread 0.0212% < threshold 0.05%)
  [scanner_cross] ETH: Binance $2091.92 | OKX $2091.89 | spread -0.0014%
  [scanner_cross] ETH: Skipped (spread 0.0014% < threshold 0.05%)
  [scanner_cross] SOL: Binance $89.30 | OKX $89.30 | spread +0.0000%
  [scanner_cross] SOL: Skipped (spread 0.0000% < threshold 0.05%)
📡 Scanning P2P markets across LATAM...
  [scanner_p2p] Scanning USDT/MXN...
  [scanner_p2p] USDT/MXN: Buy $17.8240 | Spread -0.246% | Depth 23971 USDT | Logged
  [scanner_p2p] Scanning USDT/COP...
  [scanner_p2p] USDT/COP: Buy $3743.5900 | Spread -0.062% | Depth 97487 USDT | Skipped (< 0.20%)
  [scanner_p2p] Scanning USDT/VES...
  [scanner_p2p] USDT/VES: Buy $627.1948 | Spread -1.681% | Depth 194006 USDT | Logged
  [scanner_p2p] Scanning USDT/ARS...
  [scanner_p2p] USDT/ARS: Buy $1461.9340 | Spread +0.236% | Depth 1053 USDT | Logged
📡 P2P scan complete: 4/4 pairs successful
[scanner_basis] Scanning BTCUSDT...
  [scanner_basis] Spot: $71212.94 | Futures: $71157.70 | Basis: -0.0776%
  [scanner_basis] Logged (basis 0.0776% >= threshold 0.02%)
✅ DB inicializada: storage/batman.db

🦇 RISK SCORES TOP 10
SYM       VOL_Z   RISK REGIME
-----------------------------------
UAL        3.39   4.01 EXTREME
DAL        3.61   3.84 EXTREME
XLP        4.15   3.77 EXTREME
PEP        4.05   3.72 EXTREME
KO         4.20   3.60 EXTREME
MAR        4.12   3.41 EXTREME
MCD        3.80   3.41 EXTREME
XLF        4.04   3.26 EXTREME
DIS        4.09   3.22 EXTREME
TLT        4.06   3.18 EXTREME
[scanner_cross] Scanning 3 pairs (threshold: 0.05%)...
  [scanner_cross] BTC: Binance $71321.48 | OKX $71328.60 | spread +0.0100%
  [scanner_cross] BTC: Skipped (spread 0.0100% < threshold 0.05%)
  [scanner_cross] ETH: Binance $2094.93 | OKX $2095.09 | spread +0.0076%
  [scanner_cross] ETH: Skipped (spread 0.0076% < threshold 0.05%)
  [scanner_cross] SOL: Binance $89.39 | OKX $89.40 | spread +0.0112%
  [scanner_cross] SOL: Skipped (spread 0.0112% < threshold 0.05%)
📡 Scanning P2P markets across LATAM...
  [scanner_p2p] Scanning USDT/MXN...
  [scanner_p2p] USDT/MXN: Buy $17.8260 | Spread +0.157% | Depth 34043 USDT | Skipped (< 0.20%)
  [scanner_p2p] Scanning USDT/COP...
  [scanner_p2p] USDT/COP: Buy $3741.1980 | Spread -0.098% | Depth 84440 USDT | Skipped (< 0.20%)
  [scanner_p2p] Scanning USDT/VES...
  [scanner_p2p] USDT/VES: Buy $626.4396 | Spread -1.509% | Depth 100745 USDT | Logged
  [scanner_p2p] Scanning USDT/ARS...
  [scanner_p2p] USDT/ARS: Buy $1461.6800 | Spread +0.225% | Depth 600 USDT | Logged
📡 P2P scan complete: 4/4 pairs successful
[scanner_basis] Scanning BTCUSDT...
  [scanner_basis] Spot: $71322.97 | Futures: $71293.90 | Basis: -0.0408%
  [scanner_basis] Logged (basis 0.0408% >= threshold 0.02%)
✅ DB inicializada: storage/batman.db

🦇 RISK SCORES TOP 10
SYM       VOL_Z   RISK REGIME
-----------------------------------
UAL        3.39   4.01 EXTREME
DAL        3.61   3.84 EXTREME
XLP        4.15   3.77 EXTREME
PEP        4.05   3.72 EXTREME
KO         4.17   3.59 EXTREME
MAR        4.12   3.41 EXTREME
MCD        3.80   3.41 EXTREME
XLF        4.04   3.26 EXTREME
DIS        4.09   3.22 EXTREME
TLT        4.06   3.18 EXTREME
[scanner_cross] Scanning 3 pairs (threshold: 0.05%)...
  [scanner_cross] BTC: Binance $71321.95 | OKX $71329.30 | spread +0.0103%
  [scanner_cross] BTC: Skipped (spread 0.0103% < threshold 0.05%)
  [scanner_cross] ETH: Binance $2095.17 | OKX $2095.45 | spread +0.0134%
  [scanner_cross] ETH: Skipped (spread 0.0134% < threshold 0.05%)
  [scanner_cross] SOL: Binance $89.40 | OKX $89.40 | spread +0.0000%
  [scanner_cross] SOL: Skipped (spread 0.0000% < threshold 0.05%)
📡 Scanning P2P markets across LATAM...
  [scanner_p2p] Scanning USDT/MXN...
  [scanner_p2p] USDT/MXN: Buy $17.8260 | Spread +0.157% | Depth 30982 USDT | Skipped (< 0.20%)
  [scanner_p2p] Scanning USDT/COP...
  [scanner_p2p] USDT/COP: Buy $3740.7980 | Spread -0.110% | Depth 84192 USDT | Skipped (< 0.20%)
  [scanner_p2p] Scanning USDT/VES...
  [scanner_p2p] USDT/VES: Buy $626.4798 | Spread -1.503% | Depth 100770 USDT | Logged
  [scanner_p2p] Scanning USDT/ARS...
  [scanner_p2p] USDT/ARS: Buy $1461.6800 | Spread +0.225% | Depth 550 USDT | Logged
📡 P2P scan complete: 4/4 pairs successful
[scanner_basis] Scanning BTCUSDT...
  [scanner_basis] Spot: $71321.96 | Futures: $71289.50 | Basis: -0.0455%
  [scanner_basis] Logged (basis 0.0455% >= threshold 0.02%)
✅ DB inicializada: storage/batman.db

🦇 RISK SCORES TOP 10
SYM       VOL_Z   RISK REGIME
-----------------------------------
UAL        3.39   4.01 EXTREME
DAL        3.52   3.78 EXTREME
XLP        4.10   3.75 EXTREME
PEP        4.05   3.72 EXTREME
KO         4.13   3.57 EXTREME
MAR        4.12   3.41 EXTREME
MCD        3.80   3.41 EXTREME
XLF        3.92   3.21 EXTREME
DIS        4.05   3.20 EXTREME
TLT        4.06   3.18 EXTREME
[scanner_cross] Scanning 3 pairs (threshold: 0.05%)...
  [scanner_cross] BTC: Binance $71458.59 | OKX $71486.30 | spread +0.0388%
  [scanner_cross] BTC: Skipped (spread 0.0388% < threshold 0.05%)
  [scanner_cross] ETH: Binance $2094.19 | OKX $2094.90 | spread +0.0339%
  [scanner_cross] ETH: Skipped (spread 0.0339% < threshold 0.05%)
  [scanner_cross] SOL: Binance $89.65 | OKX $89.65 | spread +0.0000%
  [scanner_cross] SOL: Skipped (spread 0.0000% < threshold 0.05%)
📡 Scanning P2P markets across LATAM...
  [scanner_p2p] Scanning USDT/MXN...
  [scanner_p2p] USDT/MXN: Buy $17.8220 | Spread +0.135% | Depth 18300 USDT | Skipped (< 0.20%)
  [scanner_p2p] Scanning USDT/COP...
  [scanner_p2p] USDT/COP: Buy $3742.9860 | Spread -0.047% | Depth 67716 USDT | Skipped (< 0.20%)
  [scanner_p2p] Scanning USDT/VES...
  [scanner_p2p] USDT/VES: Buy $626.5000 | Spread -1.314% | Depth 64031 USDT | Logged
  [scanner_p2p] Scanning USDT/ARS...
  [scanner_p2p] USDT/ARS: Buy $1461.9080 | Spread +0.246% | Depth 2376 USDT | Logged
📡 P2P scan complete: 4/4 pairs successful
[scanner_basis] Scanning BTCUSDT...
  [scanner_basis] Spot: $71457.39 | Futures: $71440.50 | Basis: -0.0236%
  [scanner_basis] Logged (basis 0.0236% >= threshold 0.02%)
✅ DB inicializada: storage/batman.db

🦇 RISK SCORES TOP 10
SYM       VOL_Z   RISK REGIME
-----------------------------------
UAL        3.39   4.01 EXTREME
DAL        3.52   3.78 EXTREME
XLP        4.10   3.75 EXTREME
PEP        4.05   3.72 EXTREME
KO         4.13   3.57 EXTREME
MAR        4.12   3.41 EXTREME
MCD        3.80   3.41 EXTREME
XLF        3.92   3.21 EXTREME
DIS        4.05   3.20 EXTREME
TLT        4.06   3.18 EXTREME
[scanner_cross] Scanning 3 pairs (threshold: 0.05%)...
  [scanner_cross] BTC: Binance $71423.81 | OKX $71424.00 | spread +0.0003%
  [scanner_cross] BTC: Skipped (spread 0.0003% < threshold 0.05%)
  [scanner_cross] ETH: Binance $2093.32 | OKX $2093.59 | spread +0.0129%
  [scanner_cross] ETH: Skipped (spread 0.0129% < threshold 0.05%)
  [scanner_cross] SOL: Binance $89.62 | OKX $89.62 | spread +0.0000%
  [scanner_cross] SOL: Skipped (spread 0.0000% < threshold 0.05%)
📡 Scanning P2P markets across LATAM...
  [scanner_p2p] Scanning USDT/MXN...
  [scanner_p2p] USDT/MXN: Buy $17.8220 | Spread +0.112% | Depth 18526 USDT | Skipped (< 0.20%)
  [scanner_p2p] Scanning USDT/COP...
  [scanner_p2p] USDT/COP: Buy $3742.9860 | Spread -0.048% | Depth 78036 USDT | Skipped (< 0.20%)
  [scanner_p2p] Scanning USDT/VES...
  [scanner_p2p] USDT/VES: Buy $626.4600 | Spread -1.475% | Depth 49567 USDT | Logged
  [scanner_p2p] Scanning USDT/ARS...
  [scanner_p2p] USDT/ARS: Buy $1461.9080 | Spread +0.246% | Depth 1809 USDT | Logged
📡 P2P scan complete: 4/4 pairs successful
[scanner_basis] Scanning BTCUSDT...
  [scanner_basis] Spot: $71423.82 | Futures: $71385.90 | Basis: -0.0531%
  [scanner_basis] Logged (basis 0.0531% >= threshold 0.02%)
✅ DB inicializada: storage/batman.db

🦇 RISK SCORES TOP 10
SYM       VOL_Z   RISK REGIME
-----------------------------------
UAL        3.39   4.01 EXTREME
DAL        3.52   3.78 EXTREME
XLP        4.10   3.75 EXTREME
PEP        4.05   3.72 EXTREME
KO         4.13   3.57 EXTREME
MAR        4.12   3.41 EXTREME
MCD        3.80   3.41 EXTREME
XLF        3.92   3.22 EXTREME
DIS        4.05   3.20 EXTREME
TLT        4.06   3.18 EXTREME
[scanner_cross] Scanning 3 pairs (threshold: 0.05%)...
  [scanner_cross] BTC: Binance $71274.70 | OKX $71275.50 | spread +0.0011%
  [scanner_cross] BTC: Skipped (spread 0.0011% < threshold 0.05%)
  [scanner_cross] ETH: Binance $2084.00 | OKX $2084.07 | spread +0.0034%
  [scanner_cross] ETH: Skipped (spread 0.0034% < threshold 0.05%)
  [scanner_cross] SOL: Binance $89.25 | OKX $89.26 | spread +0.0112%
  [scanner_cross] SOL: Skipped (spread 0.0112% < threshold 0.05%)
📡 Scanning P2P markets across LATAM...
  [scanner_p2p] Scanning USDT/MXN...
  [scanner_p2p] USDT/MXN: Buy $17.8220 | Spread -0.190% | Depth 17963 USDT | Skipped (< 0.20%)
  [scanner_p2p] Scanning USDT/COP...
  [scanner_p2p] USDT/COP: Buy $3740.7880 | Spread -0.065% | Depth 95606 USDT | Skipped (< 0.20%)
  [scanner_p2p] Scanning USDT/VES...
  [scanner_p2p] USDT/VES: Buy $626.6180 | Spread -1.722% | Depth 159234 USDT | Logged
  [scanner_p2p] Scanning USDT/ARS...
  [scanner_p2p] USDT/ARS: Buy $1461.9240 | Spread +0.235% | Depth 2463 USDT | Logged
📡 P2P scan complete: 4/4 pairs successful
[scanner_basis] Scanning BTCUSDT...
  [scanner_basis] Spot: $71246.62 | Futures: $71238.60 | Basis: -0.0113%
  [scanner_basis] Skipped (basis 0.0113% < threshold 0.02%)
✅ DB inicializada: storage/batman.db

🦇 RISK SCORES TOP 10
SYM       VOL_Z   RISK REGIME
-----------------------------------
UAL        3.39   4.01 EXTREME
DAL        3.52   3.78 EXTREME
XLP        4.10   3.75 EXTREME
PEP        4.05   3.72 EXTREME
KO         4.13   3.57 EXTREME
MAR        4.12   3.41 EXTREME
MCD        3.80   3.41 EXTREME
XLF        3.92   3.22 EXTREME
DIS        4.05   3.20 EXTREME
TLT        4.06   3.18 EXTREME
[scanner_cross] Scanning 3 pairs (threshold: 0.05%)...
  [scanner_cross] BTC: Binance $71113.34 | OKX $71111.20 | spread -0.0030%
  [scanner_cross] BTC: Skipped (spread 0.0030% < threshold 0.05%)
  [scanner_cross] ETH: Binance $2077.41 | OKX $2077.51 | spread +0.0048%
  [scanner_cross] ETH: Skipped (spread 0.0048% < threshold 0.05%)
  [scanner_cross] SOL: Binance $89.00 | OKX $89.01 | spread +0.0112%
  [scanner_cross] SOL: Skipped (spread 0.0112% < threshold 0.05%)
📡 Scanning P2P markets across LATAM...
  [scanner_p2p] Scanning USDT/MXN...
  [scanner_p2p] USDT/MXN: Buy $17.8220 | Spread +0.135% | Depth 18145 USDT | Skipped (< 0.20%)
  [scanner_p2p] Scanning USDT/COP...
  [scanner_p2p] USDT/COP: Buy $3740.7880 | Spread -0.070% | Depth 101966 USDT | Skipped (< 0.20%)
  [scanner_p2p] Scanning USDT/VES...
  [scanner_p2p] USDT/VES: Buy $626.2600 | Spread -1.779% | Depth 159561 USDT | Logged
  [scanner_p2p] Scanning USDT/ARS...
  [scanner_p2p] USDT/ARS: Buy $1461.9240 | Spread +0.248% | Depth 2417 USDT | Logged
📡 P2P scan complete: 4/4 pairs successful
[scanner_basis] Scanning BTCUSDT...
  [scanner_basis] Spot: $71123.07 | Futures: $71071.80 | Basis: -0.0721%
  [scanner_basis] Logged (basis 0.0721% >= threshold 0.02%)
✅ DB inicializada: storage/batman.db

🦇 RISK SCORES TOP 10
SYM       VOL_Z   RISK REGIME
-----------------------------------
UAL        3.39   4.01 EXTREME
DAL        3.52   3.78 EXTREME
XLP        4.10   3.75 EXTREME
PEP        4.05   3.72 EXTREME
KO         4.13   3.57 EXTREME
MAR        4.12   3.41 EXTREME
MCD        3.80   3.41 EXTREME
XLF        3.92   3.22 EXTREME
DIS        4.05   3.20 EXTREME
TLT        4.06   3.18 EXTREME
[scanner_cross] Scanning 3 pairs (threshold: 0.05%)...
  [scanner_cross] BTC: Binance $71030.01 | OKX $71028.60 | spread -0.0020%
  [scanner_cross] BTC: Skipped (spread 0.0020% < threshold 0.05%)
  [scanner_cross] ETH: Binance $2076.50 | OKX $2076.54 | spread +0.0019%
  [scanner_cross] ETH: Skipped (spread 0.0019% < threshold 0.05%)
  [scanner_cross] SOL: Binance $88.90 | OKX $88.92 | spread +0.0225%
  [scanner_cross] SOL: Skipped (spread 0.0225% < threshold 0.05%)
📡 Scanning P2P markets across LATAM...
  [scanner_p2p] Scanning USDT/MXN...
  [scanner_p2p] USDT/MXN: Buy $17.8180 | Spread +0.079% | Depth 18023 USDT | Skipped (< 0.20%)
  [scanner_p2p] Scanning USDT/COP...
  [scanner_p2p] USDT/COP: Buy $3741.1880 | Spread -0.109% | Depth 92162 USDT | Skipped (< 0.20%)
  [scanner_p2p] Scanning USDT/VES...
  [scanner_p2p] USDT/VES: Buy $625.1710 | Spread -1.949% | Depth 140518 USDT | Logged
  [scanner_p2p] Scanning USDT/ARS...
  [scanner_p2p] USDT/ARS: Buy $1461.4660 | Spread +0.217% | Depth 9590 USDT | Logged
📡 P2P scan complete: 4/4 pairs successful
[scanner_basis] Scanning BTCUSDT...
  [scanner_basis] Spot: $71025.00 | Futures: $70988.00 | Basis: -0.0521%
  [scanner_basis] Logged (basis 0.0521% >= threshold 0.02%)
✅ DB inicializada: storage/batman.db

🦇 RISK SCORES TOP 10
SYM       VOL_Z   RISK REGIME
-----------------------------------
UAL        3.39   4.01 EXTREME
DAL        3.52   3.78 EXTREME
XLP        4.10   3.75 EXTREME
PEP        4.05   3.72 EXTREME
KO         4.13   3.57 EXTREME
MAR        4.12   3.41 EXTREME
MCD        3.80   3.41 EXTREME
XLF        3.92   3.22 EXTREME
DIS        4.05   3.20 EXTREME
TLT        4.06   3.18 EXTREME
[scanner_cross] Scanning 3 pairs (threshold: 0.05%)...
  [scanner_cross] BTC: Binance $71089.64 | OKX $71089.60 | spread -0.0001%
  [scanner_cross] BTC: Skipped (spread 0.0001% < threshold 0.05%)
  [scanner_cross] ETH: Binance $2077.98 | OKX $2077.94 | spread -0.0019%
  [scanner_cross] ETH: Skipped (spread 0.0019% < threshold 0.05%)
  [scanner_cross] SOL: Binance $88.97 | OKX $88.99 | spread +0.0225%
  [scanner_cross] SOL: Skipped (spread 0.0225% < threshold 0.05%)
📡 Scanning P2P markets across LATAM...
  [scanner_p2p] Scanning USDT/MXN...
  [scanner_p2p] USDT/MXN: Buy $17.8180 | Spread +0.067% | Depth 18130 USDT | Skipped (< 0.20%)
  [scanner_p2p] Scanning USDT/COP...
  [scanner_p2p] USDT/COP: Buy $3741.1880 | Spread -0.110% | Depth 92162 USDT | Skipped (< 0.20%)
  [scanner_p2p] Scanning USDT/VES...
  [scanner_p2p] USDT/VES: Buy $625.5510 | Spread -1.890% | Depth 138821 USDT | Logged
  [scanner_p2p] Scanning USDT/ARS...
  [scanner_p2p] USDT/ARS: Buy $1461.4600 | Spread +0.213% | Depth 6678 USDT | Logged
📡 P2P scan complete: 4/4 pairs successful
[scanner_basis] Scanning BTCUSDT...
  [scanner_basis] Spot: $71084.86 | Futures: $71050.00 | Basis: -0.0490%
  [scanner_basis] Logged (basis 0.0490% >= threshold 0.02%)
✅ DB inicializada: storage/batman.db

🦇 RISK SCORES TOP 10
SYM       VOL_Z   RISK REGIME
-----------------------------------
UAL        3.39   4.01 EXTREME
DAL        3.52   3.78 EXTREME
XLP        4.10   3.75 EXTREME
PEP        4.05   3.72 EXTREME
KO         4.13   3.57 EXTREME
MAR        4.12   3.41 EXTREME
MCD        3.80   3.41 EXTREME
XLF        3.92   3.22 EXTREME
DIS        4.05   3.20 EXTREME
TLT        4.06   3.18 EXTREME
[scanner_cross] Scanning 3 pairs (threshold: 0.05%)...
  [scanner_cross] BTC: Binance $71155.23 | OKX $71158.60 | spread +0.0047%
  [scanner_cross] BTC: Skipped (spread 0.0047% < threshold 0.05%)
  [scanner_cross] ETH: Binance $2081.07 | OKX $2081.05 | spread -0.0010%
  [scanner_cross] ETH: Skipped (spread 0.0010% < threshold 0.05%)
  [scanner_cross] SOL: Binance $89.10 | OKX $89.09 | spread -0.0112%
  [scanner_cross] SOL: Skipped (spread 0.0112% < threshold 0.05%)
📡 Scanning P2P markets across LATAM...
  [scanner_p2p] Scanning USDT/MXN...
  [scanner_p2p] USDT/MXN: Buy $17.8100 | Spread +0.090% | Depth 18540 USDT | Skipped (< 0.20%)
  [scanner_p2p] Scanning USDT/COP...
  [scanner_p2p] USDT/COP: Buy $3740.7860 | Spread -0.131% | Depth 75820 USDT | Skipped (< 0.20%)
  [scanner_p2p] Scanning USDT/VES...
  [scanner_p2p] USDT/VES: Buy $624.3596 | Spread -1.852% | Depth 122876 USDT | Logged
  [scanner_p2p] Scanning USDT/ARS...
  [scanner_p2p] USDT/ARS: Buy $1461.3240 | Spread +0.244% | Depth 16480 USDT | Logged
📡 P2P scan complete: 4/4 pairs successful
[scanner_basis] Scanning BTCUSDT...
  [scanner_basis] Spot: $71145.58 | Futures: $71132.10 | Basis: -0.0189%
  [scanner_basis] Skipped (basis 0.0189% < threshold 0.02%)
✅ DB inicializada: storage/batman.db

🦇 RISK SCORES TOP 10
SYM       VOL_Z   RISK REGIME
-----------------------------------
UAL        3.39   4.01 EXTREME
DAL        3.52   3.78 EXTREME
XLP        4.10   3.75 EXTREME
PEP        4.05   3.72 EXTREME
KO         4.13   3.57 EXTREME
MAR        4.12   3.41 EXTREME
MCD        3.80   3.41 EXTREME
XLF        3.92   3.22 EXTREME
DIS        4.05   3.20 EXTREME
TLT        4.06   3.18 EXTREME
[scanner_cross] Scanning 3 pairs (threshold: 0.05%)...
  [scanner_cross] BTC: Binance $71135.87 | OKX $71145.30 | spread +0.0133%
  [scanner_cross] BTC: Skipped (spread 0.0133% < threshold 0.05%)
  [scanner_cross] ETH: Binance $2080.01 | OKX $2079.56 | spread -0.0216%
  [scanner_cross] ETH: Skipped (spread 0.0216% < threshold 0.05%)
  [scanner_cross] SOL: Binance $89.07 | OKX $89.06 | spread -0.0112%
  [scanner_cross] SOL: Skipped (spread 0.0112% < threshold 0.05%)
📡 Scanning P2P markets across LATAM...
  [scanner_p2p] Scanning USDT/MXN...
  [scanner_p2p] USDT/MXN: Buy $17.8100 | Spread +0.101% | Depth 20254 USDT | Skipped (< 0.20%)
  [scanner_p2p] Scanning USDT/COP...
  [scanner_p2p] USDT/COP: Buy $3740.7860 | Spread -0.113% | Depth 105413 USDT | Skipped (< 0.20%)
  [scanner_p2p] Scanning USDT/VES...
  [scanner_p2p] USDT/VES: Buy $623.9798 | Spread -1.962% | Depth 141480 USDT | Logged
  [scanner_p2p] Scanning USDT/ARS...
  [scanner_p2p] USDT/ARS: Buy $1461.3240 | Spread +0.239% | Depth 10268 USDT | Logged
📡 P2P scan complete: 4/4 pairs successful
[scanner_basis] Scanning BTCUSDT...
  [scanner_basis] Spot: $71155.75 | Futures: $71132.40 | Basis: -0.0328%
  [scanner_basis] Logged (basis 0.0328% >= threshold 0.02%)
✅ DB inicializada: storage/batman.db

🦇 RISK SCORES TOP 10
SYM       VOL_Z   RISK REGIME
-----------------------------------
UAL        3.39   4.01 EXTREME
DAL        3.52   3.78 EXTREME
XLP        4.10   3.75 EXTREME
PEP        4.05   3.72 EXTREME
KO         4.13   3.57 EXTREME
MAR        4.12   3.41 EXTREME
MCD        3.80   3.41 EXTREME
XLF        3.92   3.22 EXTREME
DIS        4.05   3.20 EXTREME
TLT        4.06   3.18 EXTREME
[scanner_cross] Scanning 3 pairs (threshold: 0.05%)...
  [scanner_cross] BTC: Binance $71143.19 | OKX $71148.50 | spread +0.0075%
  [scanner_cross] BTC: Skipped (spread 0.0075% < threshold 0.05%)
  [scanner_cross] ETH: Binance $2079.90 | OKX $2080.07 | spread +0.0082%
  [scanner_cross] ETH: Skipped (spread 0.0082% < threshold 0.05%)
  [scanner_cross] SOL: Binance $88.97 | OKX $88.97 | spread +0.0000%
  [scanner_cross] SOL: Skipped (spread 0.0000% < threshold 0.05%)
📡 Scanning P2P markets across LATAM...
  [scanner_p2p] Scanning USDT/MXN...
  [scanner_p2p] USDT/MXN: Buy $17.8080 | Spread +0.112% | Depth 19167 USDT | Skipped (< 0.20%)
  [scanner_p2p] Scanning USDT/COP...
  [scanner_p2p] USDT/COP: Buy $3740.7880 | Spread -0.110% | Depth 88786 USDT | Skipped (< 0.20%)
  [scanner_p2p] Scanning USDT/VES...
  [scanner_p2p] USDT/VES: Buy $622.8396 | Spread -2.097% | Depth 64783 USDT | Logged
  [scanner_p2p] Scanning USDT/ARS...
  [scanner_p2p] USDT/ARS: Buy $1460.6840 | Spread +0.124% | Depth 6230 USDT | Skipped (< 0.20%)
📡 P2P scan complete: 4/4 pairs successful
[scanner_basis] Scanning BTCUSDT...
  [scanner_basis] Spot: $71143.19 | Futures: $71105.90 | Basis: -0.0524%
  [scanner_basis] Logged (basis 0.0524% >= threshold 0.02%)
✅ DB inicializada: storage/batman.db

🦇 RISK SCORES TOP 10
SYM       VOL_Z   RISK REGIME
-----------------------------------
UAL        3.39   4.01 EXTREME
DAL        3.52   3.78 EXTREME
XLP        4.10   3.75 EXTREME
PEP        4.05   3.72 EXTREME
KO         4.13   3.57 EXTREME
MAR        4.12   3.41 EXTREME
MCD        3.80   3.41 EXTREME
XLF        3.92   3.22 EXTREME
DIS        4.05   3.20 EXTREME
TLT        4.06   3.18 EXTREME
[scanner_cross] Scanning 3 pairs (threshold: 0.05%)...
  [scanner_cross] BTC: Binance $71118.64 | OKX $71111.30 | spread -0.0103%
  [scanner_cross] BTC: Skipped (spread 0.0103% < threshold 0.05%)
  [scanner_cross] ETH: Binance $2079.77 | OKX $2079.68 | spread -0.0043%
  [scanner_cross] ETH: Skipped (spread 0.0043% < threshold 0.05%)
  [scanner_cross] SOL: Binance $88.95 | OKX $88.95 | spread +0.0000%
  [scanner_cross] SOL: Skipped (spread 0.0000% < threshold 0.05%)
📡 Scanning P2P markets across LATAM...
  [scanner_p2p] Scanning USDT/MXN...
  [scanner_p2p] USDT/MXN: Buy $17.8080 | Spread +0.112% | Depth 19167 USDT | Skipped (< 0.20%)
  [scanner_p2p] Scanning USDT/COP...
  [scanner_p2p] USDT/COP: Buy $3740.7880 | Spread -0.105% | Depth 90492 USDT | Skipped (< 0.20%)
  [scanner_p2p] Scanning USDT/VES...
  [scanner_p2p] USDT/VES: Buy $622.4200 | Spread -2.111% | Depth 87941 USDT | Logged
  [scanner_p2p] Scanning USDT/ARS...
  [scanner_p2p] USDT/ARS: Buy $1460.6820 | Spread +0.085% | Depth 3485 USDT | Skipped (< 0.20%)
📡 P2P scan complete: 4/4 pairs successful
[scanner_basis] Scanning BTCUSDT...
  [scanner_basis] Spot: $71118.65 | Futures: $71076.90 | Basis: -0.0587%
  [scanner_basis] Logged (basis 0.0587% >= threshold 0.02%)
✅ DB inicializada: storage/batman.db

🦇 RISK SCORES TOP 10
SYM       VOL_Z   RISK REGIME
-----------------------------------
UAL        3.39   4.01 EXTREME
DAL        3.52   3.78 EXTREME
XLP        4.10   3.75 EXTREME
PEP        4.05   3.72 EXTREME
KO         4.13   3.57 EXTREME
MAR        4.12   3.41 EXTREME
MCD        3.80   3.41 EXTREME
XLF        3.92   3.22 EXTREME
DIS        4.05   3.20 EXTREME
TLT        4.06   3.18 EXTREME
[scanner_cross] Scanning 3 pairs (threshold: 0.05%)...
  [scanner_cross] BTC: Binance $71249.93 | OKX $71249.40 | spread -0.0007%
  [scanner_cross] BTC: Skipped (spread 0.0007% < threshold 0.05%)
  [scanner_cross] ETH: Binance $2082.07 | OKX $2081.93 | spread -0.0067%
  [scanner_cross] ETH: Skipped (spread 0.0067% < threshold 0.05%)
  [scanner_cross] SOL: Binance $89.20 | OKX $89.21 | spread +0.0112%
  [scanner_cross] SOL: Skipped (spread 0.0112% < threshold 0.05%)
📡 Scanning P2P markets across LATAM...
  [scanner_p2p] Scanning USDT/MXN...
  [scanner_p2p] USDT/MXN: Buy $17.8120 | Spread +0.090% | Depth 20357 USDT | Skipped (< 0.20%)
  [scanner_p2p] Scanning USDT/COP...
  [scanner_p2p] USDT/COP: Buy $3741.5900 | Spread -0.072% | Depth 51067 USDT | Skipped (< 0.20%)
  [scanner_p2p] Scanning USDT/VES...
  [scanner_p2p] USDT/VES: Buy $621.6496 | Spread -1.462% | Depth 56474 USDT | Logged
  [scanner_p2p] Scanning USDT/ARS...
  [scanner_p2p] USDT/ARS: Buy $1461.1980 | Spread +0.106% | Depth 5750 USDT | Skipped (< 0.20%)
📡 P2P scan complete: 4/4 pairs successful
[scanner_basis] Scanning BTCUSDT...
  [scanner_basis] Spot: $71258.95 | Futures: $71212.80 | Basis: -0.0648%
  [scanner_basis] Logged (basis 0.0648% >= threshold 0.02%)
✅ DB inicializada: storage/batman.db

🦇 RISK SCORES TOP 10
SYM       VOL_Z   RISK REGIME
-----------------------------------
UAL        3.39   4.01 EXTREME
DAL        3.52   3.78 EXTREME
XLP        4.10   3.75 EXTREME
PEP        4.05   3.72 EXTREME
KO         4.13   3.57 EXTREME
MAR        4.12   3.41 EXTREME
MCD        3.80   3.41 EXTREME
XLF        3.92   3.22 EXTREME
DIS        4.05   3.20 EXTREME
TLT        4.06   3.18 EXTREME
[scanner_cross] Scanning 3 pairs (threshold: 0.05%)...
  [scanner_cross] BTC: Binance $71312.10 | OKX $71327.60 | spread +0.0217%
  [scanner_cross] BTC: Skipped (spread 0.0217% < threshold 0.05%)
  [scanner_cross] ETH: Binance $2083.08 | OKX $2083.07 | spread -0.0005%
  [scanner_cross] ETH: Skipped (spread 0.0005% < threshold 0.05%)
  [scanner_cross] SOL: Binance $89.25 | OKX $89.25 | spread +0.0000%
  [scanner_cross] SOL: Skipped (spread 0.0000% < threshold 0.05%)
📡 Scanning P2P markets across LATAM...
  [scanner_p2p] Scanning USDT/MXN...
  [scanner_p2p] USDT/MXN: Buy $17.8120 | Spread +0.090% | Depth 20357 USDT | Skipped (< 0.20%)
  [scanner_p2p] Scanning USDT/COP...
  [scanner_p2p] USDT/COP: Buy $3741.5900 | Spread -0.072% | Depth 50567 USDT | Skipped (< 0.20%)
  [scanner_p2p] Scanning USDT/VES...
  [scanner_p2p] USDT/VES: Buy $621.4000 | Spread -1.535% | Depth 88612 USDT | Logged
  [scanner_p2p] Scanning USDT/ARS...
  [scanner_p2p] USDT/ARS: Buy $1461.1980 | Spread +0.107% | Depth 10786 USDT | Skipped (< 0.20%)
📡 P2P scan complete: 4/4 pairs successful
[scanner_basis] Scanning BTCUSDT...
  [scanner_basis] Spot: $71316.47 | Futures: $71282.30 | Basis: -0.0479%
  [scanner_basis] Logged (basis 0.0479% >= threshold 0.02%)
✅ DB inicializada: storage/batman.db

🦇 RISK SCORES TOP 10
SYM       VOL_Z   RISK REGIME
-----------------------------------
UAL        3.39   4.01 EXTREME
DAL        3.52   3.78 EXTREME
XLP        4.10   3.75 EXTREME
PEP        4.05   3.72 EXTREME
KO         4.13   3.57 EXTREME
MAR        4.12   3.41 EXTREME
MCD        3.80   3.41 EXTREME
XLF        3.92   3.22 EXTREME
DIS        4.05   3.20 EXTREME
TLT        4.06   3.18 EXTREME
[scanner_cross] Scanning 3 pairs (threshold: 0.05%)...
  [scanner_cross] BTC: Binance $71209.89 | OKX $71210.10 | spread +0.0003%
  [scanner_cross] BTC: Skipped (spread 0.0003% < threshold 0.05%)
  [scanner_cross] ETH: Binance $2079.60 | OKX $2079.88 | spread +0.0135%
  [scanner_cross] ETH: Skipped (spread 0.0135% < threshold 0.05%)
  [scanner_cross] SOL: Binance $89.07 | OKX $89.08 | spread +0.0112%
  [scanner_cross] SOL: Skipped (spread 0.0112% < threshold 0.05%)
📡 Scanning P2P markets across LATAM...
  [scanner_p2p] Scanning USDT/MXN...
  [scanner_p2p] USDT/MXN: Buy $17.8080 | Spread +0.000% | Depth 15694 USDT | Skipped (< 0.20%)
  [scanner_p2p] Scanning USDT/COP...
  [scanner_p2p] USDT/COP: Buy $3742.0780 | Spread -0.142% | Depth 51568 USDT | Skipped (< 0.20%)
  [scanner_p2p] Scanning USDT/VES...
  [scanner_p2p] USDT/VES: Buy $622.0100 | Spread -1.223% | Depth 24036 USDT | Logged
  [scanner_p2p] Scanning USDT/ARS...
  [scanner_p2p] USDT/ARS: Buy $1461.5460 | Spread +0.089% | Depth 5556 USDT | Skipped (< 0.20%)
📡 P2P scan complete: 4/4 pairs successful
[scanner_basis] Scanning BTCUSDT...
  [scanner_basis] Spot: $71209.90 | Futures: $71171.60 | Basis: -0.0538%
  [scanner_basis] Logged (basis 0.0538% >= threshold 0.02%)
✅ DB inicializada: storage/batman.db

🦇 RISK SCORES TOP 10
SYM       VOL_Z   RISK REGIME
-----------------------------------
UAL        3.39   4.01 EXTREME
DAL        3.52   3.78 EXTREME
XLP        4.10   3.75 EXTREME
PEP        4.05   3.72 EXTREME
KO         4.13   3.57 EXTREME
MAR        4.12   3.41 EXTREME
MCD        3.80   3.41 EXTREME
XLF        3.92   3.22 EXTREME
DIS        4.05   3.20 EXTREME
TLT        4.06   3.18 EXTREME
[scanner_cross] Scanning 3 pairs (threshold: 0.05%)...
  [scanner_cross] BTC: Binance $71206.26 | OKX $71185.70 | spread -0.0289%
  [scanner_cross] BTC: Skipped (spread 0.0289% < threshold 0.05%)
  [scanner_cross] ETH: Binance $2079.71 | OKX $2079.87 | spread +0.0077%
  [scanner_cross] ETH: Skipped (spread 0.0077% < threshold 0.05%)
  [scanner_cross] SOL: Binance $89.02 | OKX $89.03 | spread +0.0112%
  [scanner_cross] SOL: Skipped (spread 0.0112% < threshold 0.05%)
📡 Scanning P2P markets across LATAM...
  [scanner_p2p] Scanning USDT/MXN...
  [scanner_p2p] USDT/MXN: Buy $17.8080 | Spread +0.000% | Depth 15694 USDT | Skipped (< 0.20%)
  [scanner_p2p] Scanning USDT/COP...
  [scanner_p2p] USDT/COP: Buy $3742.0780 | Spread -0.146% | Depth 53974 USDT | Skipped (< 0.20%)
  [scanner_p2p] Scanning USDT/VES...
  [scanner_p2p] USDT/VES: Buy $621.9800 | Spread -1.228% | Depth 22885 USDT | Logged
  [scanner_p2p] Scanning USDT/ARS...
  [scanner_p2p] USDT/ARS: Buy $1461.5460 | Spread +0.089% | Depth 5453 USDT | Skipped (< 0.20%)
📡 P2P scan complete: 4/4 pairs successful
[scanner_basis] Scanning BTCUSDT...
  [scanner_basis] Spot: $71224.83 | Futures: $71175.10 | Basis: -0.0698%
  [scanner_basis] Logged (basis 0.0698% >= threshold 0.02%)
✅ DB inicializada: storage/batman.db

🦇 RISK SCORES TOP 10
SYM       VOL_Z   RISK REGIME
-----------------------------------
UAL        3.39   4.01 EXTREME
DAL        3.52   3.78 EXTREME
XLP        4.10   3.75 EXTREME
PEP        4.05   3.72 EXTREME
KO         4.13   3.57 EXTREME
MAR        4.12   3.41 EXTREME
MCD        3.80   3.41 EXTREME
XLF        3.92   3.22 EXTREME
DIS        4.05   3.20 EXTREME
TLT        4.06   3.18 EXTREME
[scanner_cross] Scanning 3 pairs (threshold: 0.05%)...
  [scanner_cross] BTC: Binance $71168.00 | OKX $71177.90 | spread +0.0139%
  [scanner_cross] BTC: Skipped (spread 0.0139% < threshold 0.05%)
  [scanner_cross] ETH: Binance $2079.47 | OKX $2079.70 | spread +0.0111%
  [scanner_cross] ETH: Skipped (spread 0.0111% < threshold 0.05%)
  [scanner_cross] SOL: Binance $89.02 | OKX $89.02 | spread +0.0000%
  [scanner_cross] SOL: Skipped (spread 0.0000% < threshold 0.05%)
📡 Scanning P2P markets across LATAM...
  [scanner_p2p] Scanning USDT/MXN...
  [scanner_p2p] USDT/MXN: Buy $17.8100 | Spread +0.045% | Depth 45355 USDT | Skipped (< 0.20%)
  [scanner_p2p] Scanning USDT/COP...
  [scanner_p2p] USDT/COP: Buy $3740.8680 | Spread -0.121% | Depth 59758 USDT | Skipped (< 0.20%)
  [scanner_p2p] Scanning USDT/VES...
  [scanner_p2p] USDT/VES: Buy $621.3400 | Spread -1.443% | Depth 168982 USDT | Logged
  [scanner_p2p] Scanning USDT/ARS...
  [scanner_p2p] USDT/ARS: Buy $1461.7500 | Spread +0.141% | Depth 4498 USDT | Skipped (< 0.20%)
📡 P2P scan complete: 4/4 pairs successful
[scanner_basis] Scanning BTCUSDT...
  [scanner_basis] Spot: $71168.00 | Futures: $71138.60 | Basis: -0.0413%
  [scanner_basis] Logged (basis 0.0413% >= threshold 0.02%)
✅ DB inicializada: storage/batman.db

🦇 RISK SCORES TOP 10
SYM       VOL_Z   RISK REGIME
-----------------------------------
UAL        3.39   4.01 EXTREME
DAL        3.52   3.78 EXTREME
XLP        4.10   3.75 EXTREME
PEP        4.05   3.72 EXTREME
KO         4.13   3.57 EXTREME
MAR        4.12   3.41 EXTREME
MCD        3.80   3.41 EXTREME
XLF        3.92   3.22 EXTREME
DIS        4.05   3.20 EXTREME
TLT        4.06   3.18 EXTREME
[scanner_cross] Scanning 3 pairs (threshold: 0.05%)...
  [scanner_cross] BTC: Binance $71168.00 | OKX $71177.00 | spread +0.0126%
  [scanner_cross] BTC: Skipped (spread 0.0126% < threshold 0.05%)
  [scanner_cross] ETH: Binance $2079.83 | OKX $2080.01 | spread +0.0087%
  [scanner_cross] ETH: Skipped (spread 0.0087% < threshold 0.05%)
  [scanner_cross] SOL: Binance $89.03 | OKX $89.03 | spread +0.0000%
  [scanner_cross] SOL: Skipped (spread 0.0000% < threshold 0.05%)
📡 Scanning P2P markets across LATAM...
  [scanner_p2p] Scanning USDT/MXN...
  [scanner_p2p] USDT/MXN: Buy $17.8100 | Spread +0.000% | Depth 44697 USDT | Skipped (< 0.20%)
  [scanner_p2p] Scanning USDT/COP...
  [scanner_p2p] USDT/COP: Buy $3740.8680 | Spread -0.122% | Depth 59758 USDT | Skipped (< 0.20%)
  [scanner_p2p] Scanning USDT/VES...
  [scanner_p2p] USDT/VES: Buy $621.8156 | Spread -1.349% | Depth 169612 USDT | Logged
  [scanner_p2p] Scanning USDT/ARS...
  [scanner_p2p] USDT/ARS: Buy $1461.7500 | Spread +0.130% | Depth 2500 USDT | Skipped (< 0.20%)
📡 P2P scan complete: 4/4 pairs successful
[scanner_basis] Scanning BTCUSDT...
  [scanner_basis] Spot: $71168.00 | Futures: $71139.00 | Basis: -0.0407%
  [scanner_basis] Logged (basis 0.0407% >= threshold 0.02%)
✅ DB inicializada: storage/batman.db

🦇 RISK SCORES TOP 10
SYM       VOL_Z   RISK REGIME
-----------------------------------
UAL        3.39   4.01 EXTREME
DAL        3.52   3.78 EXTREME
XLP        4.10   3.75 EXTREME
PEP        4.05   3.72 EXTREME
KO         4.13   3.57 EXTREME
MAR        4.12   3.41 EXTREME
MCD        3.80   3.41 EXTREME
XLF        3.92   3.22 EXTREME
DIS        4.05   3.20 EXTREME
TLT        4.06   3.18 EXTREME
[scanner_cross] Scanning 3 pairs (threshold: 0.05%)...
  [scanner_cross] BTC: Binance $70967.27 | OKX $70962.50 | spread -0.0067%
  [scanner_cross] BTC: Skipped (spread 0.0067% < threshold 0.05%)
  [scanner_cross] ETH: Binance $2076.87 | OKX $2076.81 | spread -0.0029%
  [scanner_cross] ETH: Skipped (spread 0.0029% < threshold 0.05%)
  [scanner_cross] SOL: Binance $88.76 | OKX $88.77 | spread +0.0113%
  [scanner_cross] SOL: Skipped (spread 0.0113% < threshold 0.05%)
📡 Scanning P2P markets across LATAM...
  [scanner_p2p] Scanning USDT/MXN...
  [scanner_p2p] USDT/MXN: Buy $17.8080 | Spread +0.067% | Depth 50196 USDT | Skipped (< 0.20%)
  [scanner_p2p] Scanning USDT/COP...
  [scanner_p2p] USDT/COP: Buy $3739.1900 | Spread -0.303% | Depth 72302 USDT | Logged
  [scanner_p2p] Scanning USDT/VES...
  [scanner_p2p] USDT/VES: Buy $622.0580 | Spread -1.701% | Depth 87580 USDT | Logged
  [scanner_p2p] Scanning USDT/ARS...
  [scanner_p2p] USDT/ARS: Buy $1461.7580 | Spread +0.182% | Depth 4693 USDT | Skipped (< 0.20%)
📡 P2P scan complete: 4/4 pairs successful
[scanner_basis] Scanning BTCUSDT...
  [scanner_basis] Spot: $70957.93 | Futures: $70933.90 | Basis: -0.0339%
  [scanner_basis] Logged (basis 0.0339% >= threshold 0.02%)
✅ DB inicializada: storage/batman.db

🦇 RISK SCORES TOP 10
SYM       VOL_Z   RISK REGIME
-----------------------------------
UAL        3.39   4.01 EXTREME
DAL        3.52   3.78 EXTREME
XLP        4.10   3.75 EXTREME
PEP        4.05   3.72 EXTREME
KO         4.13   3.57 EXTREME
MAR        4.12   3.41 EXTREME
MCD        3.80   3.41 EXTREME
XLF        3.92   3.22 EXTREME
DIS        4.05   3.20 EXTREME
TLT        4.06   3.18 EXTREME
[scanner_cross] Scanning 3 pairs (threshold: 0.05%)...
  [scanner_cross] BTC: Binance $70891.12 | OKX $70880.10 | spread -0.0155%
  [scanner_cross] BTC: Skipped (spread 0.0155% < threshold 0.05%)
  [scanner_cross] ETH: Binance $2075.23 | OKX $2075.41 | spread +0.0087%
  [scanner_cross] ETH: Skipped (spread 0.0087% < threshold 0.05%)
  [scanner_cross] SOL: Binance $88.70 | OKX $88.71 | spread +0.0113%
  [scanner_cross] SOL: Skipped (spread 0.0113% < threshold 0.05%)
📡 Scanning P2P markets across LATAM...
  [scanner_p2p] Scanning USDT/MXN...
  [scanner_p2p] USDT/MXN: Buy $17.8080 | Spread +0.067% | Depth 50159 USDT | Skipped (< 0.20%)
  [scanner_p2p] Scanning USDT/COP...
  [scanner_p2p] USDT/COP: Buy $3739.1900 | Spread -0.306% | Depth 58474 USDT | Logged
  [scanner_p2p] Scanning USDT/VES...
  [scanner_p2p] USDT/VES: Buy $621.9580 | Spread -1.716% | Depth 87560 USDT | Logged
  [scanner_p2p] Scanning USDT/ARS...
  [scanner_p2p] USDT/ARS: Buy $1461.7580 | Spread +0.182% | Depth 4629 USDT | Skipped (< 0.20%)
📡 P2P scan complete: 4/4 pairs successful
[scanner_basis] Scanning BTCUSDT...
  [scanner_basis] Spot: $70898.37 | Futures: $70848.50 | Basis: -0.0703%
  [scanner_basis] Logged (basis 0.0703% >= threshold 0.02%)
✅ DB inicializada: storage/batman.db

🦇 RISK SCORES TOP 10
SYM       VOL_Z   RISK REGIME
-----------------------------------
UAL        3.39   4.01 EXTREME
DAL        3.52   3.78 EXTREME
XLP        4.10   3.75 EXTREME
PEP        4.05   3.72 EXTREME
KO         4.13   3.57 EXTREME
MAR        4.12   3.41 EXTREME
MCD        3.80   3.41 EXTREME
XLF        3.92   3.22 EXTREME
DIS        4.05   3.20 EXTREME
TLT        4.06   3.18 EXTREME
[scanner_cross] Scanning 3 pairs (threshold: 0.05%)...
  [scanner_cross] BTC: Binance $70868.67 | OKX $70872.00 | spread +0.0047%
  [scanner_cross] BTC: Skipped (spread 0.0047% < threshold 0.05%)
  [scanner_cross] ETH: Binance $2074.77 | OKX $2074.36 | spread -0.0198%
  [scanner_cross] ETH: Skipped (spread 0.0198% < threshold 0.05%)
  [scanner_cross] SOL: Binance $88.71 | OKX $88.71 | spread +0.0000%
  [scanner_cross] SOL: Skipped (spread 0.0000% < threshold 0.05%)
📡 Scanning P2P markets across LATAM...
  [scanner_p2p] Scanning USDT/MXN...
  [scanner_p2p] USDT/MXN: Buy $17.7940 | Spread -0.011% | Depth 53820 USDT | Skipped (< 0.20%)
  [scanner_p2p] Scanning USDT/COP...
  [scanner_p2p] USDT/COP: Buy $3743.1980 | Spread -0.084% | Depth 95467 USDT | Skipped (< 0.20%)
  [scanner_p2p] Scanning USDT/VES...
  [scanner_p2p] USDT/VES: Buy $622.3600 | Spread -1.665% | Depth 147688 USDT | Logged
  [scanner_p2p] Scanning USDT/ARS...
  [scanner_p2p] USDT/ARS: Buy $1461.9140 | Spread +0.155% | Depth 1811 USDT | Skipped (< 0.20%)
📡 P2P scan complete: 4/4 pairs successful
[scanner_basis] Scanning BTCUSDT...
  [scanner_basis] Spot: $70873.43 | Futures: $70845.10 | Basis: -0.0400%
  [scanner_basis] Logged (basis 0.0400% >= threshold 0.02%)
✅ DB inicializada: storage/batman.db

🦇 RISK SCORES TOP 10
SYM       VOL_Z   RISK REGIME
-----------------------------------
UAL        3.39   4.01 EXTREME
DAL        3.52   3.78 EXTREME
XLP        4.10   3.75 EXTREME
PEP        4.05   3.72 EXTREME
KO         4.13   3.57 EXTREME
MAR        4.12   3.41 EXTREME
MCD        3.80   3.41 EXTREME
XLF        3.92   3.22 EXTREME
DIS        4.05   3.20 EXTREME
TLT        4.06   3.18 EXTREME
[scanner_cross] Scanning 3 pairs (threshold: 0.05%)...
  [scanner_cross] BTC: Binance $70870.06 | OKX $70868.00 | spread -0.0029%
  [scanner_cross] BTC: Skipped (spread 0.0029% < threshold 0.05%)
  [scanner_cross] ETH: Binance $2074.33 | OKX $2074.19 | spread -0.0067%
  [scanner_cross] ETH: Skipped (spread 0.0067% < threshold 0.05%)
  [scanner_cross] SOL: Binance $88.71 | OKX $88.71 | spread +0.0000%
  [scanner_cross] SOL: Skipped (spread 0.0000% < threshold 0.05%)
📡 Scanning P2P markets across LATAM...
  [scanner_p2p] Scanning USDT/MXN...
  [scanner_p2p] USDT/MXN: Buy $17.7920 | Spread -0.022% | Depth 53820 USDT | Skipped (< 0.20%)
  [scanner_p2p] Scanning USDT/COP...
  [scanner_p2p] USDT/COP: Buy $3743.1980 | Spread -0.086% | Depth 81034 USDT | Skipped (< 0.20%)
  [scanner_p2p] Scanning USDT/VES...
  [scanner_p2p] USDT/VES: Buy $622.3600 | Spread -1.665% | Depth 146137 USDT | Logged
  [scanner_p2p] Scanning USDT/ARS...
  [scanner_p2p] USDT/ARS: Buy $1461.9140 | Spread +0.165% | Depth 3941 USDT | Skipped (< 0.20%)
📡 P2P scan complete: 4/4 pairs successful
[scanner_basis] Scanning BTCUSDT...
  [scanner_basis] Spot: $70870.07 | Futures: $70840.50 | Basis: -0.0417%
  [scanner_basis] Logged (basis 0.0417% >= threshold 0.02%)
✅ DB inicializada: storage/batman.db

🦇 RISK SCORES TOP 10
SYM       VOL_Z   RISK REGIME
-----------------------------------
UAL        3.39   4.01 EXTREME
DAL        3.52   3.78 EXTREME
XLP        4.10   3.75 EXTREME
PEP        4.05   3.72 EXTREME
KO         4.13   3.57 EXTREME
MAR        4.12   3.41 EXTREME
MCD        3.80   3.41 EXTREME
XLF        3.92   3.22 EXTREME
DIS        4.05   3.20 EXTREME
TLT        4.06   3.18 EXTREME
[scanner_cross] Scanning 3 pairs (threshold: 0.05%)...
  [scanner_cross] BTC: Binance $70941.64 | OKX $70940.10 | spread -0.0022%
  [scanner_cross] BTC: Skipped (spread 0.0022% < threshold 0.05%)
  [scanner_cross] ETH: Binance $2076.10 | OKX $2076.00 | spread -0.0048%
  [scanner_cross] ETH: Skipped (spread 0.0048% < threshold 0.05%)
  [scanner_cross] SOL: Binance $88.89 | OKX $88.90 | spread +0.0112%
  [scanner_cross] SOL: Skipped (spread 0.0112% < threshold 0.05%)
📡 Scanning P2P markets across LATAM...
  [scanner_p2p] Scanning USDT/MXN...
  [scanner_p2p] USDT/MXN: Buy $17.7800 | Spread -0.011% | Depth 40497 USDT | Skipped (< 0.20%)
  [scanner_p2p] Scanning USDT/COP...
  [scanner_p2p] USDT/COP: Buy $3748.9800 | Spread -0.022% | Depth 60993 USDT | Skipped (< 0.20%)
  [scanner_p2p] Scanning USDT/VES...
  [scanner_p2p] USDT/VES: Buy $621.8498 | Spread -1.793% | Depth 110483 USDT | Logged
  [scanner_p2p] Scanning USDT/ARS...
  [scanner_p2p] USDT/ARS: Buy $1461.9520 | Spread +0.178% | Depth 3561 USDT | Skipped (< 0.20%)
📡 P2P scan complete: 4/4 pairs successful
[scanner_basis] Scanning BTCUSDT...
  [scanner_basis] Spot: $70926.54 | Futures: $70907.30 | Basis: -0.0271%
  [scanner_basis] Logged (basis 0.0271% >= threshold 0.02%)
✅ DB inicializada: storage/batman.db

🦇 RISK SCORES TOP 10
SYM       VOL_Z   RISK REGIME
-----------------------------------
UAL        3.39   4.01 EXTREME
DAL        3.52   3.78 EXTREME
XLP        4.10   3.75 EXTREME
PEP        4.05   3.72 EXTREME
KO         4.13   3.57 EXTREME
MAR        4.12   3.41 EXTREME
MCD        3.80   3.41 EXTREME
XLF        3.92   3.22 EXTREME
DIS        4.05   3.20 EXTREME
TLT        4.06   3.18 EXTREME
[scanner_cross] Scanning 3 pairs (threshold: 0.05%)...
  [scanner_cross] BTC: Binance $70906.41 | OKX $70913.00 | spread +0.0093%
  [scanner_cross] BTC: Skipped (spread 0.0093% < threshold 0.05%)
  [scanner_cross] ETH: Binance $2076.04 | OKX $2076.20 | spread +0.0077%
  [scanner_cross] ETH: Skipped (spread 0.0077% < threshold 0.05%)
  [scanner_cross] SOL: Binance $88.84 | OKX $88.84 | spread +0.0000%
  [scanner_cross] SOL: Skipped (spread 0.0000% < threshold 0.05%)
📡 Scanning P2P markets across LATAM...
  [scanner_p2p] Scanning USDT/MXN...
  [scanner_p2p] USDT/MXN: Buy $17.7800 | Spread -0.011% | Depth 40497 USDT | Skipped (< 0.20%)
  [scanner_p2p] Scanning USDT/COP...
  [scanner_p2p] USDT/COP: Buy $3748.9800 | Spread -0.023% | Depth 60993 USDT | Skipped (< 0.20%)
  [scanner_p2p] Scanning USDT/VES...
  [scanner_p2p] USDT/VES: Buy $621.3158 | Spread -1.877% | Depth 105174 USDT | Logged
  [scanner_p2p] Scanning USDT/ARS...
  [scanner_p2p] USDT/ARS: Buy $1461.9520 | Spread +0.182% | Depth 5216 USDT | Skipped (< 0.20%)
📡 P2P scan complete: 4/4 pairs successful
[scanner_basis] Scanning BTCUSDT...
  [scanner_basis] Spot: $70914.72 | Futures: $70880.20 | Basis: -0.0487%
  [scanner_basis] Logged (basis 0.0487% >= threshold 0.02%)
✅ DB inicializada: storage/batman.db

🦇 RISK SCORES TOP 10
SYM       VOL_Z   RISK REGIME
-----------------------------------
UAL        3.39   4.01 EXTREME
DAL        3.52   3.78 EXTREME
XLP        4.10   3.75 EXTREME
PEP        4.05   3.72 EXTREME
KO         4.13   3.57 EXTREME
MAR        4.12   3.41 EXTREME
MCD        3.80   3.41 EXTREME
XLF        3.92   3.22 EXTREME
DIS        4.05   3.20 EXTREME
TLT        4.06   3.18 EXTREME
[scanner_cross] Scanning 3 pairs (threshold: 0.05%)...
  [scanner_cross] BTC: Binance $70978.39 | OKX $70969.30 | spread -0.0128%
  [scanner_cross] BTC: Skipped (spread 0.0128% < threshold 0.05%)
  [scanner_cross] ETH: Binance $2076.00 | OKX $2075.76 | spread -0.0116%
  [scanner_cross] ETH: Skipped (spread 0.0116% < threshold 0.05%)
  [scanner_cross] SOL: Binance $88.91 | OKX $88.91 | spread +0.0000%
  [scanner_cross] SOL: Skipped (spread 0.0000% < threshold 0.05%)
📡 Scanning P2P markets across LATAM...
  [scanner_p2p] Scanning USDT/MXN...
  [scanner_p2p] USDT/MXN: Buy $17.7880 | Spread -0.022% | Depth 43838 USDT | Skipped (< 0.20%)
  [scanner_p2p] Scanning USDT/COP...
  [scanner_p2p] USDT/COP: Buy $3749.9800 | Spread +0.112% | Depth 53557 USDT | Skipped (< 0.20%)
  [scanner_p2p] Scanning USDT/VES...
  [scanner_p2p] USDT/VES: Buy $622.1758 | Spread -1.840% | Depth 141322 USDT | Logged
  [scanner_p2p] Scanning USDT/ARS...
  [scanner_p2p] USDT/ARS: Buy $1462.0220 | Spread +0.205% | Depth 2286 USDT | Logged
📡 P2P scan complete: 4/4 pairs successful
[scanner_basis] Scanning BTCUSDT...
  [scanner_basis] Spot: $70978.38 | Futures: $70941.30 | Basis: -0.0522%
  [scanner_basis] Logged (basis 0.0522% >= threshold 0.02%)
✅ DB inicializada: storage/batman.db

🦇 RISK SCORES TOP 10
SYM       VOL_Z   RISK REGIME
-----------------------------------
UAL        3.39   4.01 EXTREME
DAL        3.52   3.78 EXTREME
XLP        4.10   3.75 EXTREME
PEP        4.05   3.72 EXTREME
KO         4.13   3.57 EXTREME
MAR        4.12   3.41 EXTREME
MCD        3.80   3.41 EXTREME
XLF        3.92   3.22 EXTREME
DIS        4.05   3.20 EXTREME
TLT        4.06   3.18 EXTREME
[scanner_cross] Scanning 3 pairs (threshold: 0.05%)...
  [scanner_cross] BTC: Binance $70983.81 | OKX $70984.00 | spread +0.0003%
  [scanner_cross] BTC: Skipped (spread 0.0003% < threshold 0.05%)
  [scanner_cross] ETH: Binance $2076.11 | OKX $2075.86 | spread -0.0120%
  [scanner_cross] ETH: Skipped (spread 0.0120% < threshold 0.05%)
  [scanner_cross] SOL: Binance $88.94 | OKX $88.94 | spread +0.0000%
  [scanner_cross] SOL: Skipped (spread 0.0000% < threshold 0.05%)
📡 Scanning P2P markets across LATAM...
  [scanner_p2p] Scanning USDT/MXN...
  [scanner_p2p] USDT/MXN: Buy $17.7880 | Spread -0.022% | Depth 43755 USDT | Skipped (< 0.20%)
  [scanner_p2p] Scanning USDT/COP...
  [scanner_p2p] USDT/COP: Buy $3749.9800 | Spread +0.111% | Depth 39317 USDT | Skipped (< 0.20%)
  [scanner_p2p] Scanning USDT/VES...
  [scanner_p2p] USDT/VES: Buy $622.1758 | Spread -1.840% | Depth 141322 USDT | Logged
  [scanner_p2p] Scanning USDT/ARS...
  [scanner_p2p] USDT/ARS: Buy $1462.1040 | Spread +0.211% | Depth 2016 USDT | Logged
📡 P2P scan complete: 4/4 pairs successful
[scanner_basis] Scanning BTCUSDT...
  [scanner_basis] Spot: $70983.82 | Futures: $70955.40 | Basis: -0.0400%
  [scanner_basis] Logged (basis 0.0400% >= threshold 0.02%)
✅ DB inicializada: storage/batman.db

🦇 RISK SCORES TOP 10
SYM       VOL_Z   RISK REGIME
-----------------------------------
UAL        3.39   4.01 EXTREME
DAL        3.52   3.78 EXTREME
XLP        4.10   3.75 EXTREME
PEP        4.05   3.72 EXTREME
KO         4.13   3.57 EXTREME
MAR        4.12   3.41 EXTREME
MCD        3.80   3.41 EXTREME
XLF        3.92   3.22 EXTREME
DIS        4.05   3.20 EXTREME
TLT        4.06   3.18 EXTREME
[scanner_cross] Scanning 3 pairs (threshold: 0.05%)...
  [scanner_cross] BTC: Binance $70937.89 | OKX $70940.80 | spread +0.0041%
  [scanner_cross] BTC: Skipped (spread 0.0041% < threshold 0.05%)
  [scanner_cross] ETH: Binance $2071.21 | OKX $2071.10 | spread -0.0053%
  [scanner_cross] ETH: Skipped (spread 0.0053% < threshold 0.05%)
  [scanner_cross] SOL: Binance $88.84 | OKX $88.87 | spread +0.0338%
  [scanner_cross] SOL: Skipped (spread 0.0338% < threshold 0.05%)
📡 Scanning P2P markets across LATAM...
  [scanner_p2p] Scanning USDT/MXN...
  [scanner_p2p] USDT/MXN: Buy $17.7860 | Spread +0.022% | Depth 38972 USDT | Skipped (< 0.20%)
  [scanner_p2p] Scanning USDT/COP...
  [scanner_p2p] USDT/COP: Buy $3746.7540 | Spread +0.018% | Depth 33324 USDT | Skipped (< 0.20%)
  [scanner_p2p] Scanning USDT/VES...
  [scanner_p2p] USDT/VES: Buy $621.0898 | Spread -2.155% | Depth 130893 USDT | Logged
  [scanner_p2p] Scanning USDT/ARS...
  [scanner_p2p] USDT/ARS: Buy $1462.0020 | Spread +0.168% | Depth 5155 USDT | Skipped (< 0.20%)
📡 P2P scan complete: 4/4 pairs successful
[scanner_basis] Scanning BTCUSDT...
  [scanner_basis] Spot: $70937.95 | Futures: $70906.10 | Basis: -0.0449%
  [scanner_basis] Logged (basis 0.0449% >= threshold 0.02%)
✅ DB inicializada: storage/batman.db

🦇 RISK SCORES TOP 10
SYM       VOL_Z   RISK REGIME
-----------------------------------
UAL        3.39   4.01 EXTREME
DAL        3.52   3.78 EXTREME
XLP        4.10   3.75 EXTREME
PEP        4.05   3.72 EXTREME
KO         4.13   3.57 EXTREME
MAR        4.12   3.41 EXTREME
MCD        3.80   3.41 EXTREME
XLF        3.92   3.22 EXTREME
DIS        4.05   3.20 EXTREME
TLT        4.06   3.18 EXTREME
[scanner_cross] Scanning 3 pairs (threshold: 0.05%)...
  [scanner_cross] BTC: Binance $70958.46 | OKX $70961.60 | spread +0.0044%
  [scanner_cross] BTC: Skipped (spread 0.0044% < threshold 0.05%)
  [scanner_cross] ETH: Binance $2071.40 | OKX $2071.20 | spread -0.0097%
  [scanner_cross] ETH: Skipped (spread 0.0097% < threshold 0.05%)
  [scanner_cross] SOL: Binance $88.84 | OKX $88.85 | spread +0.0113%
  [scanner_cross] SOL: Skipped (spread 0.0113% < threshold 0.05%)
📡 Scanning P2P markets across LATAM...
  [scanner_p2p] Scanning USDT/MXN...
  [scanner_p2p] USDT/MXN: Buy $17.7860 | Spread +0.022% | Depth 38972 USDT | Skipped (< 0.20%)
  [scanner_p2p] Scanning USDT/COP...
  [scanner_p2p] USDT/COP: Buy $3746.7540 | Spread +0.016% | Depth 47816 USDT | Skipped (< 0.20%)
  [scanner_p2p] Scanning USDT/VES...
  [scanner_p2p] USDT/VES: Buy $621.5698 | Spread -2.079% | Depth 127928 USDT | Logged
  [scanner_p2p] Scanning USDT/ARS...
  [scanner_p2p] USDT/ARS: Buy $1461.9780 | Spread +0.165% | Depth 6500 USDT | Skipped (< 0.20%)
📡 P2P scan complete: 4/4 pairs successful
[scanner_basis] Scanning BTCUSDT...
  [scanner_basis] Spot: $70958.46 | Futures: $70922.50 | Basis: -0.0507%
  [scanner_basis] Logged (basis 0.0507% >= threshold 0.02%)
✅ DB inicializada: storage/batman.db

🦇 RISK SCORES TOP 10
SYM       VOL_Z   RISK REGIME
-----------------------------------
UAL        3.39   4.01 EXTREME
DAL        3.52   3.78 EXTREME
XLP        4.10   3.75 EXTREME
PEP        4.05   3.72 EXTREME
KO         4.13   3.57 EXTREME
MAR        4.12   3.41 EXTREME
MCD        3.80   3.41 EXTREME
XLF        3.92   3.22 EXTREME
DIS        4.05   3.20 EXTREME
TLT        4.06   3.18 EXTREME
[scanner_cross] Scanning 3 pairs (threshold: 0.05%)...
  [scanner_cross] BTC: Binance $70929.77 | OKX $70935.80 | spread +0.0085%
  [scanner_cross] BTC: Skipped (spread 0.0085% < threshold 0.05%)
  [scanner_cross] ETH: Binance $2074.19 | OKX $2073.92 | spread -0.0130%
  [scanner_cross] ETH: Skipped (spread 0.0130% < threshold 0.05%)
  [scanner_cross] SOL: Binance $88.82 | OKX $88.83 | spread +0.0113%
  [scanner_cross] SOL: Skipped (spread 0.0113% < threshold 0.05%)
📡 Scanning P2P markets across LATAM...
  [scanner_p2p] Scanning USDT/MXN...
  [scanner_p2p] USDT/MXN: Buy $17.7840 | Spread +0.034% | Depth 39060 USDT | Skipped (< 0.20%)
  [scanner_p2p] Scanning USDT/COP...
  [scanner_p2p] USDT/COP: Buy $3747.4000 | Spread -0.011% | Depth 47461 USDT | Skipped (< 0.20%)
  [scanner_p2p] Scanning USDT/VES...
  [scanner_p2p] USDT/VES: Buy $621.8100 | Spread -2.159% | Depth 108590 USDT | Logged
  [scanner_p2p] Scanning USDT/ARS...
  [scanner_p2p] USDT/ARS: Buy $1461.9800 | Spread +0.130% | Depth 6743 USDT | Skipped (< 0.20%)
📡 P2P scan complete: 4/4 pairs successful
[scanner_basis] Scanning BTCUSDT...
  [scanner_basis] Spot: $70929.77 | Futures: $70900.10 | Basis: -0.0418%
  [scanner_basis] Logged (basis 0.0418% >= threshold 0.02%)
✅ DB inicializada: storage/batman.db

🦇 RISK SCORES TOP 10
SYM       VOL_Z   RISK REGIME
-----------------------------------
UAL        3.39   4.01 EXTREME
DAL        3.52   3.78 EXTREME
XLP        4.10   3.75 EXTREME
PEP        4.05   3.72 EXTREME
KO         4.13   3.57 EXTREME
MAR        4.12   3.41 EXTREME
MCD        3.80   3.41 EXTREME
XLF        3.92   3.22 EXTREME
DIS        4.05   3.20 EXTREME
TLT        4.06   3.18 EXTREME
[scanner_cross] Scanning 3 pairs (threshold: 0.05%)...
  [scanner_cross] BTC: Binance $70916.33 | OKX $70918.60 | spread +0.0032%
  [scanner_cross] BTC: Skipped (spread 0.0032% < threshold 0.05%)
  [scanner_cross] ETH: Binance $2073.64 | OKX $2073.41 | spread -0.0111%
  [scanner_cross] ETH: Skipped (spread 0.0111% < threshold 0.05%)
  [scanner_cross] SOL: Binance $88.78 | OKX $88.78 | spread +0.0000%
  [scanner_cross] SOL: Skipped (spread 0.0000% < threshold 0.05%)
📡 Scanning P2P markets across LATAM...
  [scanner_p2p] Scanning USDT/MXN...
  [scanner_p2p] USDT/MXN: Buy $17.7840 | Spread +0.034% | Depth 38084 USDT | Skipped (< 0.20%)
  [scanner_p2p] Scanning USDT/COP...
  [scanner_p2p] USDT/COP: Buy $3749.0000 | Spread +0.037% | Depth 48184 USDT | Skipped (< 0.20%)
  [scanner_p2p] Scanning USDT/VES...
  [scanner_p2p] USDT/VES: Buy $621.5900 | Spread -2.039% | Depth 119717 USDT | Logged
  [scanner_p2p] Scanning USDT/ARS...
  [scanner_p2p] USDT/ARS: Buy $1461.9800 | Spread +0.138% | Depth 5753 USDT | Skipped (< 0.20%)
📡 P2P scan complete: 4/4 pairs successful
[scanner_basis] Scanning BTCUSDT...
  [scanner_basis] Spot: $70916.32 | Futures: $70884.90 | Basis: -0.0443%
  [scanner_basis] Logged (basis 0.0443% >= threshold 0.02%)
✅ DB inicializada: storage/batman.db

🦇 RISK SCORES TOP 10
SYM       VOL_Z   RISK REGIME
-----------------------------------
UAL        3.39   4.01 EXTREME
DAL        3.52   3.78 EXTREME
XLP        4.10   3.75 EXTREME
PEP        4.05   3.72 EXTREME
KO         4.13   3.57 EXTREME
MAR        4.12   3.41 EXTREME
MCD        3.80   3.41 EXTREME
XLF        3.92   3.22 EXTREME
DIS        4.05   3.20 EXTREME
TLT        4.06   3.18 EXTREME
[scanner_cross] Scanning 3 pairs (threshold: 0.05%)...
  [scanner_cross] BTC: Binance $70837.68 | OKX $70830.60 | spread -0.0100%
  [scanner_cross] BTC: Skipped (spread 0.0100% < threshold 0.05%)
  [scanner_cross] ETH: Binance $2076.75 | OKX $2076.61 | spread -0.0067%
  [scanner_cross] ETH: Skipped (spread 0.0067% < threshold 0.05%)
  [scanner_cross] SOL: Binance $88.70 | OKX $88.70 | spread +0.0000%
  [scanner_cross] SOL: Skipped (spread 0.0000% < threshold 0.05%)
📡 Scanning P2P markets across LATAM...
  [scanner_p2p] Scanning USDT/MXN...
  [scanner_p2p] USDT/MXN: Buy $17.7860 | Spread -0.022% | Depth 42433 USDT | Skipped (< 0.20%)
  [scanner_p2p] Scanning USDT/COP...
  [scanner_p2p] USDT/COP: Buy $3745.9980 | Spread -0.028% | Depth 64738 USDT | Skipped (< 0.20%)
  [scanner_p2p] Scanning USDT/VES...
  [scanner_p2p] USDT/VES: Buy $621.6200 | Spread -2.003% | Depth 130571 USDT | Logged
  [scanner_p2p] Scanning USDT/ARS...
  [scanner_p2p] USDT/ARS: Buy $1462.0180 | Spread +0.174% | Depth 990 USDT | Skipped (< 0.20%)
📡 P2P scan complete: 4/4 pairs successful
[scanner_basis] Scanning BTCUSDT...
  [scanner_basis] Spot: $70856.46 | Futures: $70794.40 | Basis: -0.0876%
  [scanner_basis] Logged (basis 0.0876% >= threshold 0.02%)
✅ DB inicializada: storage/batman.db

🦇 RISK SCORES TOP 10
SYM       VOL_Z   RISK REGIME
-----------------------------------
UAL        3.39   4.01 EXTREME
DAL        3.52   3.78 EXTREME
XLP        4.10   3.75 EXTREME
PEP        4.05   3.72 EXTREME
KO         4.13   3.57 EXTREME
MAR        4.12   3.41 EXTREME
MCD        3.80   3.41 EXTREME
XLF        3.92   3.22 EXTREME
DIS        4.05   3.20 EXTREME
TLT        4.06   3.18 EXTREME
[scanner_cross] Scanning 3 pairs (threshold: 0.05%)...
  [scanner_cross] BTC: Binance $70813.08 | OKX $70815.50 | spread +0.0034%
  [scanner_cross] BTC: Skipped (spread 0.0034% < threshold 0.05%)
  [scanner_cross] ETH: Binance $2076.07 | OKX $2075.89 | spread -0.0087%
  [scanner_cross] ETH: Skipped (spread 0.0087% < threshold 0.05%)
  [scanner_cross] SOL: Binance $88.66 | OKX $88.68 | spread +0.0226%
  [scanner_cross] SOL: Skipped (spread 0.0226% < threshold 0.05%)
📡 Scanning P2P markets across LATAM...
  [scanner_p2p] Scanning USDT/MXN...
  [scanner_p2p] USDT/MXN: Buy $17.7860 | Spread -0.022% | Depth 42433 USDT | Skipped (< 0.20%)
  [scanner_p2p] Scanning USDT/COP...
  [scanner_p2p] USDT/COP: Buy $3745.9980 | Spread -0.134% | Depth 40642 USDT | Skipped (< 0.20%)
  [scanner_p2p] Scanning USDT/VES...
  [scanner_p2p] USDT/VES: Buy $621.7060 | Spread -1.959% | Depth 107784 USDT | Logged
  [scanner_p2p] Scanning USDT/ARS...
  [scanner_p2p] USDT/ARS: Buy $1462.0180 | Spread +0.174% | Depth 990 USDT | Skipped (< 0.20%)
📡 P2P scan complete: 4/4 pairs successful
[scanner_basis] Scanning BTCUSDT...
  [scanner_basis] Spot: $70808.14 | Futures: $70791.30 | Basis: -0.0238%
  [scanner_basis] Logged (basis 0.0238% >= threshold 0.02%)
✅ DB inicializada: storage/batman.db

🦇 RISK SCORES TOP 10
SYM       VOL_Z   RISK REGIME
-----------------------------------
UAL        3.39   4.01 EXTREME
DAL        3.52   3.78 EXTREME
XLP        4.10   3.75 EXTREME
PEP        4.05   3.72 EXTREME
KO         4.13   3.57 EXTREME
MAR        4.12   3.41 EXTREME
MCD        3.80   3.41 EXTREME
XLF        3.92   3.22 EXTREME
DIS        4.05   3.20 EXTREME
TLT        4.06   3.18 EXTREME
[scanner_cross] Scanning 3 pairs (threshold: 0.05%)...
  [scanner_cross] BTC: Binance $70473.89 | OKX $70471.70 | spread -0.0031%
  [scanner_cross] BTC: Skipped (spread 0.0031% < threshold 0.05%)
  [scanner_cross] ETH: Binance $2065.75 | OKX $2065.85 | spread +0.0048%
  [scanner_cross] ETH: Skipped (spread 0.0048% < threshold 0.05%)
  [scanner_cross] SOL: Binance $88.18 | OKX $88.17 | spread -0.0113%
  [scanner_cross] SOL: Skipped (spread 0.0113% < threshold 0.05%)
📡 Scanning P2P markets across LATAM...
  [scanner_p2p] Scanning USDT/MXN...
  [scanner_p2p] USDT/MXN: Buy $17.7880 | Spread -0.191% | Depth 50875 USDT | Skipped (< 0.20%)
  [scanner_p2p] Scanning USDT/COP...
  [scanner_p2p] USDT/COP: Buy $3741.0000 | Spread -0.186% | Depth 65296 USDT | Skipped (< 0.20%)
  [scanner_p2p] Scanning USDT/VES...
  [scanner_p2p] USDT/VES: Buy $621.5562 | Spread -2.109% | Depth 84046 USDT | Logged
  [scanner_p2p] Scanning USDT/ARS...
  [scanner_p2p] USDT/ARS: Buy $1462.2000 | Spread -0.021% | Depth 1663 USDT | Skipped (< 0.20%)
📡 P2P scan complete: 4/4 pairs successful
[scanner_basis] Scanning BTCUSDT...
  [scanner_basis] Spot: $70465.48 | Futures: $70419.90 | Basis: -0.0647%
  [scanner_basis] Logged (basis 0.0647% >= threshold 0.02%)
✅ DB inicializada: storage/batman.db

🦇 RISK SCORES TOP 10
SYM       VOL_Z   RISK REGIME
-----------------------------------
UAL        3.39   4.01 EXTREME
DAL        3.52   3.78 EXTREME
XLP        4.10   3.75 EXTREME
PEP        4.05   3.72 EXTREME
KO         4.13   3.57 EXTREME
MAR        4.12   3.41 EXTREME
MCD        3.80   3.41 EXTREME
XLF        3.92   3.22 EXTREME
DIS        4.05   3.20 EXTREME
TLT        4.06   3.18 EXTREME
[scanner_cross] Scanning 3 pairs (threshold: 0.05%)...
  [scanner_cross] BTC: Binance $70507.59 | OKX $70500.80 | spread -0.0096%
  [scanner_cross] BTC: Skipped (spread 0.0096% < threshold 0.05%)
  [scanner_cross] ETH: Binance $2067.07 | OKX $2067.25 | spread +0.0087%
  [scanner_cross] ETH: Skipped (spread 0.0087% < threshold 0.05%)
  [scanner_cross] SOL: Binance $88.29 | OKX $88.29 | spread +0.0000%
  [scanner_cross] SOL: Skipped (spread 0.0000% < threshold 0.05%)
📡 Scanning P2P markets across LATAM...
  [scanner_p2p] Scanning USDT/MXN...
  [scanner_p2p] USDT/MXN: Buy $17.7880 | Spread -0.202% | Depth 50875 USDT | Logged
  [scanner_p2p] Scanning USDT/COP...
  [scanner_p2p] USDT/COP: Buy $3741.0000 | Spread -0.186% | Depth 65296 USDT | Skipped (< 0.20%)
  [scanner_p2p] Scanning USDT/VES...
  [scanner_p2p] USDT/VES: Buy $621.7100 | Spread -1.961% | Depth 95089 USDT | Logged
  [scanner_p2p] Scanning USDT/ARS...
  [scanner_p2p] USDT/ARS: Buy $1462.2400 | Spread -0.018% | Depth 1628 USDT | Skipped (< 0.20%)
📡 P2P scan complete: 4/4 pairs successful
[scanner_basis] Scanning BTCUSDT...
  [scanner_basis] Spot: $70517.19 | Futures: $70458.40 | Basis: -0.0834%
  [scanner_basis] Logged (basis 0.0834% >= threshold 0.02%)
✅ DB inicializada: storage/batman.db

🦇 RISK SCORES TOP 10
SYM       VOL_Z   RISK REGIME
-----------------------------------
UAL        3.39   4.01 EXTREME
DAL        3.52   3.78 EXTREME
XLP        4.10   3.75 EXTREME
PEP        4.05   3.72 EXTREME
KO         4.13   3.57 EXTREME
MAR        4.12   3.41 EXTREME
MCD        3.80   3.41 EXTREME
XLF        3.92   3.22 EXTREME
DIS        4.05   3.20 EXTREME
TLT        4.06   3.18 EXTREME
[scanner_cross] Scanning 3 pairs (threshold: 0.05%)...
  [scanner_cross] BTC: Binance $71119.22 | OKX $71117.50 | spread -0.0024%
  [scanner_cross] BTC: Skipped (spread 0.0024% < threshold 0.05%)
  [scanner_cross] ETH: Binance $2085.01 | OKX $2085.21 | spread +0.0096%
  [scanner_cross] ETH: Skipped (spread 0.0096% < threshold 0.05%)
  [scanner_cross] SOL: Binance $89.06 | OKX $89.05 | spread -0.0112%
  [scanner_cross] SOL: Skipped (spread 0.0112% < threshold 0.05%)
📡 Scanning P2P markets across LATAM...
  [scanner_p2p] Scanning USDT/MXN...
  [scanner_p2p] USDT/MXN: Buy $17.7860 | Spread -0.292% | Depth 51480 USDT | Logged
  [scanner_p2p] Scanning USDT/COP...
  [scanner_p2p] USDT/COP: Buy $3740.4000 | Spread -0.240% | Depth 50227 USDT | Logged
  [scanner_p2p] Scanning USDT/VES...
  [scanner_p2p] USDT/VES: Buy $621.6342 | Spread -1.784% | Depth 86193 USDT | Logged
  [scanner_p2p] Scanning USDT/ARS...
  [scanner_p2p] USDT/ARS: Buy $1462.0860 | Spread +0.174% | Depth 988 USDT | Skipped (< 0.20%)
📡 P2P scan complete: 4/4 pairs successful
[scanner_basis] Scanning BTCUSDT...
  [scanner_basis] Spot: $71114.56 | Futures: $71080.10 | Basis: -0.0485%
  [scanner_basis] Logged (basis 0.0485% >= threshold 0.02%)
✅ DB inicializada: storage/batman.db

🦇 RISK SCORES TOP 10
SYM       VOL_Z   RISK REGIME
-----------------------------------
UAL        3.39   4.01 EXTREME
DAL        3.52   3.78 EXTREME
XLP        4.10   3.75 EXTREME
PEP        4.05   3.72 EXTREME
KO         4.13   3.57 EXTREME
MAR        4.12   3.41 EXTREME
MCD        3.80   3.41 EXTREME
XLF        3.92   3.22 EXTREME
DIS        4.05   3.20 EXTREME
TLT        4.06   3.18 EXTREME
[scanner_cross] Scanning 3 pairs (threshold: 0.05%)...
  [scanner_cross] BTC: Binance $71082.45 | OKX $71087.30 | spread +0.0068%
  [scanner_cross] BTC: Skipped (spread 0.0068% < threshold 0.05%)
  [scanner_cross] ETH: Binance $2083.13 | OKX $2083.08 | spread -0.0024%
  [scanner_cross] ETH: Skipped (spread 0.0024% < threshold 0.05%)
  [scanner_cross] SOL: Binance $88.96 | OKX $88.97 | spread +0.0112%
  [scanner_cross] SOL: Skipped (spread 0.0112% < threshold 0.05%)
📡 Scanning P2P markets across LATAM...
  [scanner_p2p] Scanning USDT/MXN...
  [scanner_p2p] USDT/MXN: Buy $17.7860 | Spread -0.292% | Depth 51480 USDT | Logged
  [scanner_p2p] Scanning USDT/COP...
  [scanner_p2p] USDT/COP: Buy $3740.4000 | Spread -0.240% | Depth 50227 USDT | Logged
  [scanner_p2p] Scanning USDT/VES...
  [scanner_p2p] USDT/VES: Buy $621.6880 | Spread -1.776% | Depth 86109 USDT | Logged
  [scanner_p2p] Scanning USDT/ARS...
  [scanner_p2p] USDT/ARS: Buy $1462.0860 | Spread +0.174% | Depth 988 USDT | Skipped (< 0.20%)
📡 P2P scan complete: 4/4 pairs successful
[scanner_basis] Scanning BTCUSDT...
  [scanner_basis] Spot: $71094.34 | Futures: $71045.10 | Basis: -0.0693%
  [scanner_basis] Logged (basis 0.0693% >= threshold 0.02%)
✅ DB inicializada: storage/batman.db

🦇 RISK SCORES TOP 10
SYM       VOL_Z   RISK REGIME
-----------------------------------
UAL        3.39   4.01 EXTREME
DAL        3.52   3.78 EXTREME
XLP        4.10   3.75 EXTREME
PEP        4.05   3.72 EXTREME
KO         4.13   3.57 EXTREME
MAR        4.12   3.41 EXTREME
MCD        3.80   3.41 EXTREME
XLF        3.92   3.22 EXTREME
DIS        4.05   3.20 EXTREME
TLT        4.06   3.18 EXTREME
[scanner_cross] Scanning 3 pairs (threshold: 0.05%)...
  [scanner_cross] BTC: Binance $71178.90 | OKX $71185.80 | spread +0.0097%
  [scanner_cross] BTC: Skipped (spread 0.0097% < threshold 0.05%)
  [scanner_cross] ETH: Binance $2084.96 | OKX $2085.11 | spread +0.0072%
  [scanner_cross] ETH: Skipped (spread 0.0072% < threshold 0.05%)
  [scanner_cross] SOL: Binance $88.97 | OKX $88.99 | spread +0.0225%
  [scanner_cross] SOL: Skipped (spread 0.0225% < threshold 0.05%)
📡 Scanning P2P markets across LATAM...
  [scanner_p2p] Scanning USDT/MXN...
  [scanner_p2p] USDT/MXN: Buy $17.7820 | Spread -0.269% | Depth 49750 USDT | Logged
  [scanner_p2p] Scanning USDT/COP...
  [scanner_p2p] USDT/COP: Buy $3749.8000 | Spread +0.036% | Depth 36809 USDT | Skipped (< 0.20%)
  [scanner_p2p] Scanning USDT/VES...
  [scanner_p2p] USDT/VES: Buy $622.0298 | Spread -1.675% | Depth 53426 USDT | Logged
  [scanner_p2p] Scanning USDT/ARS...
  [scanner_p2p] USDT/ARS: Buy $1460.8500 | Spread +0.082% | Depth 6834 USDT | Skipped (< 0.20%)
📡 P2P scan complete: 4/4 pairs successful
[scanner_basis] Scanning BTCUSDT...
  [scanner_basis] Spot: $71184.75 | Futures: $71140.40 | Basis: -0.0623%
  [scanner_basis] Logged (basis 0.0623% >= threshold 0.02%)
✅ DB inicializada: storage/batman.db

🦇 RISK SCORES TOP 10
SYM       VOL_Z   RISK REGIME
-----------------------------------
UAL        3.39   4.01 EXTREME
DAL        3.52   3.78 EXTREME
XLP        4.10   3.75 EXTREME
PEP        4.05   3.72 EXTREME
KO         4.13   3.57 EXTREME
MAR        4.12   3.41 EXTREME
MCD        3.80   3.41 EXTREME
XLF        3.92   3.22 EXTREME
DIS        4.05   3.20 EXTREME
TLT        4.06   3.18 EXTREME
[scanner_cross] Scanning 3 pairs (threshold: 0.05%)...
  [scanner_cross] BTC: Binance $71222.05 | OKX $71227.50 | spread +0.0077%
  [scanner_cross] BTC: Skipped (spread 0.0077% < threshold 0.05%)
  [scanner_cross] ETH: Binance $2086.11 | OKX $2086.25 | spread +0.0067%
  [scanner_cross] ETH: Skipped (spread 0.0067% < threshold 0.05%)
  [scanner_cross] SOL: Binance $89.05 | OKX $89.05 | spread +0.0000%
  [scanner_cross] SOL: Skipped (spread 0.0000% < threshold 0.05%)
📡 Scanning P2P markets across LATAM...
  [scanner_p2p] Scanning USDT/MXN...
  [scanner_p2p] USDT/MXN: Buy $17.7820 | Spread -0.269% | Depth 49750 USDT | Logged
  [scanner_p2p] Scanning USDT/COP...
  [scanner_p2p] USDT/COP: Buy $3749.8000 | Spread +0.036% | Depth 36609 USDT | Skipped (< 0.20%)
  [scanner_p2p] Scanning USDT/VES...
  [scanner_p2p] USDT/VES: Buy $622.1490 | Spread -1.656% | Depth 53377 USDT | Logged
  [scanner_p2p] Scanning USDT/ARS...
  [scanner_p2p] USDT/ARS: Buy $1460.8500 | Spread +0.082% | Depth 6670 USDT | Skipped (< 0.20%)
📡 P2P scan complete: 4/4 pairs successful
[scanner_basis] Scanning BTCUSDT...
  [scanner_basis] Spot: $71220.26 | Futures: $71176.60 | Basis: -0.0613%
  [scanner_basis] Logged (basis 0.0613% >= threshold 0.02%)
✅ DB inicializada: storage/batman.db

🦇 RISK SCORES TOP 10
SYM       VOL_Z   RISK REGIME
-----------------------------------
UAL        3.39   4.01 EXTREME
DAL        3.52   3.78 EXTREME
XLP        4.10   3.75 EXTREME
PEP        4.05   3.72 EXTREME
KO         4.13   3.57 EXTREME
MAR        4.12   3.41 EXTREME
MCD        3.80   3.41 EXTREME
XLF        3.92   3.22 EXTREME
DIS        4.05   3.20 EXTREME
TLT        4.06   3.18 EXTREME
[scanner_cross] Scanning 3 pairs (threshold: 0.05%)...
  [scanner_cross] BTC: Binance $71190.90 | OKX $71183.10 | spread -0.0110%
  [scanner_cross] BTC: Skipped (spread 0.0110% < threshold 0.05%)
  [scanner_cross] ETH: Binance $2085.56 | OKX $2085.60 | spread +0.0019%
  [scanner_cross] ETH: Skipped (spread 0.0019% < threshold 0.05%)
  [scanner_cross] SOL: Binance $88.67 | OKX $88.66 | spread -0.0113%
  [scanner_cross] SOL: Skipped (spread 0.0113% < threshold 0.05%)
📡 Scanning P2P markets across LATAM...
  [scanner_p2p] Scanning USDT/MXN...
  [scanner_p2p] USDT/MXN: Buy $17.7800 | Spread -0.292% | Depth 44003 USDT | Logged
  [scanner_p2p] Scanning USDT/COP...
  [scanner_p2p] USDT/COP: Buy $3756.0000 | Spread +0.200% | Depth 42660 USDT | Logged
  [scanner_p2p] Scanning USDT/VES...
  [scanner_p2p] USDT/VES: Buy $622.6080 | Spread -1.590% | Depth 105410 USDT | Logged
  [scanner_p2p] Scanning USDT/ARS...
  [scanner_p2p] USDT/ARS: Buy $1460.8320 | Spread +0.010% | Depth 12488 USDT | Skipped (< 0.20%)
📡 P2P scan complete: 4/4 pairs successful
[scanner_basis] Scanning BTCUSDT...
  [scanner_basis] Spot: $71186.21 | Futures: $71145.70 | Basis: -0.0569%
  [scanner_basis] Logged (basis 0.0569% >= threshold 0.02%)
✅ DB inicializada: storage/batman.db

🦇 RISK SCORES TOP 10
SYM       VOL_Z   RISK REGIME
-----------------------------------
UAL        3.39   4.01 EXTREME
DAL        3.52   3.78 EXTREME
XLP        4.10   3.75 EXTREME
PEP        4.05   3.72 EXTREME
KO         4.13   3.57 EXTREME
MAR        4.12   3.41 EXTREME
MCD        3.80   3.41 EXTREME
XLF        3.92   3.22 EXTREME
DIS        4.05   3.20 EXTREME
TLT        4.06   3.18 EXTREME
[scanner_cross] Scanning 3 pairs (threshold: 0.05%)...
  [scanner_cross] BTC: Binance $71195.59 | OKX $71195.20 | spread -0.0005%
  [scanner_cross] BTC: Skipped (spread 0.0005% < threshold 0.05%)
  [scanner_cross] ETH: Binance $2085.76 | OKX $2085.80 | spread +0.0019%
  [scanner_cross] ETH: Skipped (spread 0.0019% < threshold 0.05%)
  [scanner_cross] SOL: Binance $88.70 | OKX $88.69 | spread -0.0113%
  [scanner_cross] SOL: Skipped (spread 0.0113% < threshold 0.05%)
📡 Scanning P2P markets across LATAM...
  [scanner_p2p] Scanning USDT/MXN...
  [scanner_p2p] USDT/MXN: Buy $17.7800 | Spread -0.292% | Depth 44003 USDT | Logged
  [scanner_p2p] Scanning USDT/COP...
  [scanner_p2p] USDT/COP: Buy $3756.0000 | Spread +0.200% | Depth 42660 USDT | Logged
  [scanner_p2p] Scanning USDT/VES...
  [scanner_p2p] USDT/VES: Buy $622.7280 | Spread -1.571% | Depth 105355 USDT | Logged
  [scanner_p2p] Scanning USDT/ARS...
  [scanner_p2p] USDT/ARS: Buy $1460.8320 | Spread +0.010% | Depth 11021 USDT | Skipped (< 0.20%)
📡 P2P scan complete: 4/4 pairs successful
[scanner_basis] Scanning BTCUSDT...
  [scanner_basis] Spot: $71176.93 | Futures: $71155.30 | Basis: -0.0304%
  [scanner_basis] Logged (basis 0.0304% >= threshold 0.02%)
✅ DB inicializada: storage/batman.db

🦇 RISK SCORES TOP 10
SYM       VOL_Z   RISK REGIME
-----------------------------------
UAL        3.39   4.01 EXTREME
DAL        3.52   3.78 EXTREME
XLP        4.10   3.75 EXTREME
PEP        4.05   3.72 EXTREME
KO         4.13   3.57 EXTREME
MAR        4.12   3.41 EXTREME
MCD        3.80   3.41 EXTREME
XLF        3.92   3.22 EXTREME
DIS        4.05   3.20 EXTREME
TLT        4.06   3.18 EXTREME
[scanner_cross] Scanning 3 pairs (threshold: 0.05%)...
  [scanner_cross] BTC: Binance $71187.20 | OKX $71183.70 | spread -0.0049%
  [scanner_cross] BTC: Skipped (spread 0.0049% < threshold 0.05%)
  [scanner_cross] ETH: Binance $2083.88 | OKX $2083.65 | spread -0.0110%
  [scanner_cross] ETH: Skipped (spread 0.0110% < threshold 0.05%)
  [scanner_cross] SOL: Binance $88.37 | OKX $88.35 | spread -0.0226%
  [scanner_cross] SOL: Skipped (spread 0.0226% < threshold 0.05%)
📡 Scanning P2P markets across LATAM...
  [scanner_p2p] Scanning USDT/MXN...
  [scanner_p2p] USDT/MXN: Buy $17.7620 | Spread +0.023% | Depth 31174 USDT | Skipped (< 0.20%)
  [scanner_p2p] Scanning USDT/COP...
  [scanner_p2p] USDT/COP: Buy $3761.7800 | Spread +0.357% | Depth 33641 USDT | Logged
  [scanner_p2p] Scanning USDT/VES...
  [scanner_p2p] USDT/VES: Buy $621.7220 | Spread -1.720% | Depth 79319 USDT | Logged
  [scanner_p2p] Scanning USDT/ARS...
  [scanner_p2p] USDT/ARS: Buy $1460.8480 | Spread +0.016% | Depth 5941 USDT | Skipped (< 0.20%)
📡 P2P scan complete: 4/4 pairs successful
[scanner_basis] Scanning BTCUSDT...
  [scanner_basis] Spot: $71195.40 | Futures: $71141.10 | Basis: -0.0763%
  [scanner_basis] Logged (basis 0.0763% >= threshold 0.02%)
✅ DB inicializada: storage/batman.db

🦇 RISK SCORES TOP 10
SYM       VOL_Z   RISK REGIME
-----------------------------------
UAL        3.39   4.01 EXTREME
DAL        3.52   3.78 EXTREME
XLP        4.10   3.75 EXTREME
PEP        4.05   3.72 EXTREME
KO         4.13   3.57 EXTREME
MAR        4.12   3.41 EXTREME
MCD        3.80   3.41 EXTREME
XLF        3.92   3.22 EXTREME
DIS        4.05   3.20 EXTREME
TLT        4.06   3.18 EXTREME
[scanner_cross] Scanning 3 pairs (threshold: 0.05%)...
  [scanner_cross] BTC: Binance $71150.58 | OKX $71141.70 | spread -0.0125%
  [scanner_cross] BTC: Skipped (spread 0.0125% < threshold 0.05%)
  [scanner_cross] ETH: Binance $2082.67 | OKX $2082.65 | spread -0.0010%
  [scanner_cross] ETH: Skipped (spread 0.0010% < threshold 0.05%)
  [scanner_cross] SOL: Binance $88.26 | OKX $88.24 | spread -0.0227%
  [scanner_cross] SOL: Skipped (spread 0.0227% < threshold 0.05%)
📡 Scanning P2P markets across LATAM...
  [scanner_p2p] Scanning USDT/MXN...
  [scanner_p2p] USDT/MXN: Buy $17.7620 | Spread +0.023% | Depth 30848 USDT | Skipped (< 0.20%)
  [scanner_p2p] Scanning USDT/COP...
  [scanner_p2p] USDT/COP: Buy $3761.5800 | Spread +0.352% | Depth 33694 USDT | Logged
  [scanner_p2p] Scanning USDT/VES...
  [scanner_p2p] USDT/VES: Buy $621.6600 | Spread -1.720% | Depth 103799 USDT | Logged
  [scanner_p2p] Scanning USDT/ARS...
  [scanner_p2p] USDT/ARS: Buy $1460.8480 | Spread +0.017% | Depth 4097 USDT | Skipped (< 0.20%)
📡 P2P scan complete: 4/4 pairs successful
[scanner_basis] Scanning BTCUSDT...
  [scanner_basis] Spot: $71175.94 | Futures: $71105.40 | Basis: -0.0991%
  [scanner_basis] Logged (basis 0.0991% >= threshold 0.02%)
✅ DB inicializada: storage/batman.db

🦇 RISK SCORES TOP 10
SYM       VOL_Z   RISK REGIME
-----------------------------------
UAL        3.39   4.01 EXTREME
DAL        3.52   3.78 EXTREME
XLP        4.10   3.75 EXTREME
PEP        4.05   3.72 EXTREME
KO         4.13   3.57 EXTREME
MAR        4.12   3.41 EXTREME
MCD        3.80   3.41 EXTREME
XLF        3.92   3.22 EXTREME
DIS        4.05   3.20 EXTREME
TLT        4.06   3.18 EXTREME
[scanner_cross] Scanning 3 pairs (threshold: 0.05%)...
  [scanner_cross] BTC: Binance $71230.00 | OKX $71231.80 | spread +0.0025%
  [scanner_cross] BTC: Skipped (spread 0.0025% < threshold 0.05%)
  [scanner_cross] ETH: Binance $2083.81 | OKX $2083.76 | spread -0.0024%
  [scanner_cross] ETH: Skipped (spread 0.0024% < threshold 0.05%)
  [scanner_cross] SOL: Binance $88.41 | OKX $88.41 | spread +0.0000%
  [scanner_cross] SOL: Skipped (spread 0.0000% < threshold 0.05%)
📡 Scanning P2P markets across LATAM...
  [scanner_p2p] Scanning USDT/MXN...
  [scanner_p2p] USDT/MXN: Buy $17.7660 | Spread +0.079% | Depth 40835 USDT | Skipped (< 0.20%)
  [scanner_p2p] Scanning USDT/COP...
  [scanner_p2p] USDT/COP: Buy $3762.1800 | Spread +0.379% | Depth 60268 USDT | Logged
  [scanner_p2p] Scanning USDT/VES...
  [scanner_p2p] USDT/VES: Buy $623.1998 | Spread -1.461% | Depth 80851 USDT | Logged
  [scanner_p2p] Scanning USDT/ARS...
  [scanner_p2p] USDT/ARS: Buy $1460.7760 | Spread +0.012% | Depth 2904 USDT | Skipped (< 0.20%)
📡 P2P scan complete: 4/4 pairs successful
[scanner_basis] Scanning BTCUSDT...
  [scanner_basis] Spot: $71230.01 | Futures: $71181.40 | Basis: -0.0682%
  [scanner_basis] Logged (basis 0.0682% >= threshold 0.02%)
✅ DB inicializada: storage/batman.db

🦇 RISK SCORES TOP 10
SYM       VOL_Z   RISK REGIME
-----------------------------------
UAL        3.39   4.01 EXTREME
DAL        3.52   3.78 EXTREME
XLP        4.10   3.75 EXTREME
PEP        4.05   3.72 EXTREME
KO         4.13   3.57 EXTREME
MAR        4.12   3.41 EXTREME
MCD        3.80   3.41 EXTREME
XLF        3.92   3.22 EXTREME
DIS        4.05   3.20 EXTREME
TLT        4.06   3.18 EXTREME
[scanner_cross] Scanning 3 pairs (threshold: 0.05%)...
  [scanner_cross] BTC: Binance $71249.20 | OKX $71253.10 | spread +0.0055%
  [scanner_cross] BTC: Skipped (spread 0.0055% < threshold 0.05%)
  [scanner_cross] ETH: Binance $2084.64 | OKX $2084.70 | spread +0.0029%
  [scanner_cross] ETH: Skipped (spread 0.0029% < threshold 0.05%)
  [scanner_cross] SOL: Binance $88.45 | OKX $88.43 | spread -0.0226%
  [scanner_cross] SOL: Skipped (spread 0.0226% < threshold 0.05%)
📡 Scanning P2P markets across LATAM...
  [scanner_p2p] Scanning USDT/MXN...
  [scanner_p2p] USDT/MXN: Buy $17.7660 | Spread +0.079% | Depth 39606 USDT | Skipped (< 0.20%)
  [scanner_p2p] Scanning USDT/COP...
  [scanner_p2p] USDT/COP: Buy $3762.1800 | Spread +0.379% | Depth 60268 USDT | Logged
  [scanner_p2p] Scanning USDT/VES...
  [scanner_p2p] USDT/VES: Buy $623.1998 | Spread -1.461% | Depth 80842 USDT | Logged
  [scanner_p2p] Scanning USDT/ARS...
  [scanner_p2p] USDT/ARS: Buy $1460.7760 | Spread +0.016% | Depth 2827 USDT | Skipped (< 0.20%)
📡 P2P scan complete: 4/4 pairs successful
[scanner_basis] Scanning BTCUSDT...
  [scanner_basis] Spot: $71249.20 | Futures: $71207.20 | Basis: -0.0589%
  [scanner_basis] Logged (basis 0.0589% >= threshold 0.02%)
✅ DB inicializada: storage/batman.db

🦇 RISK SCORES TOP 10
SYM       VOL_Z   RISK REGIME
-----------------------------------
UAL        3.39   4.01 EXTREME
DAL        3.52   3.78 EXTREME
XLP        4.10   3.75 EXTREME
PEP        4.05   3.72 EXTREME
KO         4.13   3.57 EXTREME
MAR        4.12   3.41 EXTREME
MCD        3.80   3.41 EXTREME
XLF        3.92   3.22 EXTREME
DIS        4.05   3.20 EXTREME
TLT        4.06   3.18 EXTREME
[scanner_cross] Scanning 3 pairs (threshold: 0.05%)...
  [scanner_cross] BTC: Binance $71197.00 | OKX $71192.00 | spread -0.0070%
  [scanner_cross] BTC: Skipped (spread 0.0070% < threshold 0.05%)
  [scanner_cross] ETH: Binance $2084.30 | OKX $2084.41 | spread +0.0053%
  [scanner_cross] ETH: Skipped (spread 0.0053% < threshold 0.05%)
  [scanner_cross] SOL: Binance $88.49 | OKX $88.49 | spread +0.0000%
  [scanner_cross] SOL: Skipped (spread 0.0000% < threshold 0.05%)
📡 Scanning P2P markets across LATAM...
  [scanner_p2p] Scanning USDT/MXN...
  [scanner_p2p] USDT/MXN: Buy $17.7660 | Spread +0.068% | Depth 39853 USDT | Skipped (< 0.20%)
  [scanner_p2p] Scanning USDT/COP...
  [scanner_p2p] USDT/COP: Buy $3761.4000 | Spread +0.359% | Depth 74588 USDT | Logged
  [scanner_p2p] Scanning USDT/VES...
  [scanner_p2p] USDT/VES: Buy $623.1786 | Spread -1.660% | Depth 85550 USDT | Logged
  [scanner_p2p] Scanning USDT/ARS...
  [scanner_p2p] USDT/ARS: Buy $1461.1240 | Spread +0.103% | Depth 2484 USDT | Skipped (< 0.20%)
📡 P2P scan complete: 4/4 pairs successful
[scanner_basis] Scanning BTCUSDT...
  [scanner_basis] Spot: $71220.69 | Futures: $71159.10 | Basis: -0.0865%
  [scanner_basis] Logged (basis 0.0865% >= threshold 0.02%)
✅ DB inicializada: storage/batman.db

🦇 RISK SCORES TOP 10
SYM       VOL_Z   RISK REGIME
-----------------------------------
UAL        3.39   4.01 EXTREME
DAL        3.52   3.78 EXTREME
XLP        4.10   3.75 EXTREME
PEP        4.05   3.72 EXTREME
KO         4.13   3.57 EXTREME
MAR        4.12   3.41 EXTREME
MCD        3.80   3.41 EXTREME
XLF        3.92   3.22 EXTREME
DIS        4.05   3.20 EXTREME
TLT        4.06   3.18 EXTREME
[scanner_cross] Scanning 3 pairs (threshold: 0.05%)...
  [scanner_cross] BTC: Binance $71241.91 | OKX $71238.20 | spread -0.0052%
  [scanner_cross] BTC: Skipped (spread 0.0052% < threshold 0.05%)
  [scanner_cross] ETH: Binance $2085.66 | OKX $2085.70 | spread +0.0019%
  [scanner_cross] ETH: Skipped (spread 0.0019% < threshold 0.05%)
  [scanner_cross] SOL: Binance $88.56 | OKX $88.55 | spread -0.0113%
  [scanner_cross] SOL: Skipped (spread 0.0113% < threshold 0.05%)
📡 Scanning P2P markets across LATAM...
  [scanner_p2p] Scanning USDT/MXN...
  [scanner_p2p] USDT/MXN: Buy $17.7660 | Spread +0.068% | Depth 39853 USDT | Skipped (< 0.20%)
  [scanner_p2p] Scanning USDT/COP...
  [scanner_p2p] USDT/COP: Buy $3761.4000 | Spread +0.359% | Depth 74588 USDT | Logged
  [scanner_p2p] Scanning USDT/VES...
  [scanner_p2p] USDT/VES: Buy $623.1786 | Spread -1.660% | Depth 85496 USDT | Logged
  [scanner_p2p] Scanning USDT/ARS...
  [scanner_p2p] USDT/ARS: Buy $1461.1240 | Spread +0.103% | Depth 2477 USDT | Skipped (< 0.20%)
📡 P2P scan complete: 4/4 pairs successful
[scanner_basis] Scanning BTCUSDT...
  [scanner_basis] Spot: $71241.90 | Futures: $71203.70 | Basis: -0.0536%
  [scanner_basis] Logged (basis 0.0536% >= threshold 0.02%)
✅ DB inicializada: storage/batman.db

🦇 RISK SCORES TOP 10
SYM       VOL_Z   RISK REGIME
-----------------------------------
UAL        3.39   4.01 EXTREME
DAL        3.52   3.78 EXTREME
XLP        4.10   3.75 EXTREME
PEP        4.05   3.72 EXTREME
KO         4.13   3.57 EXTREME
MAR        4.12   3.41 EXTREME
MCD        3.80   3.41 EXTREME
XLF        3.92   3.22 EXTREME
DIS        4.05   3.20 EXTREME
TLT        4.06   3.18 EXTREME
[scanner_cross] Scanning 3 pairs (threshold: 0.05%)...
  [scanner_cross] BTC: Binance $71200.00 | OKX $71199.90 | spread -0.0001%
  [scanner_cross] BTC: Skipped (spread 0.0001% < threshold 0.05%)
  [scanner_cross] ETH: Binance $2085.52 | OKX $2085.60 | spread +0.0038%
  [scanner_cross] ETH: Skipped (spread 0.0038% < threshold 0.05%)
  [scanner_cross] SOL: Binance $88.60 | OKX $88.62 | spread +0.0226%
  [scanner_cross] SOL: Skipped (spread 0.0226% < threshold 0.05%)
📡 Scanning P2P markets across LATAM...
  [scanner_p2p] Scanning USDT/MXN...
  [scanner_p2p] USDT/MXN: Buy $17.7660 | Spread +0.034% | Depth 37525 USDT | Skipped (< 0.20%)
  [scanner_p2p] Scanning USDT/COP...
  [scanner_p2p] USDT/COP: Buy $3761.8000 | Spread +0.373% | Depth 67486 USDT | Logged
  [scanner_p2p] Scanning USDT/VES...
  [scanner_p2p] USDT/VES: Buy $623.1800 | Spread -1.512% | Depth 56823 USDT | Logged
  [scanner_p2p] Scanning USDT/ARS...
  [scanner_p2p] USDT/ARS: Buy $1461.0300 | Spread +0.131% | Depth 9382 USDT | Skipped (< 0.20%)
📡 P2P scan complete: 4/4 pairs successful
[scanner_basis] Scanning BTCUSDT...
  [scanner_basis] Spot: $71215.41 | Futures: $71148.00 | Basis: -0.0947%
  [scanner_basis] Logged (basis 0.0947% >= threshold 0.02%)
✅ DB inicializada: storage/batman.db

🦇 RISK SCORES TOP 10
SYM       VOL_Z   RISK REGIME
-----------------------------------
UAL        3.39   4.01 EXTREME
DAL        3.52   3.78 EXTREME
XLP        4.10   3.75 EXTREME
PEP        4.05   3.72 EXTREME
KO         4.13   3.57 EXTREME
MAR        4.12   3.41 EXTREME
MCD        3.80   3.41 EXTREME
XLF        3.92   3.22 EXTREME
DIS        4.05   3.20 EXTREME
TLT        4.06   3.18 EXTREME
[scanner_cross] Scanning 3 pairs (threshold: 0.05%)...
  [scanner_cross] BTC: Binance $71189.17 | OKX $71183.20 | spread -0.0084%
  [scanner_cross] BTC: Skipped (spread 0.0084% < threshold 0.05%)
  [scanner_cross] ETH: Binance $2086.18 | OKX $2086.07 | spread -0.0053%
  [scanner_cross] ETH: Skipped (spread 0.0053% < threshold 0.05%)
  [scanner_cross] SOL: Binance $88.58 | OKX $88.58 | spread +0.0000%
  [scanner_cross] SOL: Skipped (spread 0.0000% < threshold 0.05%)
📡 Scanning P2P markets across LATAM...
  [scanner_p2p] Scanning USDT/MXN...
  [scanner_p2p] USDT/MXN: Buy $17.7660 | Spread +0.034% | Depth 37525 USDT | Skipped (< 0.20%)
  [scanner_p2p] Scanning USDT/COP...
  [scanner_p2p] USDT/COP: Buy $3761.8000 | Spread +0.373% | Depth 67486 USDT | Logged
  [scanner_p2p] Scanning USDT/VES...
  [scanner_p2p] USDT/VES: Buy $623.1800 | Spread -1.512% | Depth 56822 USDT | Logged
  [scanner_p2p] Scanning USDT/ARS...
  [scanner_p2p] USDT/ARS: Buy $1461.0300 | Spread +0.133% | Depth 4297 USDT | Skipped (< 0.20%)
📡 P2P scan complete: 4/4 pairs successful
[scanner_basis] Scanning BTCUSDT...
  [scanner_basis] Spot: $71178.58 | Futures: $71151.20 | Basis: -0.0385%
  [scanner_basis] Logged (basis 0.0385% >= threshold 0.02%)
✅ DB inicializada: storage/batman.db

🦇 RISK SCORES TOP 10
SYM       VOL_Z   RISK REGIME
-----------------------------------
UAL        3.39   4.01 EXTREME
DAL        3.52   3.78 EXTREME
XLP        4.10   3.75 EXTREME
PEP        4.05   3.72 EXTREME
KO         4.13   3.57 EXTREME
MAR        4.12   3.41 EXTREME
MCD        3.80   3.41 EXTREME
XLF        3.92   3.22 EXTREME
DIS        4.05   3.20 EXTREME
TLT        4.06   3.18 EXTREME
[scanner_cross] Scanning 3 pairs (threshold: 0.05%)...
  [scanner_cross] BTC: Binance $71105.06 | OKX $71101.40 | spread -0.0051%
  [scanner_cross] BTC: Skipped (spread 0.0051% < threshold 0.05%)
  [scanner_cross] ETH: Binance $2084.86 | OKX $2084.76 | spread -0.0048%
  [scanner_cross] ETH: Skipped (spread 0.0048% < threshold 0.05%)
  [scanner_cross] SOL: Binance $88.31 | OKX $88.32 | spread +0.0113%
  [scanner_cross] SOL: Skipped (spread 0.0113% < threshold 0.05%)
📡 Scanning P2P markets across LATAM...
  [scanner_p2p] Scanning USDT/MXN...
  [scanner_p2p] USDT/MXN: Buy $17.7880 | Spread +0.113% | Depth 37384 USDT | Skipped (< 0.20%)
  [scanner_p2p] Scanning USDT/COP...
  [scanner_p2p] USDT/COP: Buy $3763.4000 | Spread +0.604% | Depth 51646 USDT | Logged
  [scanner_p2p] Scanning USDT/VES...
  [scanner_p2p] USDT/VES: Buy $623.2160 | Spread -1.243% | Depth 69833 USDT | Logged
  [scanner_p2p] Scanning USDT/ARS...
  [scanner_p2p] USDT/ARS: Buy $1461.3100 | Spread +0.152% | Depth 918 USDT | Skipped (< 0.20%)
📡 P2P scan complete: 4/4 pairs successful
[scanner_basis] Scanning BTCUSDT...
  [scanner_basis] Spot: $71105.06 | Futures: $71062.60 | Basis: -0.0597%
  [scanner_basis] Logged (basis 0.0597% >= threshold 0.02%)
✅ DB inicializada: storage/batman.db

🦇 RISK SCORES TOP 10
SYM       VOL_Z   RISK REGIME
-----------------------------------
UAL        3.39   4.01 EXTREME
DAL        3.52   3.78 EXTREME
XLP        4.10   3.75 EXTREME
PEP        4.05   3.72 EXTREME
KO         4.13   3.57 EXTREME
MAR        4.12   3.41 EXTREME
MCD        3.80   3.41 EXTREME
XLF        3.92   3.22 EXTREME
DIS        4.05   3.20 EXTREME
TLT        4.06   3.18 EXTREME
[scanner_cross] Scanning 3 pairs (threshold: 0.05%)...
  [scanner_cross] BTC: Binance $71115.99 | OKX $71122.10 | spread +0.0086%
  [scanner_cross] BTC: Skipped (spread 0.0086% < threshold 0.05%)
  [scanner_cross] ETH: Binance $2085.84 | OKX $2085.75 | spread -0.0043%
  [scanner_cross] ETH: Skipped (spread 0.0043% < threshold 0.05%)
  [scanner_cross] SOL: Binance $88.36 | OKX $88.36 | spread +0.0000%
  [scanner_cross] SOL: Skipped (spread 0.0000% < threshold 0.05%)
📡 Scanning P2P markets across LATAM...
  [scanner_p2p] Scanning USDT/MXN...
  [scanner_p2p] USDT/MXN: Buy $17.7880 | Spread +0.113% | Depth 37384 USDT | Skipped (< 0.20%)
  [scanner_p2p] Scanning USDT/COP...
  [scanner_p2p] USDT/COP: Buy $3763.6000 | Spread +0.609% | Depth 51468 USDT | Logged
  [scanner_p2p] Scanning USDT/VES...
  [scanner_p2p] USDT/VES: Buy $623.2160 | Spread -1.243% | Depth 69832 USDT | Logged
  [scanner_p2p] Scanning USDT/ARS...
  [scanner_p2p] USDT/ARS: Buy $1461.3100 | Spread +0.152% | Depth 650 USDT | Skipped (< 0.20%)
📡 P2P scan complete: 4/4 pairs successful
[scanner_basis] Scanning BTCUSDT...
  [scanner_basis] Spot: $71115.98 | Futures: $71080.10 | Basis: -0.0505%
  [scanner_basis] Logged (basis 0.0505% >= threshold 0.02%)
✅ DB inicializada: storage/batman.db

🦇 RISK SCORES TOP 10
SYM       VOL_Z   RISK REGIME
-----------------------------------
UAL        3.39   4.01 EXTREME
DAL        3.52   3.78 EXTREME
XLP        4.10   3.75 EXTREME
PEP        4.05   3.72 EXTREME
KO         4.13   3.57 EXTREME
MAR        4.12   3.41 EXTREME
MCD        3.80   3.41 EXTREME
XLF        3.92   3.22 EXTREME
DIS        4.05   3.20 EXTREME
TLT        4.06   3.18 EXTREME
[scanner_cross] Scanning 3 pairs (threshold: 0.05%)...
  [scanner_cross] BTC: Binance $71033.23 | OKX $71030.40 | spread -0.0040%
  [scanner_cross] BTC: Skipped (spread 0.0040% < threshold 0.05%)
  [scanner_cross] ETH: Binance $2081.29 | OKX $2081.60 | spread +0.0149%
  [scanner_cross] ETH: Skipped (spread 0.0149% < threshold 0.05%)
  [scanner_cross] SOL: Binance $88.32 | OKX $88.33 | spread +0.0113%
  [scanner_cross] SOL: Skipped (spread 0.0113% < threshold 0.05%)
📡 Scanning P2P markets across LATAM...
  [scanner_p2p] Scanning USDT/MXN...
  [scanner_p2p] USDT/MXN: Buy $17.7700 | Spread +0.079% | Depth 37973 USDT | Skipped (< 0.20%)
  [scanner_p2p] Scanning USDT/COP...
  [scanner_p2p] USDT/COP: Buy $3762.5960 | Spread +0.573% | Depth 38111 USDT | Logged
  [scanner_p2p] Scanning USDT/VES...
  [scanner_p2p] USDT/VES: Buy $623.2480 | Spread -0.971% | Depth 47849 USDT | Logged
  [scanner_p2p] Scanning USDT/ARS...
  [scanner_p2p] USDT/ARS: Buy $1461.2300 | Spread +0.146% | Depth 3824 USDT | Skipped (< 0.20%)
📡 P2P scan complete: 4/4 pairs successful
[scanner_basis] Scanning BTCUSDT...
  [scanner_basis] Spot: $71030.91 | Futures: $71001.00 | Basis: -0.0421%
  [scanner_basis] Logged (basis 0.0421% >= threshold 0.02%)
✅ DB inicializada: storage/batman.db

🦇 RISK SCORES TOP 10
SYM       VOL_Z   RISK REGIME
-----------------------------------
UAL        3.39   4.01 EXTREME
DAL        3.52   3.78 EXTREME
XLP        4.10   3.75 EXTREME
PEP        4.05   3.72 EXTREME
KO         4.13   3.57 EXTREME
MAR        4.12   3.41 EXTREME
MCD        3.80   3.41 EXTREME
XLF        3.92   3.22 EXTREME
DIS        4.05   3.20 EXTREME
TLT        4.06   3.18 EXTREME
[scanner_cross] Scanning 3 pairs (threshold: 0.05%)...
  [scanner_cross] BTC: Binance $71030.93 | OKX $71037.20 | spread +0.0088%
  [scanner_cross] BTC: Skipped (spread 0.0088% < threshold 0.05%)
  [scanner_cross] ETH: Binance $2080.74 | OKX $2081.07 | spread +0.0159%
  [scanner_cross] ETH: Skipped (spread 0.0159% < threshold 0.05%)
  [scanner_cross] SOL: Binance $88.33 | OKX $88.33 | spread +0.0000%
  [scanner_cross] SOL: Skipped (spread 0.0000% < threshold 0.05%)
📡 Scanning P2P markets across LATAM...
  [scanner_p2p] Scanning USDT/MXN...
  [scanner_p2p] USDT/MXN: Buy $17.7700 | Spread +0.079% | Depth 37973 USDT | Skipped (< 0.20%)
  [scanner_p2p] Scanning USDT/COP...
  [scanner_p2p] USDT/COP: Buy $3762.5960 | Spread +0.548% | Depth 22736 USDT | Logged
  [scanner_p2p] Scanning USDT/VES...
  [scanner_p2p] USDT/VES: Buy $623.1600 | Spread -0.947% | Depth 45756 USDT | Logged
  [scanner_p2p] Scanning USDT/ARS...
  [scanner_p2p] USDT/ARS: Buy $1461.2300 | Spread +0.146% | Depth 3972 USDT | Skipped (< 0.20%)
📡 P2P scan complete: 4/4 pairs successful
[scanner_basis] Scanning BTCUSDT...
  [scanner_basis] Spot: $71030.94 | Futures: $70995.90 | Basis: -0.0493%
  [scanner_basis] Logged (basis 0.0493% >= threshold 0.02%)
