[2026-03-04 23:31:04 UTC] ═══ TEST MODE: Single Cycle ═══
[2026-03-04 23:31:04 UTC] ─── CYCLE #1 START ───
[2026-03-04 23:31:32 UTC] STDOUT:
✅ DB inicializada: storage/batman.db

🦇 RISK SCORES TOP 10
SYM       VOL_Z   RISK REGIME
-----------------------------------
KO         4.01   3.58 EXTREME
DAL        3.97   3.45 EXTREME
UAL        3.32   3.37 EXTREME
PEP        4.13   3.33 EXTREME
XLP        3.80   3.22 EXTREME
TLT        4.03   3.21 EXTREME
MCD        4.06   3.16 EXTREME
DKNG       4.03   3.11 EXTREME
XLF        3.97   3.09 EXTREME
XLY        3.97   3.09 EXTREME
[scanner_cross] Scanning 3 pairs (threshold: 0.05%)...
  [scanner_cross] BTC: Binance $72470.79 | OKX $72465.90 | spread -0.0067%
  [scanner_cross] BTC: Skipped (spread 0.0067% < threshold 0.05%)
  [scanner_cross] ETH: Binance $2123.19 | OKX $2122.95 | spread -0.0113%
  [scanner_cross] ETH: Skipped (spread 0.0113% < threshold 0.05%)
  [scanner_cross] SOL: Binance $90.67 | OKX $90.65 | spread -0.0221%
  [scanner_cross] SOL: Skipped (spread 0.0221% < threshold 0.05%)
📡 Scanning P2P markets across LATAM...
  [scanner_p2p] Scanning USDT/MXN...
  [scanner_p2p] USDT/MXN: Buy $17.6440 | Spread -0.294% | Depth 39895 USDT | Logged
  [scanner_p2p] Scanning USDT/COP...
  [scanner_p2p] USDT/COP: Buy $3731.7780 | Spread +0.360% | Depth 60642 USDT | Logged
  [scanner_p2p] Scanning USDT/VES...
  [scanner_p2p] USDT/VES: Buy $624.1446 | Spread -9.468% | Depth 23182 USDT | Logged
  [scanner_p2p] Scanning USDT/ARS...
  [scanner_p2p] USDT/ARS: Buy $1459.9540 | Spread +0.324% | Depth 2192 USDT | Logged
📡 P2P scan complete: 4/4 pairs successful
[scanner_basis] Scanning BTCUSDT...
  [scanner_basis] Spot: $72492.39 | Futures: $72438.10 | Basis: -0.0749%
  [scanner_basis] Logged (basis 0.0749% >= threshold 0.02%)
Report saved: storage/reports/2026-03-04_23-31-32.json
Hash: ca589d85de9402442350e04ac7db84137d05560c7b57de7ae669b00af6e812e1
[2026-03-04 23:31:32 UTC] STDERR:
2026-03-04 18:31:08,848 [INFO] engine — ✓ equity QQQ
2026-03-04 18:31:09,103 [INFO] engine — ✓ equity IWM
2026-03-04 18:31:09,359 [INFO] engine — ✓ equity XLF
2026-03-04 18:31:09,605 [INFO] engine — ✓ equity XLK
2026-03-04 18:31:09,890 [INFO] engine — ✓ equity XLE
2026-03-04 18:31:10,139 [INFO] engine — ✓ equity XLY
2026-03-04 18:31:10,394 [INFO] engine — ✓ equity XLP
2026-03-04 18:31:10,725 [INFO] engine — ✓ equity GLD
2026-03-04 18:31:13,465 [INFO] engine — ✓ equity TLT
2026-03-04 18:31:13,720 [INFO] engine — ✓ equity HYG
2026-03-04 18:31:13,974 [INFO] engine — ✓ equity MAR
2026-03-04 18:31:14,272 [INFO] engine — ✓ equity HLT
2026-03-04 18:31:14,576 [INFO] engine — ✓ equity DAL
2026-03-04 18:31:14,844 [INFO] engine — ✓ equity UAL
2026-03-04 18:31:15,103 [INFO] engine — ✓ equity DIS
2026-03-04 18:31:16,150 [INFO] engine — ✓ equity FOXA
2026-03-04 18:31:18,284 [INFO] engine — ✓ equity MCD
2026-03-04 18:31:18,529 [INFO] engine — ✓ equity KO
2026-03-04 18:31:18,610 [INFO] engine — ✓ crypto BTC/USDT
2026-03-04 18:31:18,632 [INFO] engine — ✓ crypto ETH/USDT
2026-03-04 18:31:18,716 [INFO] engine — ✓ crypto SOL/USDT
2026-03-04 18:31:18,767 [INFO] engine — ✓ equity PEP
2026-03-04 18:31:19,115 [INFO] engine — ✓ equity DKNG
[2026-03-04 23:31:32 UTC] ✓ CYCLE #1 COMPLETED SUCCESSFULLY
[2026-03-04 23:31:32 UTC] ═══ TEST COMPLETED SUCCESSFULLY ═══
[2026-03-04 23:36:28 UTC] ═══ TEST MODE: Single Cycle ═══
[2026-03-04 23:36:28 UTC] ─── CYCLE #1 START ───
[2026-03-04 23:37:31 UTC] STDOUT:
✅ DB inicializada: storage/batman.db

🦇 RISK SCORES TOP 10
SYM       VOL_Z   RISK REGIME
-----------------------------------
KO         4.01   3.58 EXTREME
DAL        3.97   3.45 EXTREME
UAL        3.32   3.37 EXTREME
PEP        4.13   3.33 EXTREME
XLP        3.80   3.22 EXTREME
TLT        4.03   3.21 EXTREME
MCD        4.06   3.16 EXTREME
DKNG       4.03   3.11 EXTREME
XLF        3.97   3.09 EXTREME
XLY        3.97   3.09 EXTREME
[scanner_cross] Scanning 3 pairs (threshold: 0.05%)...
  [scanner_cross] BTC: Binance $72639.82 | OKX $72641.00 | spread +0.0016%
  [scanner_cross] BTC: Skipped (spread 0.0016% < threshold 0.05%)
  [scanner_cross] ETH: Binance $2128.42 | OKX $2128.04 | spread -0.0179%
  [scanner_cross] ETH: Skipped (spread 0.0179% < threshold 0.05%)
  [scanner_cross] SOL: Binance $90.87 | OKX $90.86 | spread -0.0110%
  [scanner_cross] SOL: Skipped (spread 0.0110% < threshold 0.05%)
📡 Scanning P2P markets across LATAM...
  [scanner_p2p] Scanning USDT/MXN...
  [scanner_p2p] USDT/MXN: Buy $17.6440 | Spread -0.249% | Depth 39895 USDT | Logged
  [scanner_p2p] Scanning USDT/COP...
  [scanner_p2p] USDT/COP: Buy $3729.7780 | Spread +0.273% | Depth 15679 USDT | Logged
  [scanner_p2p] Scanning USDT/VES...
  [scanner_p2p] USDT/VES: Buy $624.6338 | Spread -9.233% | Depth 156689 USDT | Logged
  [scanner_p2p] Scanning USDT/ARS...
  [scanner_p2p] USDT/ARS: Buy $1459.5320 | Spread +0.308% | Depth 2449 USDT | Logged
📡 P2P scan complete: 4/4 pairs successful
[scanner_basis] Scanning BTCUSDT...
  [scanner_basis] Spot: $72637.30 | Futures: $72611.70 | Basis: -0.0352%
  [scanner_basis] Logged (basis 0.0352% >= threshold 0.02%)
Report saved: storage/reports/2026-03-04_23-37-31.json
Hash: 0361e8784c6850aae59b86791f1e91c2e0cc5bdd2f956e1eadb9b1ec0bb9449a
[2026-03-04 23:37:31 UTC] STDERR:
2026-03-04 18:36:32,093 [INFO] engine — ✓ equity QQQ
2026-03-04 18:36:32,340 [INFO] engine — ✓ equity IWM
2026-03-04 18:36:32,590 [INFO] engine — ✓ equity XLF
2026-03-04 18:36:32,836 [INFO] engine — ✓ equity XLK
2026-03-04 18:36:33,124 [INFO] engine — ✓ equity XLE
2026-03-04 18:36:33,390 [INFO] engine — ✓ equity XLY
2026-03-04 18:36:33,647 [INFO] engine — ✓ equity XLP
2026-03-04 18:36:33,907 [INFO] engine — ✓ equity GLD
2026-03-04 18:36:36,332 [INFO] engine — ✓ equity TLT
2026-03-04 18:36:36,588 [INFO] engine — ✓ equity HYG
2026-03-04 18:36:36,839 [INFO] engine — ✓ equity MAR
2026-03-04 18:36:37,091 [INFO] engine — ✓ equity HLT
2026-03-04 18:36:37,352 [INFO] engine — ✓ equity DAL
2026-03-04 18:36:37,647 [INFO] engine — ✓ equity UAL
2026-03-04 18:36:42,871 [INFO] engine — ✓ equity DIS
2026-03-04 18:36:43,102 [INFO] engine — ✓ equity FOXA
2026-03-04 18:36:44,968 [INFO] engine — ✓ equity MCD
2026-03-04 18:36:45,221 [INFO] engine — ✓ equity KO
2026-03-04 18:36:45,395 [INFO] engine — ✓ crypto SOL/USDT
2026-03-04 18:36:45,437 [INFO] engine — ✓ crypto ETH/USDT
2026-03-04 18:36:45,438 [INFO] engine — ✓ crypto BTC/USDT
2026-03-04 18:36:45,466 [INFO] engine — ✓ equity PEP
2026-03-04 18:36:45,717 [INFO] engine — ✓ equity DKNG
[2026-03-04 23:37:31 UTC] ✓ CYCLE #1 COMPLETED SUCCESSFULLY
[2026-03-04 23:37:31 UTC] ═══ TEST COMPLETED SUCCESSFULLY ═══
[2026-03-05 17:02:01 UTC] ═══ TEST MODE: Single Cycle ═══
[2026-03-05 17:02:01 UTC] ─── CYCLE #1 START ───
[2026-03-05 17:02:42 UTC] STDOUT:
✅ DB inicializada: storage/batman.db

🦇 RISK SCORES TOP 10
SYM       VOL_Z   RISK REGIME
-----------------------------------
DAL       -2.04   2.76 STRESS
UAL       -1.33   2.52 STRESS
IWM       -2.08   1.42 TENSION
MAR       -1.80   1.32 TENSION
MCD       -1.28   1.19 TENSION
GLD       -2.02   1.17 TENSION
DIS       -2.26   1.16 TENSION
FOXA      -2.24   1.15 TENSION
KO        -1.67   1.12 TENSION
PEP       -1.72   1.03 TENSION
[scanner_cross] Scanning 3 pairs (threshold: 0.05%)...
  [scanner_cross] BTC: Binance $71373.55 | OKX $71380.70 | spread +0.0100%
  [scanner_cross] BTC: Skipped (spread 0.0100% < threshold 0.05%)
  [scanner_cross] ETH: Binance $2083.00 | OKX $2083.26 | spread +0.0125%
  [scanner_cross] ETH: Skipped (spread 0.0125% < threshold 0.05%)
  [scanner_cross] SOL: Binance $89.04 | OKX $89.04 | spread +0.0000%
  [scanner_cross] SOL: Skipped (spread 0.0000% < threshold 0.05%)
📡 Scanning P2P markets across LATAM...
  [scanner_p2p] Scanning USDT/MXN...
  [scanner_p2p] USDT/MXN: Buy $17.7600 | Spread +0.034% | Depth 44597 USDT | Skipped (< 0.20%)
  [scanner_p2p] Scanning USDT/COP...
  [scanner_p2p] USDT/COP: Buy $3738.7900 | Spread -0.058% | Depth 85671 USDT | Skipped (< 0.20%)
  [scanner_p2p] Scanning USDT/VES...
  [scanner_p2p] USDT/VES: Buy $626.8598 | Spread -9.898% | Depth 65941 USDT | Logged
  [scanner_p2p] Scanning USDT/ARS...
  [scanner_p2p] USDT/ARS: Buy $1458.6680 | Spread +0.168% | Depth 11791 USDT | Skipped (< 0.20%)
📡 P2P scan complete: 4/4 pairs successful
[scanner_basis] Scanning BTCUSDT...
  [scanner_basis] Spot: $71419.00 | Futures: $71342.20 | Basis: -0.1075%
  [scanner_basis] Logged (basis 0.1075% >= threshold 0.02%)
Report saved: storage/reports/2026-03-05_17-02-42.json
Hash: fa36390eba3f8d1bf70fdcfce9f9945c6dd8930a800e10e354590778cb44873f
Ollama: AVAILABLE
[2026-03-05 17:02:42 UTC] STDERR:
2026-03-05 12:02:07,111 [INFO] engine — ✓ equity QQQ
2026-03-05 12:02:07,363 [INFO] engine — ✓ equity IWM
2026-03-05 12:02:07,615 [INFO] engine — ✓ equity XLF
2026-03-05 12:02:07,957 [INFO] engine — ✓ equity XLK
2026-03-05 12:02:08,210 [INFO] engine — ✓ equity XLE
2026-03-05 12:02:08,460 [INFO] engine — ✓ equity XLY
2026-03-05 12:02:08,692 [INFO] engine — ✓ equity XLP
2026-03-05 12:02:08,973 [INFO] engine — ✓ equity GLD
2026-03-05 12:02:11,359 [INFO] engine — ✓ equity TLT
2026-03-05 12:02:11,608 [INFO] engine — ✓ equity HYG
2026-03-05 12:02:11,862 [INFO] engine — ✓ equity MAR
2026-03-05 12:02:12,108 [INFO] engine — ✓ equity HLT
2026-03-05 12:02:12,447 [INFO] engine — ✓ equity DAL
2026-03-05 12:02:12,766 [INFO] engine — ✓ equity UAL
2026-03-05 12:02:13,017 [INFO] engine — ✓ equity DIS
2026-03-05 12:02:13,347 [INFO] engine — ✓ equity FOXA
2026-03-05 12:02:15,050 [INFO] engine — ✓ crypto ETH/USDT
2026-03-05 12:02:15,086 [INFO] engine — ✓ equity MCD
2026-03-05 12:02:15,284 [INFO] engine — ✓ crypto SOL/USDT
2026-03-05 12:02:15,331 [INFO] engine — ✓ equity KO
2026-03-05 12:02:15,576 [INFO] engine — ✓ equity PEP
2026-03-05 12:02:15,776 [INFO] engine — ✓ crypto BTC/USDT
2026-03-05 12:02:15,918 [INFO] engine — ✓ equity DKNG
2026-03-05 12:02:36,449 [INFO] scanner_p2p — Fetching fresh spot rates for: MXN
2026-03-05 12:02:36,720 [INFO] scanner_p2p — Fetched 1/1 rates from open.er-api.com
2026-03-05 12:02:37,339 [INFO] scanner_p2p — Using cached spot rates (age: 1s)
2026-03-05 12:02:37,945 [INFO] scanner_p2p — Using cached spot rates (age: 1s)
2026-03-05 12:02:38,566 [INFO] scanner_p2p — Using cached spot rates (age: 2s)
2026-03-05 12:02:39,046 [INFO] runner — Generating market intelligence with Ollama...
2026-03-05 12:02:39,046 [INFO] ollama_intel — Generating market intelligence for 2026-03-05...
2026-03-05 12:02:39,049 [INFO] ollama_intel — Read 182 opportunities for 2026-03-05
2026-03-05 12:02:39,050 [INFO] ollama_intel — Calling Ollama (attempt 1/2)...
2026-03-05 12:02:42,543 [INFO] ollama_intel — Successfully received AI analysis from Ollama
2026-03-05 12:02:42,544 [INFO] ollama_intel — Market intelligence generated: ok
2026-03-05 12:02:42,544 [INFO] runner — Intelligence generated: ok
[2026-03-05 17:02:42 UTC] ✓ CYCLE #1 COMPLETED SUCCESSFULLY
[2026-03-05 17:02:42 UTC] ═══ TEST COMPLETED SUCCESSFULLY ═══
[2026-03-06 20:08:50 UTC] ═══ BATMAN FLOW ENGINE LOOP STARTED ═══
[2026-03-06 20:08:50 UTC] Interval: 20 minutes
[2026-03-06 20:08:50 UTC] Log file: /Users/erickposselt/Projects/batcave/batman_flow_engine/storage/logs/loop.log
[2026-03-06 20:08:50 UTC] Press Ctrl+C to stop gracefully
[2026-03-06 20:08:50 UTC] ─── CYCLE #1 START ───
[2026-03-06 20:09:43 UTC] STDOUT:
✅ DB inicializada: storage/batman.db

🦇 RISK SCORES TOP 10
SYM       VOL_Z   RISK REGIME
-----------------------------------
IWM       -2.39   1.65 TENSION
MAR       -1.17   1.55 TENSION
DAL       -0.62   1.51 TENSION
HLT       -0.54   1.46 TENSION
UAL       -0.70   1.37 TENSION
PEP       -1.58   1.25 TENSION
XLY       -1.17   1.14 TENSION
QQQ       -1.59   1.09 TENSION
XLK       -1.28   1.02 TENSION
DIS       -1.23   0.99 NORMAL
[scanner_cross] Scanning 3 pairs (threshold: 0.05%)...
  [scanner_cross] BTC: Binance $68193.18 | OKX $68200.50 | spread +0.0107%
  [scanner_cross] BTC: Skipped (spread 0.0107% < threshold 0.05%)
  [scanner_cross] ETH: Binance $1983.76 | OKX $1983.80 | spread +0.0020%
  [scanner_cross] ETH: Skipped (spread 0.0020% < threshold 0.05%)
  [scanner_cross] SOL: Binance $85.28 | OKX $85.28 | spread +0.0000%
  [scanner_cross] SOL: Skipped (spread 0.0000% < threshold 0.05%)
📡 Scanning P2P markets across LATAM...
  [scanner_p2p] Scanning USDT/MXN...
  [scanner_p2p] USDT/MXN: Buy $17.8820 | Spread +0.213% | Depth 23727 USDT | Logged
  [scanner_p2p] Scanning USDT/COP...
  [scanner_p2p] USDT/COP: Buy $3757.2000 | Spread -0.006% | Depth 54574 USDT | Logged (below threshold)
  [scanner_p2p] Scanning USDT/VES...
  [scanner_p2p] USDT/VES: Buy $612.5600 | Spread -1.181% | Depth 151953 USDT | Logged
  [scanner_p2p] Scanning USDT/ARS...
  [scanner_p2p] USDT/ARS: Buy $1465.1980 | Spread +0.150% | Depth 1096 USDT | Logged (below threshold)
📡 P2P scan complete: 4/4 pairs successful
[scanner_basis] Scanning BTCUSDT...
  [scanner_basis] Spot: $68186.80 | Futures: $68155.80 | Basis: -0.0455%
  [scanner_basis] Logged (basis 0.0455% >= threshold 0.02%)
Report saved: storage/reports/2026-03-06_20-09-42.json
Hash: 279524c352370c6e74ca9890ca1e060ddcc7a25d8627b321847edc92b4252f4c
Ollama: AVAILABLE
Data Quality: 96.00% (OK)
[2026-03-06 20:09:43 UTC] STDERR:
2026-03-06 15:08:53,846 [INFO] engine — ✓ equity QQQ
2026-03-06 15:08:54,098 [INFO] engine — ✓ equity IWM
2026-03-06 15:08:54,389 [INFO] engine — ✓ equity XLF
2026-03-06 15:08:54,645 [INFO] engine — ✓ equity XLK
2026-03-06 15:08:54,981 [INFO] engine — ✓ equity XLE
2026-03-06 15:08:55,230 [INFO] engine — ✓ equity XLY
2026-03-06 15:08:55,473 [INFO] engine — ✓ equity XLP
2026-03-06 15:08:55,723 [INFO] engine — ✓ equity GLD
2026-03-06 15:08:58,389 [INFO] engine — ✓ equity TLT
2026-03-06 15:08:58,649 [INFO] engine — ✓ equity HYG
2026-03-06 15:08:58,895 [INFO] engine — ✓ equity MAR
2026-03-06 15:08:59,145 [INFO] engine — ✓ equity HLT
2026-03-06 15:08:59,395 [INFO] engine — ✓ equity DAL
2026-03-06 15:08:59,646 [INFO] engine — ✓ equity UAL
2026-03-06 15:08:59,893 [INFO] engine — ✓ equity DIS
2026-03-06 15:09:00,161 [INFO] engine — ✓ equity FOXA
2026-03-06 15:09:01,638 [INFO] engine — ✓ equity MCD
2026-03-06 15:09:02,103 [INFO] engine — ✓ equity KO
2026-03-06 15:09:02,438 [INFO] engine — ✓ equity PEP
2026-03-06 15:09:02,574 [INFO] engine — ✓ crypto SOL/USDT
2026-03-06 15:09:02,680 [INFO] engine — ✓ crypto ETH/USDT
2026-03-06 15:09:02,687 [INFO] engine — ✓ equity DKNG
2026-03-06 15:09:02,830 [INFO] engine — ✓ crypto BTC/USDT
2026-03-06 15:09:35,340 [INFO] scanner_p2p — Pre-fetching spot rates for all LATAM currencies...
2026-03-06 15:09:35,341 [INFO] scanner_p2p — Fetching fresh spot rates for: MXN, COP, VES, ARS
2026-03-06 15:09:35,577 [INFO] scanner_p2p — Fetched 3/4 rates from open.er-api.com
2026-03-06 15:09:35,862 [INFO] scanner_p2p — VES parallel rate: 614.09 (dolarapi.com)
2026-03-06 15:09:36,614 [INFO] scanner_p2p — Using cached spot rates (age: 1s)
2026-03-06 15:09:37,340 [INFO] scanner_p2p — Using cached spot rates (age: 2s)
2026-03-06 15:09:37,954 [INFO] scanner_p2p — Using cached spot rates (age: 3s)
2026-03-06 15:09:38,837 [INFO] scanner_p2p — Using cached spot rates (age: 3s)
2026-03-06 15:09:39,323 [INFO] runner — Generating market intelligence with Ollama...
2026-03-06 15:09:39,324 [INFO] ollama_intel — Generating market intelligence for 2026-03-06...
2026-03-06 15:09:39,325 [INFO] ollama_intel — Read 105 opportunities for 2026-03-06
2026-03-06 15:09:39,325 [INFO] ollama_intel — Calling Ollama (attempt 1/2)...
2026-03-06 15:09:42,957 [INFO] ollama_intel — Successfully received AI analysis from Ollama
2026-03-06 15:09:42,958 [INFO] ollama_intel — Market intelligence generated: ok
2026-03-06 15:09:42,958 [INFO] runner — Intelligence generated: ok
2026-03-06 15:09:42,959 [INFO] runner — Running ALFRED data quality check...
2026-03-06 15:09:42,959 [INFO] alfred — ALFRED: Running quality check on last 50 records...
2026-03-06 15:09:42,960 [INFO] alfred — ALFRED: dq_score 96.00% - OK
2026-03-06 15:09:42,961 [INFO] runner — Data quality: 96.00% (OK)
[2026-03-06 20:09:43 UTC] ✓ CYCLE #1 COMPLETED SUCCESSFULLY
[2026-03-06 20:09:43 UTC] ⏳ Waiting 20 minutes until next cycle...
[2026-03-06 20:09:43 UTC]    Next run at: 20:29:43 UTC
[2026-03-06 20:29:47 UTC] ─── CYCLE #2 START ───
[2026-03-06 20:30:48 UTC] STDOUT:
✅ DB inicializada: storage/batman.db

🦇 RISK SCORES TOP 10
SYM       VOL_Z   RISK REGIME
-----------------------------------
XLK        1.93   2.03 STRESS
KO         3.32   1.89 TENSION
DAL       -0.30   1.54 TENSION
DIS        1.88   1.50 TENSION
UAL       -0.10   1.48 TENSION
HLT       -0.34   1.45 TENSION
MAR       -0.55   1.34 TENSION
DKNG       0.70   1.25 TENSION
IWM        0.80   1.24 TENSION
PEP        0.65   0.95 NORMAL
[scanner_cross] Scanning 3 pairs (threshold: 0.05%)...
  [scanner_cross] BTC: Binance $67904.29 | OKX $67901.40 | spread -0.0043%
  [scanner_cross] BTC: Skipped (spread 0.0043% < threshold 0.05%)
  [scanner_cross] ETH: Binance $1974.76 | OKX $1974.90 | spread +0.0071%
  [scanner_cross] ETH: Skipped (spread 0.0071% < threshold 0.05%)
  [scanner_cross] SOL: Binance $84.70 | OKX $84.71 | spread +0.0118%
  [scanner_cross] SOL: Skipped (spread 0.0118% < threshold 0.05%)
📡 Scanning P2P markets across LATAM...
  [scanner_p2p] Scanning USDT/MXN...
  [scanner_p2p] USDT/MXN: Buy $17.8880 | Spread +0.269% | Depth 16101 USDT | Logged
  [scanner_p2p] Scanning USDT/COP...
  [scanner_p2p] USDT/COP: Buy $3757.6540 | Spread +0.023% | Depth 67712 USDT | Logged (below threshold)
  [scanner_p2p] Scanning USDT/VES...
  [scanner_p2p] USDT/VES: Buy $613.3940 | Spread -1.592% | Depth 104988 USDT | Logged
  [scanner_p2p] Scanning USDT/ARS...
  [scanner_p2p] USDT/ARS: Buy $1464.2680 | Spread +0.099% | Depth 1917 USDT | Logged (below threshold)
📡 P2P scan complete: 4/4 pairs successful
[scanner_basis] Scanning BTCUSDT...
  [scanner_basis] Spot: $67906.31 | Futures: $67868.30 | Basis: -0.0560%
  [scanner_basis] Logged (basis 0.0560% >= threshold 0.02%)
Report saved: storage/reports/2026-03-06_20-30-48.json
Hash: 2e91baccc99607f70cc17606db4167af48ab113488ee06d8fbe63311f87fc88a
Ollama: AVAILABLE
Data Quality: 96.00% (OK)
[2026-03-06 20:30:48 UTC] STDERR:
2026-03-06 15:29:51,977 [INFO] engine — ✓ equity QQQ
2026-03-06 15:29:52,254 [INFO] engine — ✓ equity IWM
2026-03-06 15:29:52,531 [INFO] engine — ✓ equity XLF
2026-03-06 15:29:52,787 [INFO] engine — ✓ equity XLK
2026-03-06 15:29:53,036 [INFO] engine — ✓ equity XLE
2026-03-06 15:29:53,294 [INFO] engine — ✓ equity XLY
2026-03-06 15:29:53,544 [INFO] engine — ✓ equity XLP
2026-03-06 15:29:53,797 [INFO] engine — ✓ equity GLD
2026-03-06 15:29:56,511 [INFO] engine — ✓ equity TLT
2026-03-06 15:29:56,763 [INFO] engine — ✓ equity HYG
2026-03-06 15:29:57,016 [INFO] engine — ✓ equity MAR
2026-03-06 15:29:57,300 [INFO] engine — ✓ equity HLT
2026-03-06 15:29:57,645 [INFO] engine — ✓ equity DAL
2026-03-06 15:29:57,906 [INFO] engine — ✓ equity UAL
2026-03-06 15:29:58,169 [INFO] engine — ✓ equity DIS
2026-03-06 15:29:58,467 [INFO] engine — ✓ equity FOXA
2026-03-06 15:30:00,071 [INFO] engine — ✓ equity MCD
2026-03-06 15:30:00,141 [INFO] engine — ✓ crypto BTC/USDT
2026-03-06 15:30:00,162 [INFO] engine — ✓ crypto ETH/USDT
2026-03-06 15:30:00,367 [INFO] engine — ✓ equity KO
2026-03-06 15:30:00,651 [INFO] engine — ✓ equity PEP
2026-03-06 15:30:00,936 [INFO] engine — ✓ equity DKNG
2026-03-06 15:30:02,180 [INFO] engine — ✓ crypto SOL/USDT
2026-03-06 15:30:37,278 [INFO] scanner_p2p — Pre-fetching spot rates for all LATAM currencies...
2026-03-06 15:30:37,278 [INFO] scanner_p2p — Fetching fresh spot rates for: MXN, COP, VES, ARS
2026-03-06 15:30:37,558 [INFO] scanner_p2p — Fetched 3/4 rates from open.er-api.com
2026-03-06 15:30:37,881 [INFO] scanner_p2p — VES parallel rate: 614.09 (dolarapi.com)
2026-03-06 15:30:38,665 [INFO] scanner_p2p — Using cached spot rates (age: 1s)
2026-03-06 15:30:39,331 [INFO] scanner_p2p — Using cached spot rates (age: 2s)
2026-03-06 15:30:39,936 [INFO] scanner_p2p — Using cached spot rates (age: 3s)
2026-03-06 15:30:40,900 [INFO] scanner_p2p — Using cached spot rates (age: 4s)
2026-03-06 15:30:41,392 [INFO] runner — Generating market intelligence with Ollama...
2026-03-06 15:30:41,393 [INFO] ollama_intel — Generating market intelligence for 2026-03-06...
2026-03-06 15:30:41,394 [INFO] ollama_intel — Read 110 opportunities for 2026-03-06
2026-03-06 15:30:41,395 [INFO] ollama_intel — Calling Ollama (attempt 1/2)...
2026-03-06 15:30:48,044 [INFO] ollama_intel — Successfully received AI analysis from Ollama
2026-03-06 15:30:48,045 [INFO] ollama_intel — Market intelligence generated: ok
2026-03-06 15:30:48,045 [INFO] runner — Intelligence generated: ok
2026-03-06 15:30:48,046 [INFO] runner — Running ALFRED data quality check...
2026-03-06 15:30:48,046 [INFO] alfred — ALFRED: Running quality check on last 50 records...
2026-03-06 15:30:48,047 [INFO] alfred — ALFRED: dq_score 96.00% - OK
2026-03-06 15:30:48,048 [INFO] runner — Data quality: 96.00% (OK)
[2026-03-06 20:30:48 UTC] ✓ CYCLE #2 COMPLETED SUCCESSFULLY
[2026-03-06 20:30:48 UTC] ⏳ Waiting 20 minutes until next cycle...
[2026-03-06 20:30:48 UTC]    Next run at: 20:50:48 UTC
[2026-03-06 20:50:52 UTC] ─── CYCLE #3 START ───
[2026-03-06 20:51:34 UTC] STDOUT:
✅ DB inicializada: storage/batman.db

🦇 RISK SCORES TOP 10
SYM       VOL_Z   RISK REGIME
-----------------------------------
UAL       -0.66   1.93 TENSION
HLT       -2.30   1.88 TENSION
MAR       -1.08   1.55 TENSION
IWM       -1.92   1.51 TENSION
DAL       -0.83   1.36 TENSION
XLY       -1.93   1.32 TENSION
QQQ       -2.19   1.32 TENSION
XLK       -1.45   1.20 TENSION
DIS       -2.17   1.18 TENSION
DKNG       0.38   0.89 NORMAL
[scanner_cross] Scanning 3 pairs (threshold: 0.05%)...
  [scanner_cross] BTC: Binance $68110.03 | OKX $68106.60 | spread -0.0050%
  [scanner_cross] BTC: Skipped (spread 0.0050% < threshold 0.05%)
  [scanner_cross] ETH: Binance $1979.18 | OKX $1979.16 | spread -0.0010%
  [scanner_cross] ETH: Skipped (spread 0.0010% < threshold 0.05%)
  [scanner_cross] SOL: Binance $85.03 | OKX $85.03 | spread +0.0000%
  [scanner_cross] SOL: Skipped (spread 0.0000% < threshold 0.05%)
📡 Scanning P2P markets across LATAM...
  [scanner_p2p] Scanning USDT/MXN...
  [scanner_p2p] USDT/MXN: Buy $17.8900 | Spread +0.280% | Depth 17474 USDT | Logged
  [scanner_p2p] Scanning USDT/COP...
  [scanner_p2p] USDT/COP: Buy $3757.2400 | Spread -0.071% | Depth 95647 USDT | Logged (below threshold)
  [scanner_p2p] Scanning USDT/VES...
  [scanner_p2p] USDT/VES: Buy $613.5400 | Spread -1.487% | Depth 141051 USDT | Logged
  [scanner_p2p] Scanning USDT/ARS...
  [scanner_p2p] USDT/ARS: Buy $1464.6860 | Spread +0.136% | Depth 1330 USDT | Logged (below threshold)
📡 P2P scan complete: 4/4 pairs successful
[scanner_basis] Scanning BTCUSDT...
  [scanner_basis] Spot: $68122.21 | Futures: $68076.00 | Basis: -0.0678%
  [scanner_basis] Logged (basis 0.0678% >= threshold 0.02%)
Report saved: storage/reports/2026-03-06_20-51-33.json
Hash: a54fed543f5e443dd40eb617a224ca4488092fcf7da3ce23877b1ef6dd6db4f7
Ollama: AVAILABLE
Data Quality: 96.00% (OK)
[2026-03-06 20:51:34 UTC] STDERR:
2026-03-06 15:50:57,341 [INFO] engine — ✓ equity QQQ
2026-03-06 15:50:57,592 [INFO] engine — ✓ equity IWM
2026-03-06 15:50:57,844 [INFO] engine — ✓ equity XLF
2026-03-06 15:50:58,107 [INFO] engine — ✓ equity XLK
2026-03-06 15:50:58,375 [INFO] engine — ✓ equity XLE
2026-03-06 15:50:58,631 [INFO] engine — ✓ equity XLY
2026-03-06 15:50:58,888 [INFO] engine — ✓ equity XLP
2026-03-06 15:50:59,163 [INFO] engine — ✓ equity GLD
2026-03-06 15:51:01,840 [INFO] engine — ✓ equity TLT
2026-03-06 15:51:02,106 [INFO] engine — ✓ equity HYG
2026-03-06 15:51:02,408 [INFO] engine — ✓ equity MAR
2026-03-06 15:51:02,692 [INFO] engine — ✓ equity HLT
2026-03-06 15:51:03,046 [INFO] engine — ✓ equity DAL
2026-03-06 15:51:03,360 [INFO] engine — ✓ equity UAL
2026-03-06 15:51:04,113 [INFO] engine — ✓ equity DIS
2026-03-06 15:51:04,369 [INFO] engine — ✓ equity FOXA
2026-03-06 15:51:05,727 [INFO] engine — ✓ crypto ETH/USDT
2026-03-06 15:51:05,976 [INFO] engine — ✓ equity MCD
2026-03-06 15:51:06,173 [INFO] engine — ✓ crypto BTC/USDT
2026-03-06 15:51:06,210 [INFO] engine — ✓ equity KO
2026-03-06 15:51:06,417 [INFO] engine — ✓ crypto SOL/USDT
2026-03-06 15:51:06,442 [INFO] engine — ✓ equity PEP
2026-03-06 15:51:06,792 [INFO] engine — ✓ equity DKNG
2026-03-06 15:51:23,385 [INFO] scanner_p2p — Pre-fetching spot rates for all LATAM currencies...
2026-03-06 15:51:23,385 [INFO] scanner_p2p — Fetching fresh spot rates for: MXN, COP, VES, ARS
2026-03-06 15:51:23,643 [INFO] scanner_p2p — Fetched 3/4 rates from open.er-api.com
2026-03-06 15:51:23,945 [INFO] scanner_p2p — VES parallel rate: 614.09 (dolarapi.com)
2026-03-06 15:51:24,743 [INFO] scanner_p2p — Using cached spot rates (age: 1s)
2026-03-06 15:51:25,383 [INFO] scanner_p2p — Using cached spot rates (age: 2s)
2026-03-06 15:51:26,056 [INFO] scanner_p2p — Using cached spot rates (age: 3s)
2026-03-06 15:51:26,955 [INFO] scanner_p2p — Using cached spot rates (age: 4s)
2026-03-06 15:51:27,449 [INFO] runner — Generating market intelligence with Ollama...
2026-03-06 15:51:27,449 [INFO] ollama_intel — Generating market intelligence for 2026-03-06...
2026-03-06 15:51:27,452 [INFO] ollama_intel — Read 115 opportunities for 2026-03-06
2026-03-06 15:51:27,453 [INFO] ollama_intel — Calling Ollama (attempt 1/2)...
2026-03-06 15:51:33,882 [INFO] ollama_intel — Successfully received AI analysis from Ollama
2026-03-06 15:51:33,887 [INFO] ollama_intel — Market intelligence generated: ok
2026-03-06 15:51:33,888 [INFO] runner — Intelligence generated: ok
2026-03-06 15:51:33,888 [INFO] runner — Running ALFRED data quality check...
2026-03-06 15:51:33,888 [INFO] alfred — ALFRED: Running quality check on last 50 records...
2026-03-06 15:51:33,890 [INFO] alfred — ALFRED: dq_score 96.00% - OK
2026-03-06 15:51:33,891 [INFO] runner — Data quality: 96.00% (OK)
[2026-03-06 20:51:34 UTC] ✓ CYCLE #3 COMPLETED SUCCESSFULLY
[2026-03-06 20:51:34 UTC] ⏳ Waiting 20 minutes until next cycle...
[2026-03-06 20:51:34 UTC]    Next run at: 21:11:34 UTC
[2026-03-06 21:11:41 UTC] ─── CYCLE #4 START ───
[2026-03-06 21:12:24 UTC] STDOUT:
✅ DB inicializada: storage/batman.db

🦇 RISK SCORES TOP 10
SYM       VOL_Z   RISK REGIME
-----------------------------------
MAR        3.82   3.85 EXTREME
UAL        3.33   3.76 EXTREME
HLT        3.65   3.73 EXTREME
XLY        3.82   3.57 EXTREME
PEP        4.17   3.41 EXTREME
DKNG       3.71   3.36 EXTREME
TLT        4.09   3.25 EXTREME
XLK        3.32   3.13 EXTREME
FOXA       3.91   3.06 EXTREME
DIS        3.81   3.02 EXTREME
[scanner_cross] Scanning 3 pairs (threshold: 0.05%)...
  [scanner_cross] BTC: Binance $68148.32 | OKX $68149.80 | spread +0.0022%
  [scanner_cross] BTC: Skipped (spread 0.0022% < threshold 0.05%)
  [scanner_cross] ETH: Binance $1979.70 | OKX $1979.79 | spread +0.0045%
  [scanner_cross] ETH: Skipped (spread 0.0045% < threshold 0.05%)
  [scanner_cross] SOL: Binance $84.89 | OKX $84.88 | spread -0.0118%
  [scanner_cross] SOL: Skipped (spread 0.0118% < threshold 0.05%)
📡 Scanning P2P markets across LATAM...
  [scanner_p2p] Scanning USDT/MXN...
  [scanner_p2p] USDT/MXN: Buy $17.8880 | Spread +0.314% | Depth 20673 USDT | Logged
  [scanner_p2p] Scanning USDT/COP...
  [scanner_p2p] USDT/COP: Buy $3752.7900 | Spread -0.182% | Depth 34187 USDT | Logged (below threshold)
  [scanner_p2p] Scanning USDT/VES...
  [scanner_p2p] USDT/VES: Buy $614.2196 | Spread -1.206% | Depth 143514 USDT | Logged
  [scanner_p2p] Scanning USDT/ARS...
  [scanner_p2p] USDT/ARS: Buy $1462.9380 | Spread +0.221% | Depth 6002 USDT | Logged
📡 P2P scan complete: 4/4 pairs successful
[scanner_basis] Scanning BTCUSDT...
  [scanner_basis] Spot: $68148.33 | Futures: $68115.80 | Basis: -0.0477%
  [scanner_basis] Logged (basis 0.0477% >= threshold 0.02%)
Report saved: storage/reports/2026-03-06_21-12-24.json
Hash: d384a4f6c6b9d70cf63ca687d8d643e3ccc18a2fcded85e511906fdd841a5ee7
Ollama: AVAILABLE
Data Quality: 96.00% (OK)
[2026-03-06 21:12:24 UTC] STDERR:
2026-03-06 16:11:45,700 [INFO] engine — ✓ equity QQQ
2026-03-06 16:11:45,953 [INFO] engine — ✓ equity IWM
2026-03-06 16:11:46,209 [INFO] engine — ✓ equity XLF
2026-03-06 16:11:46,458 [INFO] engine — ✓ equity XLK
2026-03-06 16:11:46,710 [INFO] engine — ✓ equity XLE
2026-03-06 16:11:46,969 [INFO] engine — ✓ equity XLY
2026-03-06 16:11:47,220 [INFO] engine — ✓ equity XLP
2026-03-06 16:11:47,649 [INFO] engine — ✓ equity GLD
2026-03-06 16:11:50,089 [INFO] engine — ✓ equity TLT
2026-03-06 16:11:50,336 [INFO] engine — ✓ equity HYG
2026-03-06 16:11:50,624 [INFO] engine — ✓ equity MAR
2026-03-06 16:11:50,884 [INFO] engine — ✓ equity HLT
2026-03-06 16:11:51,173 [INFO] engine — ✓ equity DAL
2026-03-06 16:11:51,452 [INFO] engine — ✓ equity UAL
2026-03-06 16:11:51,749 [INFO] engine — ✓ equity DIS
2026-03-06 16:11:51,999 [INFO] engine — ✓ equity FOXA
2026-03-06 16:11:53,487 [INFO] engine — ✓ crypto BTC/USDT
2026-03-06 16:11:53,639 [INFO] engine — ✓ equity MCD
2026-03-06 16:11:53,720 [INFO] engine — ✓ crypto ETH/USDT
2026-03-06 16:11:54,078 [INFO] engine — ✓ equity KO
2026-03-06 16:11:54,339 [INFO] engine — ✓ equity PEP
2026-03-06 16:11:54,517 [INFO] engine — ✓ crypto SOL/USDT
2026-03-06 16:11:54,578 [INFO] engine — ✓ equity DKNG
2026-03-06 16:12:14,901 [INFO] scanner_p2p — Pre-fetching spot rates for all LATAM currencies...
2026-03-06 16:12:14,902 [INFO] scanner_p2p — Fetching fresh spot rates for: MXN, COP, VES, ARS
2026-03-06 16:12:15,176 [INFO] scanner_p2p — Fetched 3/4 rates from open.er-api.com
2026-03-06 16:12:15,494 [INFO] scanner_p2p — VES parallel rate: 615.35 (dolarapi.com)
2026-03-06 16:12:16,157 [INFO] scanner_p2p — Using cached spot rates (age: 1s)
2026-03-06 16:12:16,792 [INFO] scanner_p2p — Using cached spot rates (age: 2s)
2026-03-06 16:12:17,452 [INFO] scanner_p2p — Using cached spot rates (age: 3s)
2026-03-06 16:12:18,427 [INFO] scanner_p2p — Using cached spot rates (age: 4s)
2026-03-06 16:12:18,932 [INFO] runner — Generating market intelligence with Ollama...
2026-03-06 16:12:18,932 [INFO] ollama_intel — Generating market intelligence for 2026-03-06...
2026-03-06 16:12:18,935 [INFO] ollama_intel — Read 120 opportunities for 2026-03-06
2026-03-06 16:12:18,935 [INFO] ollama_intel — Calling Ollama (attempt 1/2)...
2026-03-06 16:12:24,227 [INFO] ollama_intel — Successfully received AI analysis from Ollama
2026-03-06 16:12:24,228 [INFO] ollama_intel — Market intelligence generated: ok
2026-03-06 16:12:24,229 [INFO] runner — Intelligence generated: ok
2026-03-06 16:12:24,229 [INFO] runner — Running ALFRED data quality check...
2026-03-06 16:12:24,229 [INFO] alfred — ALFRED: Running quality check on last 50 records...
2026-03-06 16:12:24,231 [INFO] alfred — ALFRED: dq_score 96.00% - OK
2026-03-06 16:12:24,232 [INFO] runner — Data quality: 96.00% (OK)
[2026-03-06 21:12:24 UTC] ✓ CYCLE #4 COMPLETED SUCCESSFULLY
[2026-03-06 21:12:24 UTC] ⏳ Waiting 20 minutes until next cycle...
[2026-03-06 21:12:24 UTC]    Next run at: 21:32:24 UTC
[2026-03-06 21:32:32 UTC] ─── CYCLE #5 START ───
[2026-03-06 21:33:25 UTC] STDOUT:
✅ DB inicializada: storage/batman.db

🦇 RISK SCORES TOP 10
SYM       VOL_Z   RISK REGIME
-----------------------------------
HLT        3.74   3.86 EXTREME
MAR        3.82   3.85 EXTREME
UAL        3.33   3.76 EXTREME
XLY        3.89   3.60 EXTREME
PEP        4.17   3.41 EXTREME
DKNG       3.71   3.35 EXTREME
XLK        3.49   3.31 EXTREME
TLT        4.09   3.25 EXTREME
DIS        3.92   3.19 EXTREME
FOXA       3.91   3.06 EXTREME
[scanner_cross] Scanning 3 pairs (threshold: 0.05%)...
  [scanner_cross] BTC: Binance $68072.14 | OKX $68073.60 | spread +0.0021%
  [scanner_cross] BTC: Skipped (spread 0.0021% < threshold 0.05%)
  [scanner_cross] ETH: Binance $1975.12 | OKX $1975.17 | spread +0.0025%
  [scanner_cross] ETH: Skipped (spread 0.0025% < threshold 0.05%)
  [scanner_cross] SOL: Binance $84.47 | OKX $84.47 | spread +0.0000%
  [scanner_cross] SOL: Skipped (spread 0.0000% < threshold 0.05%)
📡 Scanning P2P markets across LATAM...
  [scanner_p2p] Scanning USDT/MXN...
  [scanner_p2p] USDT/MXN: Buy $17.8840 | Spread +0.269% | Depth 27726 USDT | Logged
  [scanner_p2p] Scanning USDT/COP...
  [scanner_p2p] USDT/COP: Buy $3750.3980 | Spread -0.181% | Depth 48392 USDT | Logged (below threshold)
  [scanner_p2p] Scanning USDT/VES...
  [scanner_p2p] USDT/VES: Buy $613.6798 | Spread -1.449% | Depth 93029 USDT | Logged
  [scanner_p2p] Scanning USDT/ARS...
  [scanner_p2p] USDT/ARS: Buy $1463.9120 | Spread +0.345% | Depth 23284 USDT | Logged
📡 P2P scan complete: 4/4 pairs successful
[scanner_basis] Scanning BTCUSDT...
  [scanner_basis] Spot: $68100.00 | Futures: $68063.20 | Basis: -0.0540%
  [scanner_basis] Logged (basis 0.0540% >= threshold 0.02%)
Report saved: storage/reports/2026-03-06_21-33-25.json
Hash: b7757a3dd015835ba8de9c80ac4ea1f2a71e4772cb975fa86d72f081bc8a3402
Ollama: AVAILABLE
Data Quality: 96.00% (OK)
[2026-03-06 21:33:25 UTC] STDERR:
2026-03-06 16:32:37,010 [INFO] engine — ✓ equity QQQ
2026-03-06 16:32:37,302 [INFO] engine — ✓ equity IWM
2026-03-06 16:32:37,567 [INFO] engine — ✓ equity XLF
2026-03-06 16:32:37,809 [INFO] engine — ✓ equity XLK
2026-03-06 16:32:38,063 [INFO] engine — ✓ equity XLE
2026-03-06 16:32:38,319 [INFO] engine — ✓ equity XLY
2026-03-06 16:32:38,575 [INFO] engine — ✓ equity XLP
2026-03-06 16:32:38,864 [INFO] engine — ✓ equity GLD
2026-03-06 16:32:41,452 [INFO] engine — ✓ equity TLT
2026-03-06 16:32:41,734 [INFO] engine — ✓ equity HYG
2026-03-06 16:32:42,014 [INFO] engine — ✓ equity MAR
2026-03-06 16:32:42,272 [INFO] engine — ✓ equity HLT
2026-03-06 16:32:42,522 [INFO] engine — ✓ equity DAL
2026-03-06 16:32:42,818 [INFO] engine — ✓ equity UAL
2026-03-06 16:32:43,155 [INFO] engine — ✓ equity DIS
2026-03-06 16:32:43,497 [INFO] engine — ✓ equity FOXA
2026-03-06 16:32:44,623 [INFO] engine — ✓ crypto BTC/USDT
2026-03-06 16:32:45,281 [INFO] engine — ✓ equity MCD
2026-03-06 16:32:45,448 [INFO] engine — ✓ crypto ETH/USDT
2026-03-06 16:32:45,647 [INFO] engine — ✓ crypto SOL/USDT
2026-03-06 16:32:45,658 [INFO] engine — ✓ equity KO
2026-03-06 16:32:45,908 [INFO] engine — ✓ equity PEP
2026-03-06 16:32:46,164 [INFO] engine — ✓ equity DKNG
2026-03-06 16:33:15,192 [INFO] scanner_p2p — Pre-fetching spot rates for all LATAM currencies...
2026-03-06 16:33:15,192 [INFO] scanner_p2p — Fetching fresh spot rates for: MXN, COP, VES, ARS
2026-03-06 16:33:15,492 [INFO] scanner_p2p — Fetched 3/4 rates from open.er-api.com
2026-03-06 16:33:15,858 [INFO] scanner_p2p — VES parallel rate: 615.35 (dolarapi.com)
2026-03-06 16:33:16,555 [INFO] scanner_p2p — Using cached spot rates (age: 1s)
2026-03-06 16:33:17,215 [INFO] scanner_p2p — Using cached spot rates (age: 2s)
2026-03-06 16:33:17,846 [INFO] scanner_p2p — Using cached spot rates (age: 3s)
2026-03-06 16:33:18,772 [INFO] scanner_p2p — Using cached spot rates (age: 4s)
2026-03-06 16:33:19,583 [INFO] runner — Generating market intelligence with Ollama...
2026-03-06 16:33:19,584 [INFO] ollama_intel — Generating market intelligence for 2026-03-06...
2026-03-06 16:33:19,586 [INFO] ollama_intel — Read 125 opportunities for 2026-03-06
2026-03-06 16:33:19,586 [INFO] ollama_intel — Calling Ollama (attempt 1/2)...
2026-03-06 16:33:25,153 [INFO] ollama_intel — Successfully received AI analysis from Ollama
2026-03-06 16:33:25,154 [INFO] ollama_intel — Market intelligence generated: ok
2026-03-06 16:33:25,155 [INFO] runner — Intelligence generated: ok
2026-03-06 16:33:25,155 [INFO] runner — Running ALFRED data quality check...
2026-03-06 16:33:25,155 [INFO] alfred — ALFRED: Running quality check on last 50 records...
2026-03-06 16:33:25,157 [INFO] alfred — ALFRED: dq_score 96.00% - OK
2026-03-06 16:33:25,159 [INFO] runner — Data quality: 96.00% (OK)
[2026-03-06 21:33:25 UTC] ✓ CYCLE #5 COMPLETED SUCCESSFULLY
[2026-03-06 21:33:25 UTC] ⏳ Waiting 20 minutes until next cycle...
[2026-03-06 21:33:25 UTC]    Next run at: 21:53:25 UTC
[2026-03-06 21:53:33 UTC] ─── CYCLE #6 START ───
[2026-03-06 21:54:09 UTC] STDOUT:
✅ DB inicializada: storage/batman.db

🦇 RISK SCORES TOP 10
SYM       VOL_Z   RISK REGIME
-----------------------------------
HLT        3.74   3.86 EXTREME
MAR        3.82   3.85 EXTREME
UAL        3.33   3.76 EXTREME
XLY        3.89   3.60 EXTREME
PEP        4.17   3.41 EXTREME
DKNG       3.71   3.35 EXTREME
XLK        3.49   3.31 EXTREME
TLT        4.09   3.25 EXTREME
DIS        3.92   3.19 EXTREME
FOXA       3.91   3.06 EXTREME
[scanner_cross] Scanning 3 pairs (threshold: 0.05%)...
  [scanner_cross] BTC: Binance $68309.35 | OKX $68308.30 | spread -0.0015%
  [scanner_cross] BTC: Skipped (spread 0.0015% < threshold 0.05%)
  [scanner_cross] ETH: Binance $1979.62 | OKX $1979.66 | spread +0.0020%
  [scanner_cross] ETH: Skipped (spread 0.0020% < threshold 0.05%)
  [scanner_cross] SOL: Binance $84.73 | OKX $84.72 | spread -0.0118%
  [scanner_cross] SOL: Skipped (spread 0.0118% < threshold 0.05%)
📡 Scanning P2P markets across LATAM...
  [scanner_p2p] Scanning USDT/MXN...
  [scanner_p2p] USDT/MXN: Buy $17.8840 | Spread +0.235% | Depth 29485 USDT | Logged
  [scanner_p2p] Scanning USDT/COP...
  [scanner_p2p] USDT/COP: Buy $3750.5500 | Spread -0.175% | Depth 37583 USDT | Logged (below threshold)
  [scanner_p2p] Scanning USDT/VES...
  [scanner_p2p] USDT/VES: Buy $614.2198 | Spread -1.298% | Depth 70669 USDT | Logged
  [scanner_p2p] Scanning USDT/ARS...
  [scanner_p2p] USDT/ARS: Buy $1462.6920 | Spread +0.303% | Depth 3057 USDT | Logged
📡 P2P scan complete: 4/4 pairs successful
[scanner_basis] Scanning BTCUSDT...
  [scanner_basis] Spot: $68309.35 | Futures: $68277.10 | Basis: -0.0472%
  [scanner_basis] Logged (basis 0.0472% >= threshold 0.02%)
Report saved: storage/reports/2026-03-06_21-54-09.json
Hash: a5ba768a1554ab4370b0447cfff37ee99aeb4ced28cff6773045653d311f7711
Ollama: AVAILABLE
Data Quality: 96.00% (OK)
[2026-03-06 21:54:09 UTC] STDERR:
2026-03-06 16:53:37,513 [INFO] engine — ✓ equity QQQ
2026-03-06 16:53:37,778 [INFO] engine — ✓ equity IWM
2026-03-06 16:53:38,044 [INFO] engine — ✓ equity XLF
2026-03-06 16:53:38,301 [INFO] engine — ✓ equity XLK
2026-03-06 16:53:38,563 [INFO] engine — ✓ equity XLE
2026-03-06 16:53:38,812 [INFO] engine — ✓ equity XLY
2026-03-06 16:53:39,064 [INFO] engine — ✓ equity XLP
2026-03-06 16:53:39,327 [INFO] engine — ✓ equity GLD
2026-03-06 16:53:41,954 [INFO] engine — ✓ equity TLT
2026-03-06 16:53:42,213 [INFO] engine — ✓ equity HYG
2026-03-06 16:53:42,517 [INFO] engine — ✓ equity MAR
2026-03-06 16:53:42,778 [INFO] engine — ✓ equity HLT
2026-03-06 16:53:43,036 [INFO] engine — ✓ equity DAL
2026-03-06 16:53:43,330 [INFO] engine — ✓ equity UAL
2026-03-06 16:53:43,647 [INFO] engine — ✓ equity DIS
2026-03-06 16:53:43,953 [INFO] engine — ✓ equity FOXA
2026-03-06 16:53:45,780 [INFO] engine — ✓ crypto BTC/USDT
2026-03-06 16:53:45,824 [INFO] engine — ✓ crypto ETH/USDT
2026-03-06 16:53:45,913 [INFO] engine — ✓ crypto SOL/USDT
2026-03-06 16:53:45,921 [INFO] engine — ✓ equity MCD
2026-03-06 16:53:46,208 [INFO] engine — ✓ equity KO
2026-03-06 16:53:46,576 [INFO] engine — ✓ equity PEP
2026-03-06 16:53:46,860 [INFO] engine — ✓ equity DKNG
2026-03-06 16:53:58,626 [INFO] scanner_p2p — Pre-fetching spot rates for all LATAM currencies...
2026-03-06 16:53:58,626 [INFO] scanner_p2p — Fetching fresh spot rates for: MXN, COP, VES, ARS
2026-03-06 16:53:58,911 [INFO] scanner_p2p — Fetched 3/4 rates from open.er-api.com
2026-03-06 16:53:59,240 [INFO] scanner_p2p — VES parallel rate: 615.35 (dolarapi.com)
2026-03-06 16:54:00,046 [INFO] scanner_p2p — Using cached spot rates (age: 1s)
2026-03-06 16:54:00,690 [INFO] scanner_p2p — Using cached spot rates (age: 2s)
2026-03-06 16:54:01,392 [INFO] scanner_p2p — Using cached spot rates (age: 3s)
2026-03-06 16:54:02,333 [INFO] scanner_p2p — Using cached spot rates (age: 4s)
2026-03-06 16:54:02,982 [INFO] runner — Generating market intelligence with Ollama...
2026-03-06 16:54:02,982 [INFO] ollama_intel — Generating market intelligence for 2026-03-06...
2026-03-06 16:54:02,985 [INFO] ollama_intel — Read 130 opportunities for 2026-03-06
2026-03-06 16:54:02,985 [INFO] ollama_intel — Calling Ollama (attempt 1/2)...
2026-03-06 16:54:09,056 [INFO] ollama_intel — Successfully received AI analysis from Ollama
2026-03-06 16:54:09,057 [INFO] ollama_intel — Market intelligence generated: ok
2026-03-06 16:54:09,057 [INFO] runner — Intelligence generated: ok
2026-03-06 16:54:09,057 [INFO] runner — Running ALFRED data quality check...
2026-03-06 16:54:09,058 [INFO] alfred — ALFRED: Running quality check on last 50 records...
2026-03-06 16:54:09,060 [INFO] alfred — ALFRED: dq_score 96.00% - OK
2026-03-06 16:54:09,061 [INFO] runner — Data quality: 96.00% (OK)
[2026-03-06 21:54:09 UTC] ✓ CYCLE #6 COMPLETED SUCCESSFULLY
[2026-03-06 21:54:09 UTC] ⏳ Waiting 20 minutes until next cycle...
[2026-03-06 21:54:09 UTC]    Next run at: 22:14:09 UTC
[2026-03-06 22:14:13 UTC] ─── CYCLE #7 START ───
[2026-03-06 22:15:01 UTC] STDOUT:
✅ DB inicializada: storage/batman.db

🦇 RISK SCORES TOP 10
SYM       VOL_Z   RISK REGIME
-----------------------------------
HLT        3.74   3.86 EXTREME
MAR        3.82   3.85 EXTREME
UAL        3.33   3.76 EXTREME
XLY        3.89   3.60 EXTREME
PEP        4.17   3.41 EXTREME
DKNG       3.71   3.35 EXTREME
XLK        3.49   3.31 EXTREME
TLT        4.09   3.25 EXTREME
DIS        3.92   3.19 EXTREME
FOXA       3.91   3.06 EXTREME
[scanner_cross] Scanning 3 pairs (threshold: 0.05%)...
  [scanner_cross] BTC: Binance $68304.61 | OKX $68308.00 | spread +0.0050%
  [scanner_cross] BTC: Skipped (spread 0.0050% < threshold 0.05%)
  [scanner_cross] ETH: Binance $1985.16 | OKX $1985.21 | spread +0.0025%
  [scanner_cross] ETH: Skipped (spread 0.0025% < threshold 0.05%)
  [scanner_cross] SOL: Binance $84.63 | OKX $84.62 | spread -0.0118%
  [scanner_cross] SOL: Skipped (spread 0.0118% < threshold 0.05%)
📡 Scanning P2P markets across LATAM...
  [scanner_p2p] Scanning USDT/MXN...
  [scanner_p2p] USDT/MXN: Buy $17.8840 | Spread +0.235% | EdgeNet +0.814% ✓ | Logged
  [scanner_p2p] Scanning USDT/COP...
  [scanner_p2p] USDT/COP: Buy $3750.2180 | Spread -0.149% | EdgeNet -0.569% ✗ | Logged (below threshold)
  [scanner_p2p] Scanning USDT/VES...
  [scanner_p2p] USDT/VES: Buy $613.6000 | Spread -1.211% | EdgeNet -0.634% ✗ | Logged
  [scanner_p2p] Scanning USDT/ARS...
  [scanner_p2p] USDT/ARS: Buy $1462.0700 | Spread +0.237% | EdgeNet +0.276% ✓ | Logged
📡 P2P scan complete: 4/4 pairs successful
[scanner_basis] Scanning BTCUSDT...
  [scanner_basis] Spot: $68304.61 | Futures: $68272.70 | Basis: -0.0467%
  [scanner_basis] Logged (basis 0.0467% >= threshold 0.02%)
Report saved: storage/reports/2026-03-06_22-15-01.json
Hash: 0573a849b1e0bbd8c3f20b5be973769f7b2efddaaea2739159bd21582636650c
Ollama: AVAILABLE
Data Quality: 100.00% (OK)
[2026-03-06 22:15:01 UTC] STDERR:
2026-03-06 17:14:17,935 [INFO] engine — ✓ equity QQQ
2026-03-06 17:14:18,181 [INFO] engine — ✓ equity IWM
2026-03-06 17:14:18,430 [INFO] engine — ✓ equity XLF
2026-03-06 17:14:18,683 [INFO] engine — ✓ equity XLK
2026-03-06 17:14:18,979 [INFO] engine — ✓ equity XLE
2026-03-06 17:14:19,229 [INFO] engine — ✓ equity XLY
2026-03-06 17:14:19,532 [INFO] engine — ✓ equity XLP
2026-03-06 17:14:19,835 [INFO] engine — ✓ equity GLD
2026-03-06 17:14:23,894 [INFO] engine — ✓ equity TLT
2026-03-06 17:14:24,151 [INFO] engine — ✓ equity HYG
2026-03-06 17:14:24,400 [INFO] engine — ✓ equity MAR
2026-03-06 17:14:24,655 [INFO] engine — ✓ equity HLT
2026-03-06 17:14:24,920 [INFO] engine — ✓ equity DAL
2026-03-06 17:14:25,211 [INFO] engine — ✓ equity UAL
2026-03-06 17:14:25,636 [INFO] engine — ✓ equity DIS
2026-03-06 17:14:25,918 [INFO] engine — ✓ equity FOXA
2026-03-06 17:14:27,597 [INFO] engine — ✓ equity MCD
2026-03-06 17:14:27,781 [INFO] engine — ✓ crypto BTC/USDT
2026-03-06 17:14:27,810 [INFO] engine — ✓ crypto ETH/USDT
2026-03-06 17:14:27,896 [INFO] engine — ✓ crypto SOL/USDT
2026-03-06 17:14:27,897 [INFO] engine — ✓ equity KO
2026-03-06 17:14:28,161 [INFO] engine — ✓ equity PEP
2026-03-06 17:14:28,419 [INFO] engine — ✓ equity DKNG
2026-03-06 17:14:50,477 [INFO] scanner_p2p — Pre-fetching spot rates for all LATAM currencies...
2026-03-06 17:14:50,478 [INFO] scanner_p2p — Fetching fresh spot rates for: MXN, COP, VES, ARS
2026-03-06 17:14:50,771 [INFO] scanner_p2p — Fetched 3/4 rates from open.er-api.com
2026-03-06 17:14:51,107 [INFO] scanner_p2p — VES parallel rate: 615.35 (dolarapi.com)
2026-03-06 17:14:51,791 [INFO] scanner_p2p — Using cached spot rates (age: 1s)
2026-03-06 17:14:52,446 [INFO] scanner_p2p — Using cached spot rates (age: 2s)
2026-03-06 17:14:53,073 [INFO] scanner_p2p — Using cached spot rates (age: 3s)
2026-03-06 17:14:54,080 [INFO] scanner_p2p — Using cached spot rates (age: 4s)
2026-03-06 17:14:54,586 [INFO] runner — Generating market intelligence with Ollama...
2026-03-06 17:14:54,586 [INFO] ollama_intel — Generating market intelligence for 2026-03-06...
2026-03-06 17:14:54,587 [INFO] ollama_intel — Read 141 opportunities for 2026-03-06
2026-03-06 17:14:54,587 [INFO] ollama_intel — Calling Ollama (attempt 1/2)...
2026-03-06 17:15:01,267 [INFO] ollama_intel — Successfully received AI analysis from Ollama
2026-03-06 17:15:01,269 [INFO] ollama_intel — Market intelligence generated: ok
2026-03-06 17:15:01,270 [INFO] runner — Intelligence generated: ok
2026-03-06 17:15:01,271 [INFO] runner — Running ALFRED data quality check...
2026-03-06 17:15:01,271 [INFO] alfred — ALFRED: Running quality check on last 50 records...
2026-03-06 17:15:01,273 [INFO] alfred — ALFRED: dq_score 100.00% - OK
2026-03-06 17:15:01,275 [INFO] runner — Data quality: 100.00% (OK)
[2026-03-06 22:15:01 UTC] ✓ CYCLE #7 COMPLETED SUCCESSFULLY
[2026-03-06 22:15:01 UTC] ⏳ Waiting 20 minutes until next cycle...
[2026-03-06 22:15:01 UTC]    Next run at: 22:35:01 UTC
[2026-03-06 22:35:05 UTC] ─── CYCLE #8 START ───
[2026-03-06 22:35:39 UTC] STDOUT:
✅ DB inicializada: storage/batman.db

🦇 RISK SCORES TOP 10
SYM       VOL_Z   RISK REGIME
-----------------------------------
HLT        3.74   3.86 EXTREME
MAR        3.82   3.85 EXTREME
UAL        3.33   3.76 EXTREME
XLY        3.89   3.60 EXTREME
PEP        4.17   3.41 EXTREME
DKNG       3.71   3.35 EXTREME
XLK        3.49   3.31 EXTREME
TLT        4.09   3.25 EXTREME
DIS        3.92   3.19 EXTREME
FOXA       3.91   3.06 EXTREME
[scanner_cross] Scanning 3 pairs (threshold: 0.05%)...
  [scanner_cross] BTC: Binance $68263.39 | OKX $68256.80 | spread -0.0097%
  [scanner_cross] BTC: Skipped (spread 0.0097% < threshold 0.05%)
  [scanner_cross] ETH: Binance $1983.34 | OKX $1983.40 | spread +0.0030%
  [scanner_cross] ETH: Skipped (spread 0.0030% < threshold 0.05%)
  [scanner_cross] SOL: Binance $84.81 | OKX $84.81 | spread +0.0000%
  [scanner_cross] SOL: Skipped (spread 0.0000% < threshold 0.05%)
📡 Scanning P2P markets across LATAM...
  [scanner_p2p] Scanning USDT/MXN...
  [scanner_p2p] USDT/MXN: Buy $17.8840 | Spread +0.235% | EdgeNet +0.814% ✓ | Logged
  [scanner_p2p] Scanning USDT/COP...
  [scanner_p2p] USDT/COP: Buy $3750.1780 | Spread -0.053% | EdgeNet -0.570% ✗ | Logged (below threshold)
  [scanner_p2p] Scanning USDT/VES...
  [scanner_p2p] USDT/VES: Buy $613.7396 | Spread -0.968% | EdgeNet -0.612% ✗ | Logged
  [scanner_p2p] Scanning USDT/ARS...
  [scanner_p2p] USDT/ARS: Buy $1461.9740 | Spread +0.177% | EdgeNet +0.270% ✓ | Logged (below threshold)
📡 P2P scan complete: 4/4 pairs successful
[scanner_basis] Scanning BTCUSDT...
  [scanner_basis] Spot: $68263.97 | Futures: $68222.80 | Basis: -0.0603%
  [scanner_basis] Logged (basis 0.0603% >= threshold 0.02%)
Report saved: storage/reports/2026-03-06_22-35-38.json
Hash: 3ddf6d5fbea893de6111338d8f5ae6dbea3824c9be3a4b4544ed7bedfbc7c93e
Ollama: AVAILABLE
Data Quality: 100.00% (OK)
[2026-03-06 22:35:39 UTC] STDERR:
2026-03-06 17:35:09,772 [INFO] engine — ✓ equity QQQ
2026-03-06 17:35:10,068 [INFO] engine — ✓ equity IWM
2026-03-06 17:35:10,356 [INFO] engine — ✓ equity XLF
2026-03-06 17:35:10,611 [INFO] engine — ✓ equity XLK
2026-03-06 17:35:10,978 [INFO] engine — ✓ equity XLE
2026-03-06 17:35:11,290 [INFO] engine — ✓ equity XLY
2026-03-06 17:35:11,539 [INFO] engine — ✓ equity XLP
2026-03-06 17:35:11,799 [INFO] engine — ✓ equity GLD
2026-03-06 17:35:14,167 [INFO] engine — ✓ equity TLT
2026-03-06 17:35:14,529 [INFO] engine — ✓ equity HYG
2026-03-06 17:35:14,782 [INFO] engine — ✓ equity MAR
2026-03-06 17:35:15,070 [INFO] engine — ✓ equity HLT
2026-03-06 17:35:15,438 [INFO] engine — ✓ equity DAL
2026-03-06 17:35:15,743 [INFO] engine — ✓ equity UAL
2026-03-06 17:35:16,057 [INFO] engine — ✓ equity DIS
2026-03-06 17:35:16,448 [INFO] engine — ✓ equity FOXA
2026-03-06 17:35:18,218 [INFO] engine — ✓ equity MCD
2026-03-06 17:35:18,456 [INFO] engine — ✓ equity KO
2026-03-06 17:35:18,687 [INFO] engine — ✓ crypto BTC/USDT
2026-03-06 17:35:18,698 [INFO] engine — ✓ equity PEP
2026-03-06 17:35:18,958 [INFO] engine — ✓ crypto ETH/USDT
2026-03-06 17:35:18,965 [INFO] engine — ✓ equity DKNG
2026-03-06 17:35:19,132 [INFO] engine — ✓ crypto SOL/USDT
2026-03-06 17:35:27,201 [INFO] scanner_p2p — Pre-fetching spot rates for all LATAM currencies...
2026-03-06 17:35:27,201 [INFO] scanner_p2p — Fetching fresh spot rates for: MXN, COP, VES, ARS
2026-03-06 17:35:27,427 [INFO] scanner_p2p — Fetched 3/4 rates from open.er-api.com
2026-03-06 17:35:27,758 [INFO] scanner_p2p — VES parallel rate: 615.35 (dolarapi.com)
2026-03-06 17:35:28,348 [INFO] scanner_p2p — Using cached spot rates (age: 1s)
2026-03-06 17:35:28,978 [INFO] scanner_p2p — Using cached spot rates (age: 2s)
2026-03-06 17:35:29,602 [INFO] scanner_p2p — Using cached spot rates (age: 2s)
2026-03-06 17:35:30,441 [INFO] scanner_p2p — Using cached spot rates (age: 3s)
2026-03-06 17:35:31,298 [INFO] runner — Generating market intelligence with Ollama...
2026-03-06 17:35:31,298 [INFO] ollama_intel — Generating market intelligence for 2026-03-06...
2026-03-06 17:35:31,301 [INFO] ollama_intel — Read 147 opportunities for 2026-03-06
2026-03-06 17:35:31,302 [INFO] ollama_intel — Calling Ollama (attempt 1/2)...
2026-03-06 17:35:38,902 [INFO] ollama_intel — Successfully received AI analysis from Ollama
2026-03-06 17:35:38,903 [INFO] ollama_intel — Market intelligence generated: ok
2026-03-06 17:35:38,903 [INFO] runner — Intelligence generated: ok
2026-03-06 17:35:38,903 [INFO] runner — Running ALFRED data quality check...
2026-03-06 17:35:38,903 [INFO] alfred — ALFRED: Running quality check on last 50 records...
2026-03-06 17:35:38,904 [INFO] alfred — ALFRED: dq_score 100.00% - OK
2026-03-06 17:35:38,905 [INFO] runner — Data quality: 100.00% (OK)
[2026-03-06 22:35:39 UTC] ✓ CYCLE #8 COMPLETED SUCCESSFULLY
[2026-03-06 22:35:39 UTC] ⏳ Waiting 20 minutes until next cycle...
[2026-03-06 22:35:39 UTC]    Next run at: 22:55:39 UTC
[2026-03-06 22:55:43 UTC] ─── CYCLE #9 START ───
[2026-03-06 22:56:18 UTC] STDOUT:
✅ DB inicializada: storage/batman.db

🦇 RISK SCORES TOP 10
SYM       VOL_Z   RISK REGIME
-----------------------------------
HLT        3.74   3.86 EXTREME
MAR        3.82   3.85 EXTREME
UAL        3.33   3.76 EXTREME
XLY        3.89   3.60 EXTREME
PEP        4.17   3.41 EXTREME
DKNG       3.71   3.35 EXTREME
XLK        3.49   3.31 EXTREME
TLT        4.09   3.25 EXTREME
DIS        3.92   3.19 EXTREME
FOXA       3.91   3.06 EXTREME
[scanner_cross] Scanning 3 pairs (threshold: 0.05%)...
  [scanner_cross] BTC: Binance $68407.09 | OKX $68404.50 | spread -0.0038%
  [scanner_cross] BTC: Skipped (spread 0.0038% < threshold 0.05%)
  [scanner_cross] ETH: Binance $1987.61 | OKX $1987.84 | spread +0.0116%
  [scanner_cross] ETH: Skipped (spread 0.0116% < threshold 0.05%)
  [scanner_cross] SOL: Binance $84.98 | OKX $84.98 | spread +0.0000%
  [scanner_cross] SOL: Skipped (spread 0.0000% < threshold 0.05%)
📡 Scanning P2P markets across LATAM...
  [scanner_p2p] Scanning USDT/MXN...
  [scanner_p2p] USDT/MXN: Buy $17.8800 | Spread +0.202% | EdgeNet +0.792% ✓ | Logged
  [scanner_p2p] Scanning USDT/COP...
  [scanner_p2p] USDT/COP: Buy $3750.9780 | Spread +0.007% | EdgeNet -0.549% ✗ | Logged (below threshold)
  [scanner_p2p] Scanning USDT/VES...
  [scanner_p2p] USDT/VES: Buy $612.9772 | Spread -1.053% | EdgeNet -0.736% ✗ | Logged
  [scanner_p2p] Scanning USDT/ARS...
  [scanner_p2p] USDT/ARS: Buy $1461.8300 | Spread +0.138% | EdgeNet +0.260% ✓ | Logged (below threshold)
📡 P2P scan complete: 4/4 pairs successful
[scanner_basis] Scanning BTCUSDT...
  [scanner_basis] Spot: $68407.10 | Futures: $68369.50 | Basis: -0.0550%
  [scanner_basis] Logged (basis 0.0550% >= threshold 0.02%)
Report saved: storage/reports/2026-03-06_22-56-17.json
Hash: eb80fcdaa4b8dec4597eff1d36ab82c18d482e32832a54349f96c74df282e650
Ollama: AVAILABLE
Data Quality: 100.00% (OK)
[2026-03-06 22:56:18 UTC] STDERR:
2026-03-06 17:55:47,462 [INFO] engine — ✓ equity QQQ
2026-03-06 17:55:47,753 [INFO] engine — ✓ equity IWM
2026-03-06 17:55:48,001 [INFO] engine — ✓ equity XLF
2026-03-06 17:55:48,287 [INFO] engine — ✓ equity XLK
2026-03-06 17:55:48,539 [INFO] engine — ✓ equity XLE
2026-03-06 17:55:48,784 [INFO] engine — ✓ equity XLY
2026-03-06 17:55:49,049 [INFO] engine — ✓ equity XLP
2026-03-06 17:55:49,301 [INFO] engine — ✓ equity GLD
2026-03-06 17:55:52,078 [INFO] engine — ✓ equity TLT
2026-03-06 17:55:52,336 [INFO] engine — ✓ equity HYG
2026-03-06 17:55:52,581 [INFO] engine — ✓ equity MAR
2026-03-06 17:55:52,836 [INFO] engine — ✓ equity HLT
2026-03-06 17:55:53,097 [INFO] engine — ✓ equity DAL
2026-03-06 17:55:53,474 [INFO] engine — ✓ equity UAL
2026-03-06 17:55:54,021 [INFO] engine — ✓ equity DIS
2026-03-06 17:55:54,277 [INFO] engine — ✓ equity FOXA
2026-03-06 17:55:56,088 [INFO] engine — ✓ crypto BTC/USDT
2026-03-06 17:55:56,344 [INFO] engine — ✓ equity MCD
2026-03-06 17:55:56,571 [INFO] engine — ✓ crypto ETH/USDT
2026-03-06 17:55:56,639 [INFO] engine — ✓ equity KO
2026-03-06 17:55:56,900 [INFO] engine — ✓ equity PEP
2026-03-06 17:55:57,086 [INFO] engine — ✓ crypto SOL/USDT
2026-03-06 17:55:57,161 [INFO] engine — ✓ equity DKNG
2026-03-06 17:56:07,279 [INFO] scanner_p2p — Pre-fetching spot rates for all LATAM currencies...
2026-03-06 17:56:07,279 [INFO] scanner_p2p — Fetching fresh spot rates for: MXN, COP, VES, ARS
2026-03-06 17:56:07,559 [INFO] scanner_p2p — Fetched 3/4 rates from open.er-api.com
2026-03-06 17:56:07,861 [INFO] scanner_p2p — VES parallel rate: 615.35 (dolarapi.com)
2026-03-06 17:56:08,489 [INFO] scanner_p2p — Using cached spot rates (age: 1s)
2026-03-06 17:56:09,098 [INFO] scanner_p2p — Using cached spot rates (age: 2s)
2026-03-06 17:56:09,716 [INFO] scanner_p2p — Using cached spot rates (age: 2s)
2026-03-06 17:56:10,660 [INFO] scanner_p2p — Using cached spot rates (age: 3s)
2026-03-06 17:56:11,205 [INFO] runner — Generating market intelligence with Ollama...
2026-03-06 17:56:11,206 [INFO] ollama_intel — Generating market intelligence for 2026-03-06...
2026-03-06 17:56:11,207 [INFO] ollama_intel — Read 157 opportunities for 2026-03-06
2026-03-06 17:56:11,208 [INFO] ollama_intel — Calling Ollama (attempt 1/2)...
2026-03-06 17:56:17,932 [INFO] ollama_intel — Successfully received AI analysis from Ollama
2026-03-06 17:56:17,933 [INFO] ollama_intel — Market intelligence generated: ok
2026-03-06 17:56:17,934 [INFO] runner — Intelligence generated: ok
2026-03-06 17:56:17,934 [INFO] runner — Running ALFRED data quality check...
2026-03-06 17:56:17,934 [INFO] alfred — ALFRED: Running quality check on last 50 records...
2026-03-06 17:56:17,935 [INFO] alfred — ALFRED: dq_score 100.00% - OK
2026-03-06 17:56:17,937 [INFO] runner — Data quality: 100.00% (OK)
[2026-03-06 22:56:18 UTC] ✓ CYCLE #9 COMPLETED SUCCESSFULLY
[2026-03-06 22:56:18 UTC] ⏳ Waiting 20 minutes until next cycle...
[2026-03-06 22:56:18 UTC]    Next run at: 23:16:18 UTC
[2026-03-06 23:16:27 UTC] ─── CYCLE #10 START ───
[2026-03-06 23:17:07 UTC] STDOUT:
✅ DB inicializada: storage/batman.db

🦇 RISK SCORES TOP 10
SYM       VOL_Z   RISK REGIME
-----------------------------------
HLT        3.74   3.86 EXTREME
MAR        3.82   3.85 EXTREME
UAL        3.33   3.76 EXTREME
XLY        3.89   3.60 EXTREME
PEP        4.17   3.41 EXTREME
DKNG       3.71   3.35 EXTREME
XLK        3.49   3.31 EXTREME
TLT        4.09   3.25 EXTREME
DIS        3.92   3.19 EXTREME
FOXA       3.91   3.06 EXTREME
[scanner_cross] Scanning 3 pairs (threshold: 0.05%)...
  [scanner_cross] BTC: Binance $68306.90 | OKX $68307.00 | spread +0.0001%
  [scanner_cross] BTC: Skipped (spread 0.0001% < threshold 0.05%)
  [scanner_cross] ETH: Binance $1984.78 | OKX $1984.90 | spread +0.0060%
  [scanner_cross] ETH: Skipped (spread 0.0060% < threshold 0.05%)
  [scanner_cross] SOL: Binance $84.99 | OKX $84.98 | spread -0.0118%
  [scanner_cross] SOL: Skipped (spread 0.0118% < threshold 0.05%)
📡 Scanning P2P markets across LATAM...
  [scanner_p2p] Scanning USDT/MXN...
  [scanner_p2p] USDT/MXN: Buy $17.8840 | Spread +0.269% | EdgeNet +0.814% ✓ | Logged
  [scanner_p2p] Scanning USDT/COP...
  [scanner_p2p] USDT/COP: Buy $3755.6420 | Spread +0.081% | EdgeNet -0.425% ✗ | Logged (below threshold)
  [scanner_p2p] Scanning USDT/VES...
  [scanner_p2p] USDT/VES: Buy $612.5974 | Spread -1.083% | EdgeNet -0.797% ✗ | Logged
  [scanner_p2p] Scanning USDT/ARS...
  [scanner_p2p] USDT/ARS: Buy $1461.7220 | Spread +0.164% | EdgeNet +0.252% ✓ | Logged (below threshold)
📡 P2P scan complete: 4/4 pairs successful
[scanner_basis] Scanning BTCUSDT...
  [scanner_basis] Spot: $68311.69 | Futures: $68278.70 | Basis: -0.0483%
  [scanner_basis] Logged (basis 0.0483% >= threshold 0.02%)
Report saved: storage/reports/2026-03-06_23-17-07.json
Hash: ef8a4cc112dd3b1c48c382279eeba8b43b447e22376cc48724772d5d36af3840
Ollama: AVAILABLE
Data Quality: 100.00% (OK)
[2026-03-06 23:17:07 UTC] STDERR:
2026-03-06 18:16:30,888 [INFO] engine — ✓ equity QQQ
2026-03-06 18:16:31,148 [INFO] engine — ✓ equity IWM
2026-03-06 18:16:31,408 [INFO] engine — ✓ equity XLF
2026-03-06 18:16:31,670 [INFO] engine — ✓ equity XLK
2026-03-06 18:16:31,924 [INFO] engine — ✓ equity XLE
2026-03-06 18:16:32,181 [INFO] engine — ✓ equity XLY
2026-03-06 18:16:32,523 [INFO] engine — ✓ equity XLP
2026-03-06 18:16:32,816 [INFO] engine — ✓ equity GLD
2026-03-06 18:16:35,340 [INFO] engine — ✓ equity TLT
2026-03-06 18:16:35,600 [INFO] engine — ✓ equity HYG
2026-03-06 18:16:35,895 [INFO] engine — ✓ equity MAR
2026-03-06 18:16:36,206 [INFO] engine — ✓ equity HLT
2026-03-06 18:16:36,479 [INFO] engine — ✓ equity DAL
2026-03-06 18:16:36,773 [INFO] engine — ✓ equity UAL
2026-03-06 18:16:37,063 [INFO] engine — ✓ equity DIS
2026-03-06 18:16:37,314 [INFO] engine — ✓ equity FOXA
2026-03-06 18:16:38,664 [INFO] engine — ✓ crypto BTC/USDT
2026-03-06 18:16:39,001 [INFO] engine — ✓ equity MCD
2026-03-06 18:16:39,079 [INFO] engine — ✓ crypto ETH/USDT
2026-03-06 18:16:39,240 [INFO] engine — ✓ equity KO
2026-03-06 18:16:39,488 [INFO] engine — ✓ equity PEP
2026-03-06 18:16:39,628 [INFO] engine — ✓ crypto SOL/USDT
2026-03-06 18:16:39,730 [INFO] engine — ✓ equity DKNG
2026-03-06 18:16:55,854 [INFO] scanner_p2p — Pre-fetching spot rates for all LATAM currencies...
2026-03-06 18:16:55,855 [INFO] scanner_p2p — Fetching fresh spot rates for: MXN, COP, VES, ARS
2026-03-06 18:16:56,149 [INFO] scanner_p2p — Fetched 3/4 rates from open.er-api.com
2026-03-06 18:16:56,496 [INFO] scanner_p2p — VES parallel rate: 615.35 (dolarapi.com)
2026-03-06 18:16:57,160 [INFO] scanner_p2p — Using cached spot rates (age: 1s)
2026-03-06 18:16:57,791 [INFO] scanner_p2p — Using cached spot rates (age: 2s)
2026-03-06 18:16:58,431 [INFO] scanner_p2p — Using cached spot rates (age: 3s)
2026-03-06 18:16:59,352 [INFO] scanner_p2p — Using cached spot rates (age: 3s)
2026-03-06 18:16:59,853 [INFO] runner — Generating market intelligence with Ollama...
2026-03-06 18:16:59,854 [INFO] ollama_intel — Generating market intelligence for 2026-03-06...
2026-03-06 18:16:59,858 [INFO] ollama_intel — Read 162 opportunities for 2026-03-06
2026-03-06 18:16:59,858 [INFO] ollama_intel — Calling Ollama (attempt 1/2)...
2026-03-06 18:17:04,597 [WARNING] ollama_intel — Ollama response missing required fields: {'summary': "LATAM market analysis indicates a high concentration of opportunities in 'B' type pairs, driven by tight spreads between USDT and regional currencies. Notable patterns include an increase in 'active pairs' suggesting growing adoption and a lower 'data_quality', indicating potential for price discrepancies. Recommendation: Focus on arbitrage strategies targeting the 'USDT/ARS', 'USDT/COP', and 'USDT/MXN' pairs, prioritizing those with higher spreads.", 'risk_level': 'MEDIUM', 'notable_patterns': ['Growing adoption of regional currencies', 'Data quality concerns'], 'confidence': 0.85}
2026-03-06 18:17:04,598 [INFO] ollama_intel — Calling Ollama (attempt 2/2)...
2026-03-06 18:17:07,527 [WARNING] ollama_intel — Failed to parse Ollama JSON response: Expecting ',' delimiter: line 6 column 21 (char 552)
2026-03-06 18:17:07,527 [WARNING] ollama_intel — Ollama unavailable after 2 attempts: JSON parse error: Expecting ',' delimiter: line 6 column 21 (char 552)
2026-03-06 18:17:07,528 [INFO] ollama_intel — Market intelligence generated: unavailable
2026-03-06 18:17:07,528 [INFO] runner — Intelligence generated: unavailable
2026-03-06 18:17:07,528 [INFO] runner — Running ALFRED data quality check...
2026-03-06 18:17:07,528 [INFO] alfred — ALFRED: Running quality check on last 50 records...
2026-03-06 18:17:07,530 [INFO] alfred — ALFRED: dq_score 100.00% - OK
2026-03-06 18:17:07,532 [INFO] runner — Data quality: 100.00% (OK)
[2026-03-06 23:17:07 UTC] ✓ CYCLE #10 COMPLETED SUCCESSFULLY
[2026-03-06 23:17:07 UTC] ⏳ Waiting 20 minutes until next cycle...
[2026-03-06 23:17:07 UTC]    Next run at: 23:37:07 UTC
[2026-03-06 23:37:14 UTC] ─── CYCLE #11 START ───
[2026-03-06 23:38:01 UTC] STDOUT:
✅ DB inicializada: storage/batman.db

🦇 RISK SCORES TOP 10
SYM       VOL_Z   RISK REGIME
-----------------------------------
HLT        3.74   3.86 EXTREME
MAR        3.82   3.85 EXTREME
UAL        3.33   3.76 EXTREME
XLY        3.89   3.60 EXTREME
PEP        4.17   3.41 EXTREME
DKNG       3.71   3.35 EXTREME
XLK        3.49   3.31 EXTREME
TLT        4.09   3.25 EXTREME
DIS        3.92   3.19 EXTREME
FOXA       3.91   3.06 EXTREME
[scanner_cross] Scanning 3 pairs (threshold: 0.05%)...
  [scanner_cross] BTC: Binance $68229.07 | OKX $68230.00 | spread +0.0014%
  [scanner_cross] BTC: Skipped (spread 0.0014% < threshold 0.05%)
  [scanner_cross] ETH: Binance $1982.31 | OKX $1982.43 | spread +0.0061%
  [scanner_cross] ETH: Skipped (spread 0.0061% < threshold 0.05%)
  [scanner_cross] SOL: Binance $84.81 | OKX $84.80 | spread -0.0118%
  [scanner_cross] SOL: Skipped (spread 0.0118% < threshold 0.05%)
📡 Scanning P2P markets across LATAM...
  [scanner_p2p] Scanning USDT/MXN...
  [scanner_p2p] USDT/MXN: Buy $17.8840 | Spread +0.235% | EdgeNet +0.814% ✓ | Logged
  [scanner_p2p] Scanning USDT/COP...
  [scanner_p2p] USDT/COP: Buy $3754.5420 | Spread +0.030% | EdgeNet -0.454% ✗ | Logged (below threshold)
  [scanner_p2p] Scanning USDT/VES...
  [scanner_p2p] USDT/VES: Buy $611.8962 | Spread -1.285% | EdgeNet -0.911% ✗ | Logged
  [scanner_p2p] Scanning USDT/ARS...
  [scanner_p2p] USDT/ARS: Buy $1461.6820 | Spread +0.151% | EdgeNet +0.249% ✓ | Logged (below threshold)
📡 P2P scan complete: 4/4 pairs successful
[scanner_basis] Scanning BTCUSDT...
  [scanner_basis] Spot: $68229.06 | Futures: $68194.00 | Basis: -0.0514%
  [scanner_basis] Logged (basis 0.0514% >= threshold 0.02%)
Report saved: storage/reports/2026-03-06_23-38-01.json
Hash: 46e9d3c1773bf5022914c74cb7d9d32619cd9d957479066c130a7e9d730de7a4
Ollama: AVAILABLE
Data Quality: 100.00% (OK)
[2026-03-06 23:38:01 UTC] STDERR:
2026-03-06 18:37:18,343 [INFO] engine — ✓ equity QQQ
2026-03-06 18:37:18,682 [INFO] engine — ✓ equity IWM
2026-03-06 18:37:19,128 [INFO] engine — ✓ equity XLF
2026-03-06 18:37:19,373 [INFO] engine — ✓ equity XLK
2026-03-06 18:37:19,666 [INFO] engine — ✓ equity XLE
2026-03-06 18:37:20,004 [INFO] engine — ✓ equity XLY
2026-03-06 18:37:20,259 [INFO] engine — ✓ equity XLP
2026-03-06 18:37:20,554 [INFO] engine — ✓ equity GLD
2026-03-06 18:37:23,057 [INFO] engine — ✓ equity TLT
2026-03-06 18:37:23,345 [INFO] engine — ✓ equity HYG
2026-03-06 18:37:23,709 [INFO] engine — ✓ equity MAR
2026-03-06 18:37:23,972 [INFO] engine — ✓ equity HLT
2026-03-06 18:37:24,234 [INFO] engine — ✓ equity DAL
2026-03-06 18:37:24,537 [INFO] engine — ✓ equity UAL
2026-03-06 18:37:24,937 [INFO] engine — ✓ equity DIS
2026-03-06 18:37:25,334 [INFO] engine — ✓ equity FOXA
2026-03-06 18:37:26,721 [INFO] engine — ✓ crypto BTC/USDT
2026-03-06 18:37:26,740 [INFO] engine — ✓ equity MCD
2026-03-06 18:37:26,959 [INFO] engine — ✓ crypto ETH/USDT
2026-03-06 18:37:26,977 [INFO] engine — ✓ equity KO
2026-03-06 18:37:27,296 [INFO] engine — ✓ equity PEP
2026-03-06 18:37:27,538 [INFO] engine — ✓ equity DKNG
2026-03-06 18:37:27,731 [INFO] engine — ✓ crypto SOL/USDT
2026-03-06 18:37:52,213 [INFO] scanner_p2p — Pre-fetching spot rates for all LATAM currencies...
2026-03-06 18:37:52,214 [INFO] scanner_p2p — Fetching fresh spot rates for: MXN, COP, VES, ARS
2026-03-06 18:37:52,511 [INFO] scanner_p2p — Fetched 3/4 rates from open.er-api.com
2026-03-06 18:37:52,847 [INFO] scanner_p2p — VES parallel rate: 615.35 (dolarapi.com)
2026-03-06 18:37:53,477 [INFO] scanner_p2p — Using cached spot rates (age: 1s)
2026-03-06 18:37:54,098 [INFO] scanner_p2p — Using cached spot rates (age: 2s)
2026-03-06 18:37:54,724 [INFO] scanner_p2p — Using cached spot rates (age: 3s)
2026-03-06 18:37:55,605 [INFO] scanner_p2p — Using cached spot rates (age: 3s)
2026-03-06 18:37:56,094 [INFO] runner — Generating market intelligence with Ollama...
2026-03-06 18:37:56,094 [INFO] ollama_intel — Generating market intelligence for 2026-03-06...
2026-03-06 18:37:56,095 [INFO] ollama_intel — Read 167 opportunities for 2026-03-06
2026-03-06 18:37:56,096 [INFO] ollama_intel — Calling Ollama (attempt 1/2)...
2026-03-06 18:38:01,031 [INFO] ollama_intel — Successfully received AI analysis from Ollama
2026-03-06 18:38:01,032 [INFO] ollama_intel — Market intelligence generated: ok
2026-03-06 18:38:01,033 [INFO] runner — Intelligence generated: ok
2026-03-06 18:38:01,033 [INFO] runner — Running ALFRED data quality check...
2026-03-06 18:38:01,033 [INFO] alfred — ALFRED: Running quality check on last 50 records...
2026-03-06 18:38:01,034 [INFO] alfred — ALFRED: dq_score 100.00% - OK
2026-03-06 18:38:01,035 [INFO] runner — Data quality: 100.00% (OK)
[2026-03-06 23:38:01 UTC] ✓ CYCLE #11 COMPLETED SUCCESSFULLY
[2026-03-06 23:38:01 UTC] ⏳ Waiting 20 minutes until next cycle...
[2026-03-06 23:38:01 UTC]    Next run at: 23:58:01 UTC
[2026-03-06 23:58:06 UTC] ─── CYCLE #12 START ───
[2026-03-06 23:58:41 UTC] STDOUT:
✅ DB inicializada: storage/batman.db

🦇 RISK SCORES TOP 10
SYM       VOL_Z   RISK REGIME
-----------------------------------
HLT        3.74   3.86 EXTREME
MAR        3.82   3.85 EXTREME
UAL        3.33   3.76 EXTREME
XLY        3.89   3.60 EXTREME
PEP        4.17   3.41 EXTREME
DKNG       3.71   3.35 EXTREME
XLK        3.49   3.31 EXTREME
TLT        4.09   3.25 EXTREME
DIS        3.92   3.19 EXTREME
FOXA       3.91   3.06 EXTREME
[scanner_cross] Scanning 3 pairs (threshold: 0.05%)...
  [scanner_cross] BTC: Binance $68155.78 | OKX $68148.40 | spread -0.0108%
  [scanner_cross] BTC: Skipped (spread 0.0108% < threshold 0.05%)
  [scanner_cross] ETH: Binance $1979.18 | OKX $1979.36 | spread +0.0091%
  [scanner_cross] ETH: Skipped (spread 0.0091% < threshold 0.05%)
  [scanner_cross] SOL: Binance $84.74 | OKX $84.74 | spread +0.0000%
  [scanner_cross] SOL: Skipped (spread 0.0000% < threshold 0.05%)
📡 Scanning P2P markets across LATAM...
  [scanner_p2p] Scanning USDT/MXN...
  [scanner_p2p] USDT/MXN: Buy $17.8880 | Spread +0.247% | EdgeNet +0.837% ✓ | Logged
  [scanner_p2p] Scanning USDT/COP...
  [scanner_p2p] USDT/COP: Buy $3753.7420 | Spread -0.103% | EdgeNet -0.475% ✗ | Logged (below threshold)
  [scanner_p2p] Scanning USDT/VES...
  [scanner_p2p] USDT/VES: Buy $611.0956 | Spread -1.124% | EdgeNet -1.041% ✗ | Logged
  [scanner_p2p] Scanning USDT/ARS...
  [scanner_p2p] USDT/ARS: Buy $1461.4560 | Spread +0.142% | EdgeNet +0.234% ✓ | Logged (below threshold)
📡 P2P scan complete: 4/4 pairs successful
[scanner_basis] Scanning BTCUSDT...
  [scanner_basis] Spot: $68155.77 | Futures: $68116.60 | Basis: -0.0575%
  [scanner_basis] Logged (basis 0.0575% >= threshold 0.02%)
Report saved: storage/reports/2026-03-06_23-58-41.json
Hash: 2fb10e8e302400b7a92f209735eaf2ba81caf312947609ab08053eec3b9be348
Ollama: AVAILABLE
Data Quality: 100.00% (OK)
[2026-03-06 23:58:41 UTC] STDERR:
2026-03-06 18:58:09,952 [INFO] engine — ✓ equity QQQ
2026-03-06 18:58:10,200 [INFO] engine — ✓ equity IWM
2026-03-06 18:58:10,441 [INFO] engine — ✓ equity XLF
2026-03-06 18:58:10,691 [INFO] engine — ✓ equity XLK
2026-03-06 18:58:10,976 [INFO] engine — ✓ equity XLE
2026-03-06 18:58:11,220 [INFO] engine — ✓ equity XLY
2026-03-06 18:58:11,462 [INFO] engine — ✓ equity XLP
2026-03-06 18:58:11,754 [INFO] engine — ✓ equity GLD
2026-03-06 18:58:14,124 [INFO] engine — ✓ equity TLT
2026-03-06 18:58:14,372 [INFO] engine — ✓ equity HYG
2026-03-06 18:58:14,617 [INFO] engine — ✓ equity MAR
2026-03-06 18:58:14,903 [INFO] engine — ✓ equity HLT
2026-03-06 18:58:15,152 [INFO] engine — ✓ equity DAL
2026-03-06 18:58:15,442 [INFO] engine — ✓ equity UAL
2026-03-06 18:58:15,695 [INFO] engine — ✓ equity DIS
2026-03-06 18:58:15,980 [INFO] engine — ✓ equity FOXA
2026-03-06 18:58:17,879 [INFO] engine — ✓ crypto BTC/USDT
2026-03-06 18:58:17,906 [INFO] engine — ✓ crypto ETH/USDT
2026-03-06 18:58:17,926 [INFO] engine — ✓ crypto SOL/USDT
2026-03-06 18:58:18,214 [INFO] engine — ✓ equity MCD
2026-03-06 18:58:18,464 [INFO] engine — ✓ equity KO
2026-03-06 18:58:18,768 [INFO] engine — ✓ equity PEP
2026-03-06 18:58:19,023 [INFO] engine — ✓ equity DKNG
2026-03-06 18:58:31,090 [INFO] scanner_p2p — Pre-fetching spot rates for all LATAM currencies...
2026-03-06 18:58:31,091 [INFO] scanner_p2p — Fetching fresh spot rates for: MXN, COP, VES, ARS
2026-03-06 18:58:31,357 [INFO] scanner_p2p — Fetched 3/4 rates from open.er-api.com
2026-03-06 18:58:31,655 [INFO] scanner_p2p — VES parallel rate: 615.35 (dolarapi.com)
2026-03-06 18:58:32,304 [INFO] scanner_p2p — Using cached spot rates (age: 1s)
2026-03-06 18:58:32,923 [INFO] scanner_p2p — Using cached spot rates (age: 2s)
2026-03-06 18:58:33,535 [INFO] scanner_p2p — Using cached spot rates (age: 2s)
2026-03-06 18:58:34,414 [INFO] scanner_p2p — Using cached spot rates (age: 3s)
2026-03-06 18:58:35,245 [INFO] runner — Generating market intelligence with Ollama...
2026-03-06 18:58:35,246 [INFO] ollama_intel — Generating market intelligence for 2026-03-06...
2026-03-06 18:58:35,247 [INFO] ollama_intel — Read 172 opportunities for 2026-03-06
2026-03-06 18:58:35,248 [INFO] ollama_intel — Calling Ollama (attempt 1/2)...
2026-03-06 18:58:41,208 [INFO] ollama_intel — Successfully received AI analysis from Ollama
2026-03-06 18:58:41,208 [INFO] ollama_intel — Market intelligence generated: ok
2026-03-06 18:58:41,209 [INFO] runner — Intelligence generated: ok
2026-03-06 18:58:41,209 [INFO] runner — Running ALFRED data quality check...
2026-03-06 18:58:41,209 [INFO] alfred — ALFRED: Running quality check on last 50 records...
2026-03-06 18:58:41,211 [INFO] alfred — ALFRED: dq_score 100.00% - OK
2026-03-06 18:58:41,212 [INFO] runner — Data quality: 100.00% (OK)
[2026-03-06 23:58:41 UTC] ✓ CYCLE #12 COMPLETED SUCCESSFULLY
[2026-03-06 23:58:41 UTC] ⏳ Waiting 20 minutes until next cycle...
[2026-03-06 23:58:41 UTC]    Next run at: 00:18:41 UTC
[2026-03-07 00:18:50 UTC] ─── CYCLE #13 START ───
[2026-03-07 00:19:17 UTC] STDOUT:
✅ DB inicializada: storage/batman.db

🦇 RISK SCORES TOP 10
SYM       VOL_Z   RISK REGIME
-----------------------------------
HLT        3.74   3.86 EXTREME
MAR        3.82   3.85 EXTREME
UAL        3.33   3.76 EXTREME
XLY        3.89   3.60 EXTREME
PEP        4.17   3.41 EXTREME
DKNG       3.71   3.35 EXTREME
XLK        3.49   3.31 EXTREME
TLT        4.09   3.25 EXTREME
DIS        3.92   3.19 EXTREME
FOXA       3.91   3.06 EXTREME
[scanner_cross] Scanning 3 pairs (threshold: 0.05%)...
  [scanner_cross] BTC: Binance $68230.48 | OKX $68230.10 | spread -0.0006%
  [scanner_cross] BTC: Skipped (spread 0.0006% < threshold 0.05%)
  [scanner_cross] ETH: Binance $1981.14 | OKX $1981.10 | spread -0.0020%
  [scanner_cross] ETH: Skipped (spread 0.0020% < threshold 0.05%)
  [scanner_cross] SOL: Binance $84.85 | OKX $84.85 | spread +0.0000%
  [scanner_cross] SOL: Skipped (spread 0.0000% < threshold 0.05%)
📡 Scanning P2P markets across LATAM...
  [scanner_p2p] Scanning USDT/MXN...
  [scanner_p2p] USDT/MXN: Buy $17.8860 | Spread +0.224% | EdgeNet +0.305% ✓ | Logged
  [scanner_p2p] Scanning USDT/COP...
  [scanner_p2p] USDT/COP: Buy $3756.5000 | Spread -0.029% | EdgeNet -0.404% ✗ | Logged (below threshold)
  [scanner_p2p] Scanning USDT/VES...
  [scanner_p2p] USDT/VES: Buy $611.9620 | Spread -1.079% | EdgeNet -0.901% ✗ | Logged
  [scanner_p2p] Scanning USDT/ARS...
  [scanner_p2p] USDT/ARS: Buy $1461.5880 | Spread +0.154% | EdgeNet +0.243% ✓ | Logged (below threshold)
📡 P2P scan complete: 4/4 pairs successful
[scanner_basis] Scanning BTCUSDT...
  [scanner_basis] Spot: $68230.48 | Futures: $68199.00 | Basis: -0.0461%
  [scanner_basis] Logged (basis 0.0461% >= threshold 0.02%)
Report saved: storage/reports/2026-03-07_00-19-17.json
Hash: 35070938b074eb06bedc0e010e5d3603f8b0dd0466359e83f8ff9f99aa6c86d4
Ollama: AVAILABLE
Data Quality: 100.00% (OK)
[2026-03-07 00:19:17 UTC] STDERR:
2026-03-06 19:18:53,716 [INFO] engine — ✓ equity QQQ
2026-03-06 19:18:53,999 [INFO] engine — ✓ equity IWM
2026-03-06 19:18:54,244 [INFO] engine — ✓ equity XLF
2026-03-06 19:18:54,485 [INFO] engine — ✓ equity XLK
2026-03-06 19:18:54,763 [INFO] engine — ✓ equity XLE
2026-03-06 19:18:55,025 [INFO] engine — ✓ equity XLY
2026-03-06 19:18:55,268 [INFO] engine — ✓ equity XLP
2026-03-06 19:18:55,522 [INFO] engine — ✓ equity GLD
2026-03-06 19:18:57,881 [INFO] engine — ✓ equity TLT
2026-03-06 19:18:58,131 [INFO] engine — ✓ equity HYG
2026-03-06 19:18:58,392 [INFO] engine — ✓ equity MAR
2026-03-06 19:18:58,633 [INFO] engine — ✓ equity HLT
2026-03-06 19:18:58,922 [INFO] engine — ✓ equity DAL
2026-03-06 19:18:59,230 [INFO] engine — ✓ equity UAL
2026-03-06 19:18:59,538 [INFO] engine — ✓ equity DIS
2026-03-06 19:18:59,849 [INFO] engine — ✓ equity FOXA
2026-03-06 19:19:01,672 [INFO] engine — ✓ equity MCD
2026-03-06 19:19:01,979 [INFO] engine — ✓ equity KO
2026-03-06 19:19:02,030 [INFO] engine — ✓ crypto BTC/USDT
2026-03-06 19:19:02,073 [INFO] engine — ✓ crypto ETH/USDT
2026-03-06 19:19:02,089 [INFO] engine — ✓ crypto SOL/USDT
2026-03-06 19:19:02,276 [INFO] engine — ✓ equity PEP
2026-03-06 19:19:02,524 [INFO] engine — ✓ equity DKNG
2026-03-06 19:19:10,418 [INFO] scanner_p2p — Pre-fetching spot rates for all LATAM currencies...
2026-03-06 19:19:10,419 [INFO] scanner_p2p — Fetching fresh spot rates for: MXN, COP, VES, ARS
2026-03-06 19:19:10,701 [INFO] scanner_p2p — Fetched 3/4 rates from open.er-api.com
2026-03-06 19:19:11,003 [INFO] scanner_p2p — VES parallel rate: 615.35 (dolarapi.com)
2026-03-06 19:19:11,625 [INFO] scanner_p2p — Using cached spot rates (age: 1s)
2026-03-06 19:19:12,240 [INFO] scanner_p2p — Using cached spot rates (age: 2s)
2026-03-06 19:19:12,827 [INFO] scanner_p2p — Using cached spot rates (age: 2s)
2026-03-06 19:19:13,644 [INFO] scanner_p2p — Using cached spot rates (age: 3s)
2026-03-06 19:19:14,156 [INFO] runner — Generating market intelligence with Ollama...
2026-03-06 19:19:14,156 [INFO] ollama_intel — Generating market intelligence for 2026-03-07...
2026-03-06 19:19:14,158 [INFO] ollama_intel — Read 5 opportunities for 2026-03-07
2026-03-06 19:19:14,158 [INFO] ollama_intel — Calling Ollama (attempt 1/2)...
2026-03-06 19:19:17,506 [INFO] ollama_intel — Successfully received AI analysis from Ollama
2026-03-06 19:19:17,507 [INFO] ollama_intel — Market intelligence generated: ok
2026-03-06 19:19:17,507 [INFO] runner — Intelligence generated: ok
2026-03-06 19:19:17,507 [INFO] runner — Running ALFRED data quality check...
2026-03-06 19:19:17,507 [INFO] alfred — ALFRED: Running quality check on last 50 records...
2026-03-06 19:19:17,509 [INFO] alfred — ALFRED: dq_score 100.00% - OK
2026-03-06 19:19:17,510 [INFO] runner — Data quality: 100.00% (OK)
[2026-03-07 00:19:17 UTC] ✓ CYCLE #13 COMPLETED SUCCESSFULLY
[2026-03-07 00:19:17 UTC] ⏳ Waiting 20 minutes until next cycle...
[2026-03-07 00:19:17 UTC]    Next run at: 00:39:17 UTC
[2026-03-07 00:39:26 UTC] ─── CYCLE #14 START ───
[2026-03-07 00:40:06 UTC] STDOUT:
✅ DB inicializada: storage/batman.db

🦇 RISK SCORES TOP 10
SYM       VOL_Z   RISK REGIME
-----------------------------------
HLT        3.74   3.86 EXTREME
MAR        3.82   3.85 EXTREME
UAL        3.33   3.76 EXTREME
XLY        3.89   3.60 EXTREME
PEP        4.17   3.41 EXTREME
DKNG       3.71   3.35 EXTREME
XLK        3.49   3.31 EXTREME
TLT        4.09   3.25 EXTREME
DIS        3.92   3.19 EXTREME
FOXA       3.91   3.06 EXTREME
[scanner_cross] Scanning 3 pairs (threshold: 0.05%)...
  [scanner_cross] BTC: Binance $68290.95 | OKX $68283.30 | spread -0.0112%
  [scanner_cross] BTC: Skipped (spread 0.0112% < threshold 0.05%)
  [scanner_cross] ETH: Binance $1980.77 | OKX $1980.79 | spread +0.0010%
  [scanner_cross] ETH: Skipped (spread 0.0010% < threshold 0.05%)
  [scanner_cross] SOL: Binance $84.73 | OKX $84.73 | spread +0.0000%
  [scanner_cross] SOL: Skipped (spread 0.0000% < threshold 0.05%)
📡 Scanning P2P markets across LATAM...
  [scanner_p2p] Scanning USDT/MXN...
  [scanner_p2p] USDT/MXN: Buy $17.8920 | Spread +0.258% | EdgeNet +0.339% ✓ | Logged
  [scanner_p2p] Scanning USDT/COP...
  [scanner_p2p] USDT/COP: Buy $3757.1440 | Spread -0.012% | EdgeNet -0.387% ✗ | Logged (below threshold)
  [scanner_p2p] Scanning USDT/VES...
  [scanner_p2p] USDT/VES: Buy $612.6700 | Spread -0.904% | EdgeNet -0.786% ✗ | Logged
  [scanner_p2p] Scanning USDT/ARS...
  [scanner_p2p] USDT/ARS: Buy $1461.6960 | Spread +0.164% | EdgeNet +0.250% ✓ | Logged (below threshold)
📡 P2P scan complete: 4/4 pairs successful
[scanner_basis] Scanning BTCUSDT...
  [scanner_basis] Spot: $68290.95 | Futures: $68256.30 | Basis: -0.0507%
  [scanner_basis] Logged (basis 0.0507% >= threshold 0.02%)
Report saved: storage/reports/2026-03-07_00-40-06.json
Hash: 7f1f73c11f71fdad6e6055ce75e9783084c6eca863f99d3aaa88ca44ce525d95
Ollama: AVAILABLE
Data Quality: 100.00% (OK)
[2026-03-07 00:40:06 UTC] STDERR:
2026-03-06 19:39:29,947 [INFO] engine — ✓ equity QQQ
2026-03-06 19:39:30,193 [INFO] engine — ✓ equity IWM
2026-03-06 19:39:30,447 [INFO] engine — ✓ equity XLF
2026-03-06 19:39:30,788 [INFO] engine — ✓ equity XLK
2026-03-06 19:39:31,041 [INFO] engine — ✓ equity XLE
2026-03-06 19:39:31,288 [INFO] engine — ✓ equity XLY
2026-03-06 19:39:31,532 [INFO] engine — ✓ equity XLP
2026-03-06 19:39:31,794 [INFO] engine — ✓ equity GLD
2026-03-06 19:39:34,184 [INFO] engine — ✓ equity TLT
2026-03-06 19:39:34,429 [INFO] engine — ✓ equity HYG
2026-03-06 19:39:34,714 [INFO] engine — ✓ equity MAR
2026-03-06 19:39:34,993 [INFO] engine — ✓ equity HLT
2026-03-06 19:39:35,243 [INFO] engine — ✓ equity DAL
2026-03-06 19:39:35,548 [INFO] engine — ✓ equity UAL
2026-03-06 19:39:35,909 [INFO] engine — ✓ equity DIS
2026-03-06 19:39:36,142 [INFO] engine — ✓ equity FOXA
2026-03-06 19:39:37,817 [INFO] engine — ✓ crypto ETH/USDT
2026-03-06 19:39:37,831 [INFO] engine — ✓ crypto BTC/USDT
2026-03-06 19:39:37,945 [INFO] engine — ✓ equity MCD
2026-03-06 19:39:38,215 [INFO] engine — ✓ crypto SOL/USDT
2026-03-06 19:39:38,225 [INFO] engine — ✓ equity KO
2026-03-06 19:39:38,483 [INFO] engine — ✓ equity PEP
2026-03-06 19:39:38,831 [INFO] engine — ✓ equity DKNG
2026-03-06 19:39:58,396 [INFO] scanner_p2p — Pre-fetching spot rates for all LATAM currencies...
2026-03-06 19:39:58,397 [INFO] scanner_p2p — Fetching fresh spot rates for: MXN, COP, VES, ARS
2026-03-06 19:39:58,656 [INFO] scanner_p2p — Fetched 3/4 rates from open.er-api.com
2026-03-06 19:39:58,989 [INFO] scanner_p2p — VES parallel rate: 615.35 (dolarapi.com)
2026-03-06 19:39:59,635 [INFO] scanner_p2p — Using cached spot rates (age: 1s)
2026-03-06 19:40:00,240 [INFO] scanner_p2p — Using cached spot rates (age: 2s)
2026-03-06 19:40:00,950 [INFO] scanner_p2p — Using cached spot rates (age: 3s)
2026-03-06 19:40:01,816 [INFO] scanner_p2p — Using cached spot rates (age: 3s)
2026-03-06 19:40:02,352 [INFO] runner — Generating market intelligence with Ollama...
2026-03-06 19:40:02,352 [INFO] ollama_intel — Generating market intelligence for 2026-03-07...
2026-03-06 19:40:02,353 [INFO] ollama_intel — Read 10 opportunities for 2026-03-07
2026-03-06 19:40:02,353 [INFO] ollama_intel — Calling Ollama (attempt 1/2)...
2026-03-06 19:40:06,601 [INFO] ollama_intel — Successfully received AI analysis from Ollama
2026-03-06 19:40:06,602 [INFO] ollama_intel — Market intelligence generated: ok
2026-03-06 19:40:06,602 [INFO] runner — Intelligence generated: ok
2026-03-06 19:40:06,602 [INFO] runner — Running ALFRED data quality check...
2026-03-06 19:40:06,603 [INFO] alfred — ALFRED: Running quality check on last 50 records...
2026-03-06 19:40:06,604 [INFO] alfred — ALFRED: dq_score 100.00% - OK
2026-03-06 19:40:06,605 [INFO] runner — Data quality: 100.00% (OK)
[2026-03-07 00:40:06 UTC] ✓ CYCLE #14 COMPLETED SUCCESSFULLY
[2026-03-07 00:40:06 UTC] ⏳ Waiting 20 minutes until next cycle...
[2026-03-07 00:40:06 UTC]    Next run at: 01:00:06 UTC
[2026-03-07 01:00:15 UTC] ─── CYCLE #15 START ───
[2026-03-07 01:01:07 UTC] STDOUT:
✅ DB inicializada: storage/batman.db

🦇 RISK SCORES TOP 10
SYM       VOL_Z   RISK REGIME
-----------------------------------
HLT        3.74   3.86 EXTREME
MAR        3.82   3.85 EXTREME
UAL        3.33   3.76 EXTREME
XLY        3.89   3.60 EXTREME
PEP        4.17   3.41 EXTREME
DKNG       3.71   3.35 EXTREME
XLK        3.49   3.31 EXTREME
TLT        4.09   3.25 EXTREME
DIS        3.92   3.19 EXTREME
FOXA       3.91   3.06 EXTREME
[scanner_cross] Scanning 3 pairs (threshold: 0.05%)...
  [scanner_cross] BTC: Binance $68301.46 | OKX $68313.60 | spread +0.0178%
  [scanner_cross] BTC: Skipped (spread 0.0178% < threshold 0.05%)
  [scanner_cross] ETH: Binance $1982.30 | OKX $1982.27 | spread -0.0015%
  [scanner_cross] ETH: Skipped (spread 0.0015% < threshold 0.05%)
  [scanner_cross] SOL: Binance $84.78 | OKX $84.77 | spread -0.0118%
  [scanner_cross] SOL: Skipped (spread 0.0118% < threshold 0.05%)
📡 Scanning P2P markets across LATAM...
  [scanner_p2p] Scanning USDT/MXN...
  [scanner_p2p] USDT/MXN: Buy $17.8920 | Spread +0.190% | EdgeNet +0.339% ✓ | Logged (below threshold)
  [scanner_p2p] Scanning USDT/COP...
  [scanner_p2p] USDT/COP: Buy $3759.0000 | Spread +0.064% | EdgeNet -0.338% ✗ | Logged (below threshold)
  [scanner_p2p] Scanning USDT/VES...
  [scanner_p2p] USDT/VES: Buy $612.1000 | Spread -0.934% | EdgeNet -0.878% ✗ | Logged
  [scanner_p2p] Scanning USDT/ARS...
  [scanner_p2p] USDT/ARS: Buy $1462.5980 | Spread +0.162% | EdgeNet +0.313% ✓ | Logged (below threshold)
📡 P2P scan complete: 4/4 pairs successful
[scanner_basis] Scanning BTCUSDT...
  [scanner_basis] Spot: $68304.85 | Futures: $68266.50 | Basis: -0.0561%
  [scanner_basis] Logged (basis 0.0561% >= threshold 0.02%)
Report saved: storage/reports/2026-03-07_01-01-06.json
Hash: ef2a12f3ac70a4f7cc7f3553b310443783cfa8b4d9d12d9f6f24c69457ac86d4
Ollama: AVAILABLE
Data Quality: 100.00% (OK)
[2026-03-07 01:01:07 UTC] STDERR:
2026-03-06 20:00:19,605 [INFO] engine — ✓ equity QQQ
2026-03-06 20:00:19,991 [INFO] engine — ✓ equity IWM
2026-03-06 20:00:20,260 [INFO] engine — ✓ equity XLF
2026-03-06 20:00:20,555 [INFO] engine — ✓ equity XLK
2026-03-06 20:00:20,821 [INFO] engine — ✓ equity XLE
2026-03-06 20:00:21,093 [INFO] engine — ✓ equity XLY
2026-03-06 20:00:21,365 [INFO] engine — ✓ equity XLP
2026-03-06 20:00:21,638 [INFO] engine — ✓ equity GLD
2026-03-06 20:00:24,061 [INFO] engine — ✓ equity TLT
2026-03-06 20:00:24,335 [INFO] engine — ✓ equity HYG
2026-03-06 20:00:24,626 [INFO] engine — ✓ equity MAR
2026-03-06 20:00:24,892 [INFO] engine — ✓ equity HLT
2026-03-06 20:00:25,157 [INFO] engine — ✓ equity DAL
2026-03-06 20:00:25,453 [INFO] engine — ✓ equity UAL
2026-03-06 20:00:25,813 [INFO] engine — ✓ equity DIS
2026-03-06 20:00:26,152 [INFO] engine — ✓ equity FOXA
2026-03-06 20:00:27,981 [INFO] engine — ✓ equity MCD
2026-03-06 20:00:28,041 [INFO] engine — ✓ crypto ETH/USDT
2026-03-06 20:00:28,112 [INFO] engine — ✓ crypto BTC/USDT
2026-03-06 20:00:28,277 [INFO] engine — ✓ equity KO
2026-03-06 20:00:28,415 [INFO] engine — ✓ crypto SOL/USDT
2026-03-06 20:00:28,571 [INFO] engine — ✓ equity PEP
2026-03-06 20:00:28,850 [INFO] engine — ✓ equity DKNG
2026-03-06 20:00:58,819 [INFO] scanner_p2p — Pre-fetching spot rates for all LATAM currencies...
2026-03-06 20:00:58,820 [INFO] scanner_p2p — Fetching fresh spot rates for: MXN, COP, VES, ARS
2026-03-06 20:00:59,110 [INFO] scanner_p2p — Fetched 3/4 rates from open.er-api.com
2026-03-06 20:00:59,406 [INFO] scanner_p2p — VES parallel rate: 615.35 (dolarapi.com)
2026-03-06 20:01:00,074 [INFO] scanner_p2p — Using cached spot rates (age: 1s)
2026-03-06 20:01:00,722 [INFO] scanner_p2p — Using cached spot rates (age: 2s)
2026-03-06 20:01:01,361 [INFO] scanner_p2p — Using cached spot rates (age: 3s)
2026-03-06 20:01:02,251 [INFO] scanner_p2p — Using cached spot rates (age: 3s)
2026-03-06 20:01:02,785 [INFO] runner — Generating market intelligence with Ollama...
2026-03-06 20:01:02,785 [INFO] ollama_intel — Generating market intelligence for 2026-03-07...
2026-03-06 20:01:02,787 [INFO] ollama_intel — Read 15 opportunities for 2026-03-07
2026-03-06 20:01:02,787 [INFO] ollama_intel — Calling Ollama (attempt 1/2)...
2026-03-06 20:01:06,936 [INFO] ollama_intel — Successfully received AI analysis from Ollama
2026-03-06 20:01:06,937 [INFO] ollama_intel — Market intelligence generated: ok
2026-03-06 20:01:06,938 [INFO] runner — Intelligence generated: ok
2026-03-06 20:01:06,938 [INFO] runner — Running ALFRED data quality check...
2026-03-06 20:01:06,938 [INFO] alfred — ALFRED: Running quality check on last 50 records...
2026-03-06 20:01:06,940 [INFO] alfred — ALFRED: dq_score 100.00% - OK
2026-03-06 20:01:06,941 [INFO] runner — Data quality: 100.00% (OK)
[2026-03-07 01:01:07 UTC] ✓ CYCLE #15 COMPLETED SUCCESSFULLY
[2026-03-07 01:01:07 UTC] ⏳ Waiting 20 minutes until next cycle...
[2026-03-07 01:01:07 UTC]    Next run at: 01:21:07 UTC
[2026-03-07 01:21:16 UTC] ─── CYCLE #16 START ───
[2026-03-07 01:21:45 UTC] STDOUT:
✅ DB inicializada: storage/batman.db

🦇 RISK SCORES TOP 10
SYM       VOL_Z   RISK REGIME
-----------------------------------
HLT        3.74   3.86 EXTREME
MAR        3.82   3.85 EXTREME
UAL        3.33   3.76 EXTREME
XLY        3.89   3.60 EXTREME
PEP        4.17   3.41 EXTREME
DKNG       3.71   3.35 EXTREME
XLK        3.49   3.31 EXTREME
TLT        4.09   3.25 EXTREME
DIS        3.92   3.19 EXTREME
FOXA       3.91   3.06 EXTREME
[scanner_cross] Scanning 3 pairs (threshold: 0.05%)...
  [scanner_cross] BTC: Binance $68251.44 | OKX $68254.10 | spread +0.0039%
  [scanner_cross] BTC: Skipped (spread 0.0039% < threshold 0.05%)
  [scanner_cross] ETH: Binance $1979.63 | OKX $1979.59 | spread -0.0020%
  [scanner_cross] ETH: Skipped (spread 0.0020% < threshold 0.05%)
  [scanner_cross] SOL: Binance $84.75 | OKX $84.75 | spread +0.0000%
  [scanner_cross] SOL: Skipped (spread 0.0000% < threshold 0.05%)
📡 Scanning P2P markets across LATAM...
  [scanner_p2p] Scanning USDT/MXN...
  [scanner_p2p] USDT/MXN: Buy $17.8900 | Spread +0.146% | EdgeNet +0.328% ✓ | Logged (below threshold)
  [scanner_p2p] Scanning USDT/COP...
  [scanner_p2p] USDT/COP: Buy $3756.8000 | Spread +0.109% | EdgeNet -0.396% ✗ | Logged (below threshold)
  [scanner_p2p] Scanning USDT/VES...
  [scanner_p2p] USDT/VES: Buy $612.9998 | Spread -0.819% | EdgeNet -0.732% ✗ | Logged
  [scanner_p2p] Scanning USDT/ARS...
  [scanner_p2p] USDT/ARS: Buy $1464.1960 | Spread +0.264% | EdgeNet +0.423% ✓ | Logged
📡 P2P scan complete: 4/4 pairs successful
[scanner_basis] Scanning BTCUSDT...
  [scanner_basis] Spot: $68251.43 | Futures: $68222.40 | Basis: -0.0425%
  [scanner_basis] Logged (basis 0.0425% >= threshold 0.02%)
Report saved: storage/reports/2026-03-07_01-21-45.json
Hash: cb1a13af4f00da07c1b18204391a6a6c05e476607b74382b8857ac51497b4a60
Ollama: AVAILABLE
Data Quality: 100.00% (OK)
[2026-03-07 01:21:45 UTC] STDERR:
2026-03-06 20:21:19,981 [INFO] engine — ✓ equity QQQ
2026-03-06 20:21:20,236 [INFO] engine — ✓ equity IWM
2026-03-06 20:21:20,496 [INFO] engine — ✓ equity XLF
2026-03-06 20:21:20,746 [INFO] engine — ✓ equity XLK
2026-03-06 20:21:21,031 [INFO] engine — ✓ equity XLE
2026-03-06 20:21:21,280 [INFO] engine — ✓ equity XLY
2026-03-06 20:21:21,536 [INFO] engine — ✓ equity XLP
2026-03-06 20:21:21,790 [INFO] engine — ✓ equity GLD
2026-03-06 20:21:24,137 [INFO] engine — ✓ equity TLT
2026-03-06 20:21:24,481 [INFO] engine — ✓ equity HYG
2026-03-06 20:21:24,740 [INFO] engine — ✓ equity MAR
2026-03-06 20:21:24,997 [INFO] engine — ✓ equity HLT
2026-03-06 20:21:25,290 [INFO] engine — ✓ equity DAL
2026-03-06 20:21:25,580 [INFO] engine — ✓ equity UAL
2026-03-06 20:21:25,829 [INFO] engine — ✓ equity DIS
2026-03-06 20:21:26,064 [INFO] engine — ✓ equity FOXA
2026-03-06 20:21:27,361 [INFO] engine — ✓ crypto BTC/USDT
2026-03-06 20:21:27,486 [INFO] engine — ✓ equity MCD
2026-03-06 20:21:27,705 [INFO] engine — ✓ crypto ETH/USDT
2026-03-06 20:21:27,758 [INFO] engine — ✓ equity KO
2026-03-06 20:21:27,937 [INFO] engine — ✓ crypto SOL/USDT
2026-03-06 20:21:28,007 [INFO] engine — ✓ equity PEP
2026-03-06 20:21:28,251 [INFO] engine — ✓ equity DKNG
2026-03-06 20:21:37,182 [INFO] scanner_p2p — Pre-fetching spot rates for all LATAM currencies...
2026-03-06 20:21:37,182 [INFO] scanner_p2p — Fetching fresh spot rates for: MXN, COP, VES, ARS
2026-03-06 20:21:37,434 [INFO] scanner_p2p — Fetched 3/4 rates from open.er-api.com
2026-03-06 20:21:37,719 [INFO] scanner_p2p — VES parallel rate: 615.35 (dolarapi.com)
2026-03-06 20:21:38,354 [INFO] scanner_p2p — Using cached spot rates (age: 1s)
2026-03-06 20:21:38,974 [INFO] scanner_p2p — Using cached spot rates (age: 2s)
2026-03-06 20:21:39,593 [INFO] scanner_p2p — Using cached spot rates (age: 2s)
2026-03-06 20:21:40,490 [INFO] scanner_p2p — Using cached spot rates (age: 3s)
2026-03-06 20:21:40,994 [INFO] runner — Generating market intelligence with Ollama...
2026-03-06 20:21:40,994 [INFO] ollama_intel — Generating market intelligence for 2026-03-07...
2026-03-06 20:21:40,997 [INFO] ollama_intel — Read 20 opportunities for 2026-03-07
2026-03-06 20:21:40,997 [INFO] ollama_intel — Calling Ollama (attempt 1/2)...
2026-03-06 20:21:45,046 [INFO] ollama_intel — Successfully received AI analysis from Ollama
2026-03-06 20:21:45,047 [INFO] ollama_intel — Market intelligence generated: ok
2026-03-06 20:21:45,047 [INFO] runner — Intelligence generated: ok
2026-03-06 20:21:45,047 [INFO] runner — Running ALFRED data quality check...
2026-03-06 20:21:45,048 [INFO] alfred — ALFRED: Running quality check on last 50 records...
2026-03-06 20:21:45,049 [INFO] alfred — ALFRED: dq_score 100.00% - OK
2026-03-06 20:21:45,051 [INFO] runner — Data quality: 100.00% (OK)
[2026-03-07 01:21:45 UTC] ✓ CYCLE #16 COMPLETED SUCCESSFULLY
[2026-03-07 01:21:45 UTC] ⏳ Waiting 20 minutes until next cycle...
[2026-03-07 01:21:45 UTC]    Next run at: 01:41:45 UTC
[2026-03-07 01:41:53 UTC] ─── CYCLE #17 START ───
[2026-03-07 01:42:27 UTC] STDOUT:
✅ DB inicializada: storage/batman.db

🦇 RISK SCORES TOP 10
SYM       VOL_Z   RISK REGIME
-----------------------------------
HLT        3.74   3.86 EXTREME
MAR        3.82   3.85 EXTREME
UAL        3.33   3.76 EXTREME
XLY        3.89   3.60 EXTREME
PEP        4.17   3.41 EXTREME
DKNG       3.71   3.35 EXTREME
XLK        3.49   3.31 EXTREME
TLT        4.09   3.25 EXTREME
DIS        3.92   3.19 EXTREME
FOXA       3.91   3.06 EXTREME
[scanner_cross] Scanning 3 pairs (threshold: 0.05%)...
  [scanner_cross] BTC: Binance $68251.61 | OKX $68245.30 | spread -0.0092%
  [scanner_cross] BTC: Skipped (spread 0.0092% < threshold 0.05%)
  [scanner_cross] ETH: Binance $1977.98 | OKX $1977.82 | spread -0.0081%
  [scanner_cross] ETH: Skipped (spread 0.0081% < threshold 0.05%)
  [scanner_cross] SOL: Binance $84.70 | OKX $84.69 | spread -0.0118%
  [scanner_cross] SOL: Skipped (spread 0.0118% < threshold 0.05%)
📡 Scanning P2P markets across LATAM...
  [scanner_p2p] Scanning USDT/MXN...
  [scanner_p2p] USDT/MXN: Buy $17.8900 | Spread +0.101% | EdgeNet +0.328% ✓ | Logged (below threshold)
  [scanner_p2p] Scanning USDT/COP...
  [scanner_p2p] USDT/COP: Buy $3758.8000 | Spread +0.212% | EdgeNet -0.343% ✗ | Logged
  [scanner_p2p] Scanning USDT/VES...
  [scanner_p2p] USDT/VES: Buy $612.9596 | Spread -0.952% | EdgeNet -0.738% ✗ | Logged
  [scanner_p2p] Scanning USDT/ARS...
  [scanner_p2p] USDT/ARS: Buy $1464.5980 | Spread +0.268% | EdgeNet +0.450% ✓ | Logged
📡 P2P scan complete: 4/4 pairs successful
[scanner_basis] Scanning BTCUSDT...
  [scanner_basis] Spot: $68251.61 | Futures: $68218.50 | Basis: -0.0485%
  [scanner_basis] Logged (basis 0.0485% >= threshold 0.02%)
Report saved: storage/reports/2026-03-07_01-42-27.json
Hash: c1c55a61bc81d93432d4a3bb5caed5ca1e791b8b4d427b74f78113b381a41df8
Ollama: AVAILABLE
Data Quality: 100.00% (OK)
[2026-03-07 01:42:27 UTC] STDERR:
2026-03-06 20:41:57,258 [INFO] engine — ✓ equity QQQ
2026-03-06 20:41:57,535 [INFO] engine — ✓ equity IWM
2026-03-06 20:41:57,798 [INFO] engine — ✓ equity XLF
2026-03-06 20:41:58,045 [INFO] engine — ✓ equity XLK
2026-03-06 20:41:58,289 [INFO] engine — ✓ equity XLE
2026-03-06 20:41:58,624 [INFO] engine — ✓ equity XLY
2026-03-06 20:41:58,885 [INFO] engine — ✓ equity XLP
2026-03-06 20:41:59,179 [INFO] engine — ✓ equity GLD
2026-03-06 20:42:01,918 [INFO] engine — ✓ equity TLT
2026-03-06 20:42:02,182 [INFO] engine — ✓ equity HYG
2026-03-06 20:42:02,461 [INFO] engine — ✓ equity MAR
2026-03-06 20:42:02,708 [INFO] engine — ✓ equity HLT
2026-03-06 20:42:02,993 [INFO] engine — ✓ equity DAL
2026-03-06 20:42:03,334 [INFO] engine — ✓ equity UAL
2026-03-06 20:42:03,585 [INFO] engine — ✓ equity DIS
2026-03-06 20:42:03,852 [INFO] engine — ✓ equity FOXA
2026-03-06 20:42:05,520 [INFO] engine — ✓ equity MCD
2026-03-06 20:42:05,647 [INFO] engine — ✓ crypto BTC/USDT
2026-03-06 20:42:05,688 [INFO] engine — ✓ crypto ETH/USDT
2026-03-06 20:42:05,688 [INFO] engine — ✓ crypto SOL/USDT
2026-03-06 20:42:05,812 [INFO] engine — ✓ equity KO
2026-03-06 20:42:06,090 [INFO] engine — ✓ equity PEP
2026-03-06 20:42:06,341 [INFO] engine — ✓ equity DKNG
2026-03-06 20:42:19,301 [INFO] scanner_p2p — Pre-fetching spot rates for all LATAM currencies...
2026-03-06 20:42:19,301 [INFO] scanner_p2p — Fetching fresh spot rates for: MXN, COP, VES, ARS
2026-03-06 20:42:19,556 [INFO] scanner_p2p — Fetched 3/4 rates from open.er-api.com
2026-03-06 20:42:19,903 [INFO] scanner_p2p — VES parallel rate: 615.35 (dolarapi.com)
2026-03-06 20:42:20,630 [INFO] scanner_p2p — Using cached spot rates (age: 1s)
2026-03-06 20:42:21,247 [INFO] scanner_p2p — Using cached spot rates (age: 2s)
2026-03-06 20:42:21,852 [INFO] scanner_p2p — Using cached spot rates (age: 3s)
2026-03-06 20:42:22,787 [INFO] scanner_p2p — Using cached spot rates (age: 3s)
2026-03-06 20:42:23,285 [INFO] runner — Generating market intelligence with Ollama...
2026-03-06 20:42:23,285 [INFO] ollama_intel — Generating market intelligence for 2026-03-07...
2026-03-06 20:42:23,287 [INFO] ollama_intel — Read 25 opportunities for 2026-03-07
2026-03-06 20:42:23,287 [INFO] ollama_intel — Calling Ollama (attempt 1/2)...
2026-03-06 20:42:27,316 [INFO] ollama_intel — Successfully received AI analysis from Ollama
2026-03-06 20:42:27,317 [INFO] ollama_intel — Market intelligence generated: ok
2026-03-06 20:42:27,317 [INFO] runner — Intelligence generated: ok
2026-03-06 20:42:27,317 [INFO] runner — Running ALFRED data quality check...
2026-03-06 20:42:27,317 [INFO] alfred — ALFRED: Running quality check on last 50 records...
2026-03-06 20:42:27,319 [INFO] alfred — ALFRED: dq_score 100.00% - OK
2026-03-06 20:42:27,320 [INFO] runner — Data quality: 100.00% (OK)
[2026-03-07 01:42:27 UTC] ✓ CYCLE #17 COMPLETED SUCCESSFULLY
[2026-03-07 01:42:27 UTC] ⏳ Waiting 20 minutes until next cycle...
[2026-03-07 01:42:27 UTC]    Next run at: 02:02:27 UTC
[2026-03-07 02:02:36 UTC] ─── CYCLE #18 START ───
[2026-03-07 02:03:19 UTC] STDOUT:
✅ DB inicializada: storage/batman.db

🦇 RISK SCORES TOP 10
SYM       VOL_Z   RISK REGIME
-----------------------------------
HLT        3.74   3.86 EXTREME
MAR        3.82   3.85 EXTREME
UAL        3.33   3.76 EXTREME
XLY        3.89   3.60 EXTREME
PEP        4.17   3.41 EXTREME
DKNG       3.71   3.35 EXTREME
XLK        3.49   3.31 EXTREME
TLT        4.09   3.25 EXTREME
DIS        3.92   3.19 EXTREME
FOXA       3.91   3.06 EXTREME
[scanner_cross] Scanning 3 pairs (threshold: 0.05%)...
  [scanner_cross] BTC: Binance $68237.37 | OKX $68228.30 | spread -0.0133%
  [scanner_cross] BTC: Skipped (spread 0.0133% < threshold 0.05%)
  [scanner_cross] ETH: Binance $1980.30 | OKX $1980.10 | spread -0.0101%
  [scanner_cross] ETH: Skipped (spread 0.0101% < threshold 0.05%)
  [scanner_cross] SOL: Binance $84.66 | OKX $84.65 | spread -0.0118%
  [scanner_cross] SOL: Skipped (spread 0.0118% < threshold 0.05%)
📡 Scanning P2P markets across LATAM...
  [scanner_p2p] Scanning USDT/MXN...
  [scanner_p2p] USDT/MXN: Buy $17.8900 | Spread +0.157% | EdgeNet +0.328% ✓ | Logged (below threshold)
  [scanner_p2p] Scanning USDT/COP...
  [scanner_p2p] USDT/COP: Buy $3757.7980 | Spread +0.059% | EdgeNet -0.370% ✗ | Logged (below threshold)
  [scanner_p2p] Scanning USDT/VES...
  [scanner_p2p] USDT/VES: Buy $613.4678 | Spread -0.856% | EdgeNet -0.656% ✗ | Logged
  [scanner_p2p] Scanning USDT/ARS...
  [scanner_p2p] USDT/ARS: Buy $1464.9780 | Spread +0.213% | EdgeNet +0.476% ✓ | Logged
📡 P2P scan complete: 4/4 pairs successful
[scanner_basis] Scanning BTCUSDT...
  [scanner_basis] Spot: $68243.61 | Futures: $68198.20 | Basis: -0.0665%
  [scanner_basis] Logged (basis 0.0665% >= threshold 0.02%)
Report saved: storage/reports/2026-03-07_02-03-19.json
Hash: a86075ea7a51d739c1dc6c7125b901045141b087784d101bb083f3c3ca06a256
Ollama: AVAILABLE
Data Quality: 100.00% (OK)
[2026-03-07 02:03:19 UTC] STDERR:
2026-03-06 21:02:40,125 [INFO] engine — ✓ equity QQQ
2026-03-06 21:02:40,418 [INFO] engine — ✓ equity IWM
2026-03-06 21:02:40,672 [INFO] engine — ✓ equity XLF
2026-03-06 21:02:40,920 [INFO] engine — ✓ equity XLK
2026-03-06 21:02:41,170 [INFO] engine — ✓ equity XLE
2026-03-06 21:02:41,501 [INFO] engine — ✓ equity XLY
2026-03-06 21:02:41,756 [INFO] engine — ✓ equity XLP
2026-03-06 21:02:42,067 [INFO] engine — ✓ equity GLD
2026-03-06 21:02:44,492 [INFO] engine — ✓ equity TLT
2026-03-06 21:02:44,745 [INFO] engine — ✓ equity HYG
2026-03-06 21:02:44,998 [INFO] engine — ✓ equity MAR
2026-03-06 21:02:45,278 [INFO] engine — ✓ equity HLT
2026-03-06 21:02:45,523 [INFO] engine — ✓ equity DAL
2026-03-06 21:02:45,819 [INFO] engine — ✓ equity UAL
2026-03-06 21:02:46,059 [INFO] engine — ✓ equity DIS
2026-03-06 21:02:46,305 [INFO] engine — ✓ equity FOXA
2026-03-06 21:02:49,646 [INFO] engine — ✓ crypto ETH/USDT
2026-03-06 21:02:49,721 [INFO] engine — ✓ equity MCD
2026-03-06 21:02:49,990 [INFO] engine — ✓ equity KO
2026-03-06 21:02:50,248 [INFO] engine — ✓ equity PEP
2026-03-06 21:02:50,502 [INFO] engine — ✓ equity DKNG
2026-03-06 21:02:53,604 [INFO] engine — ✓ crypto BTC/USDT
2026-03-06 21:02:56,350 [INFO] engine — ✓ crypto SOL/USDT
2026-03-06 21:03:09,801 [INFO] scanner_p2p — Pre-fetching spot rates for all LATAM currencies...
2026-03-06 21:03:09,801 [INFO] scanner_p2p — Fetching fresh spot rates for: MXN, COP, VES, ARS
2026-03-06 21:03:10,063 [INFO] scanner_p2p — Fetched 3/4 rates from open.er-api.com
2026-03-06 21:03:10,392 [INFO] scanner_p2p — VES parallel rate: 615.35 (dolarapi.com)
2026-03-06 21:03:11,020 [INFO] scanner_p2p — Using cached spot rates (age: 1s)
2026-03-06 21:03:11,632 [INFO] scanner_p2p — Using cached spot rates (age: 2s)
2026-03-06 21:03:12,242 [INFO] scanner_p2p — Using cached spot rates (age: 2s)
2026-03-06 21:03:13,111 [INFO] scanner_p2p — Using cached spot rates (age: 3s)
2026-03-06 21:03:13,615 [INFO] runner — Generating market intelligence with Ollama...
2026-03-06 21:03:13,616 [INFO] ollama_intel — Generating market intelligence for 2026-03-07...
2026-03-06 21:03:13,618 [INFO] ollama_intel — Read 30 opportunities for 2026-03-07
2026-03-06 21:03:13,618 [INFO] ollama_intel — Calling Ollama (attempt 1/2)...
2026-03-06 21:03:19,272 [INFO] ollama_intel — Successfully received AI analysis from Ollama
2026-03-06 21:03:19,273 [INFO] ollama_intel — Market intelligence generated: ok
2026-03-06 21:03:19,274 [INFO] runner — Intelligence generated: ok
2026-03-06 21:03:19,274 [INFO] runner — Running ALFRED data quality check...
2026-03-06 21:03:19,274 [INFO] alfred — ALFRED: Running quality check on last 50 records...
2026-03-06 21:03:19,275 [INFO] alfred — ALFRED: dq_score 100.00% - OK
2026-03-06 21:03:19,276 [INFO] runner — Data quality: 100.00% (OK)
[2026-03-07 02:03:19 UTC] ✓ CYCLE #18 COMPLETED SUCCESSFULLY
[2026-03-07 02:03:19 UTC] ⏳ Waiting 20 minutes until next cycle...
[2026-03-07 02:03:19 UTC]    Next run at: 02:23:19 UTC
[2026-03-07 02:23:28 UTC] ─── CYCLE #19 START ───
[2026-03-07 02:24:02 UTC] STDOUT:
✅ DB inicializada: storage/batman.db

🦇 RISK SCORES TOP 10
SYM       VOL_Z   RISK REGIME
-----------------------------------
HLT        3.74   3.86 EXTREME
MAR        3.82   3.85 EXTREME
UAL        3.33   3.76 EXTREME
XLY        3.89   3.60 EXTREME
PEP        4.17   3.41 EXTREME
DKNG       3.71   3.35 EXTREME
XLK        3.49   3.31 EXTREME
TLT        4.09   3.25 EXTREME
DIS        3.92   3.19 EXTREME
FOXA       3.91   3.06 EXTREME
[scanner_cross] Scanning 3 pairs (threshold: 0.05%)...
  [scanner_cross] BTC: Binance $68124.00 | OKX $68114.60 | spread -0.0138%
  [scanner_cross] BTC: Skipped (spread 0.0138% < threshold 0.05%)
  [scanner_cross] ETH: Binance $1976.54 | OKX $1976.25 | spread -0.0147%
  [scanner_cross] ETH: Skipped (spread 0.0147% < threshold 0.05%)
  [scanner_cross] SOL: Binance $84.45 | OKX $84.45 | spread +0.0000%
  [scanner_cross] SOL: Skipped (spread 0.0000% < threshold 0.05%)
📡 Scanning P2P markets across LATAM...
  [scanner_p2p] Scanning USDT/MXN...
  [scanner_p2p] USDT/MXN: Buy $17.8880 | Spread +0.112% | EdgeNet +0.317% ✓ | Logged (below threshold)
  [scanner_p2p] Scanning USDT/COP...
  [scanner_p2p] USDT/COP: Buy $3760.7180 | Spread +0.195% | EdgeNet -0.292% ✗ | Logged (below threshold)
  [scanner_p2p] Scanning USDT/VES...
  [scanner_p2p] USDT/VES: Buy $613.5100 | Spread -0.809% | EdgeNet -0.649% ✗ | Logged
  [scanner_p2p] Scanning USDT/ARS...
  [scanner_p2p] USDT/ARS: Buy $1464.9740 | Spread +0.241% | EdgeNet +0.476% ✓ | Logged
📡 P2P scan complete: 4/4 pairs successful
[scanner_basis] Scanning BTCUSDT...
  [scanner_basis] Spot: $68120.36 | Futures: $68080.00 | Basis: -0.0592%
  [scanner_basis] Logged (basis 0.0592% >= threshold 0.02%)
Report saved: storage/reports/2026-03-07_02-24-02.json
Hash: 9503f1ff461a9d13a0f742ab35c2d22b3facbb713b94f0d97ec6155e0cf85421
Ollama: AVAILABLE
Data Quality: 100.00% (OK)
[2026-03-07 02:24:02 UTC] STDERR:
2026-03-06 21:23:31,950 [INFO] engine — ✓ equity QQQ
2026-03-06 21:23:32,196 [INFO] engine — ✓ equity IWM
2026-03-06 21:23:32,446 [INFO] engine — ✓ equity XLF
2026-03-06 21:23:32,695 [INFO] engine — ✓ equity XLK
2026-03-06 21:23:32,940 [INFO] engine — ✓ equity XLE
2026-03-06 21:23:33,181 [INFO] engine — ✓ equity XLY
2026-03-06 21:23:33,432 [INFO] engine — ✓ equity XLP
2026-03-06 21:23:33,688 [INFO] engine — ✓ equity GLD
2026-03-06 21:23:36,016 [INFO] engine — ✓ equity TLT
2026-03-06 21:23:36,275 [INFO] engine — ✓ equity HYG
2026-03-06 21:23:36,515 [INFO] engine — ✓ equity MAR
2026-03-06 21:23:36,762 [INFO] engine — ✓ equity HLT
2026-03-06 21:23:37,055 [INFO] engine — ✓ equity DAL
2026-03-06 21:23:37,352 [INFO] engine — ✓ equity UAL
2026-03-06 21:23:37,606 [INFO] engine — ✓ equity DIS
2026-03-06 21:23:37,918 [INFO] engine — ✓ equity FOXA
2026-03-06 21:23:39,585 [INFO] engine — ✓ equity MCD
2026-03-06 21:23:39,925 [INFO] engine — ✓ equity KO
2026-03-06 21:23:40,016 [INFO] engine — ✓ crypto ETH/USDT
2026-03-06 21:23:40,054 [INFO] engine — ✓ crypto SOL/USDT
2026-03-06 21:23:40,054 [INFO] engine — ✓ crypto BTC/USDT
2026-03-06 21:23:40,161 [INFO] engine — ✓ equity PEP
2026-03-06 21:23:40,458 [INFO] engine — ✓ equity DKNG
2026-03-06 21:23:53,795 [INFO] scanner_p2p — Pre-fetching spot rates for all LATAM currencies...
2026-03-06 21:23:53,795 [INFO] scanner_p2p — Fetching fresh spot rates for: MXN, COP, VES, ARS
2026-03-06 21:23:54,077 [INFO] scanner_p2p — Fetched 3/4 rates from open.er-api.com
2026-03-06 21:23:54,396 [INFO] scanner_p2p — VES parallel rate: 615.35 (dolarapi.com)
2026-03-06 21:23:55,027 [INFO] scanner_p2p — Using cached spot rates (age: 1s)
2026-03-06 21:23:55,630 [INFO] scanner_p2p — Using cached spot rates (age: 2s)
2026-03-06 21:23:56,260 [INFO] scanner_p2p — Using cached spot rates (age: 2s)
2026-03-06 21:23:57,154 [INFO] scanner_p2p — Using cached spot rates (age: 3s)
2026-03-06 21:23:57,991 [INFO] runner — Generating market intelligence with Ollama...
2026-03-06 21:23:57,992 [INFO] ollama_intel — Generating market intelligence for 2026-03-07...
2026-03-06 21:23:57,994 [INFO] ollama_intel — Read 35 opportunities for 2026-03-07
2026-03-06 21:23:57,994 [INFO] ollama_intel — Calling Ollama (attempt 1/2)...
2026-03-06 21:24:02,147 [INFO] ollama_intel — Successfully received AI analysis from Ollama
2026-03-06 21:24:02,148 [INFO] ollama_intel — Market intelligence generated: ok
2026-03-06 21:24:02,148 [INFO] runner — Intelligence generated: ok
2026-03-06 21:24:02,148 [INFO] runner — Running ALFRED data quality check...
2026-03-06 21:24:02,148 [INFO] alfred — ALFRED: Running quality check on last 50 records...
2026-03-06 21:24:02,150 [INFO] alfred — ALFRED: dq_score 100.00% - OK
2026-03-06 21:24:02,151 [INFO] runner — Data quality: 100.00% (OK)
[2026-03-07 02:24:02 UTC] ✓ CYCLE #19 COMPLETED SUCCESSFULLY
[2026-03-07 02:24:02 UTC] ⏳ Waiting 20 minutes until next cycle...
[2026-03-07 02:24:02 UTC]    Next run at: 02:44:02 UTC
[2026-03-07 02:44:11 UTC] ─── CYCLE #20 START ───
[2026-03-07 02:45:04 UTC] STDOUT:
✅ DB inicializada: storage/batman.db

🦇 RISK SCORES TOP 10
SYM       VOL_Z   RISK REGIME
-----------------------------------
HLT        3.74   3.86 EXTREME
MAR        3.82   3.85 EXTREME
UAL        3.33   3.76 EXTREME
XLY        3.89   3.60 EXTREME
PEP        4.17   3.41 EXTREME
DKNG       3.71   3.35 EXTREME
XLK        3.49   3.31 EXTREME
TLT        4.09   3.25 EXTREME
DIS        3.92   3.19 EXTREME
FOXA       3.91   3.06 EXTREME
[scanner_cross] Scanning 3 pairs (threshold: 0.05%)...
  [scanner_cross] BTC: Binance $68165.74 | OKX $68172.50 | spread +0.0099%
  [scanner_cross] BTC: Skipped (spread 0.0099% < threshold 0.05%)
  [scanner_cross] ETH: Binance $1976.45 | OKX $1976.43 | spread -0.0010%
  [scanner_cross] ETH: Skipped (spread 0.0010% < threshold 0.05%)
  [scanner_cross] SOL: Binance $84.49 | OKX $84.50 | spread +0.0118%
  [scanner_cross] SOL: Skipped (spread 0.0118% < threshold 0.05%)
📡 Scanning P2P markets across LATAM...
  [scanner_p2p] Scanning USDT/MXN...
  [scanner_p2p] USDT/MXN: Buy $17.8960 | Spread +0.157% | EdgeNet +0.362% ✓ | Logged (below threshold)
  [scanner_p2p] Scanning USDT/COP...
  [scanner_p2p] USDT/COP: Buy $3758.1440 | Spread +0.094% | EdgeNet -0.360% ✗ | Logged (below threshold)
  [scanner_p2p] Scanning USDT/VES...
  [scanner_p2p] USDT/VES: Buy $613.5796 | Spread -0.837% | EdgeNet -0.638% ✗ | Logged
  [scanner_p2p] Scanning USDT/ARS...
  [scanner_p2p] USDT/ARS: Buy $1464.5760 | Spread +0.172% | EdgeNet +0.449% ✓ | Logged (below threshold)
📡 P2P scan complete: 4/4 pairs successful
[scanner_basis] Scanning BTCUSDT...
  [scanner_basis] Spot: $68166.87 | Futures: $68144.80 | Basis: -0.0324%
  [scanner_basis] Logged (basis 0.0324% >= threshold 0.02%)
Report saved: storage/reports/2026-03-07_02-45-04.json
Hash: 14ae5f70138252538754358e692959d976383a7b6a13301ef44bbc74d3cc5cd8
Ollama: AVAILABLE
Data Quality: 100.00% (OK)
[2026-03-07 02:45:04 UTC] STDERR:
2026-03-06 21:44:14,718 [INFO] engine — ✓ equity QQQ
2026-03-06 21:44:15,058 [INFO] engine — ✓ equity IWM
2026-03-06 21:44:15,344 [INFO] engine — ✓ equity XLF
2026-03-06 21:44:15,592 [INFO] engine — ✓ equity XLK
2026-03-06 21:44:15,851 [INFO] engine — ✓ equity XLE
2026-03-06 21:44:16,101 [INFO] engine — ✓ equity XLY
2026-03-06 21:44:16,362 [INFO] engine — ✓ equity XLP
2026-03-06 21:44:16,616 [INFO] engine — ✓ equity GLD
2026-03-06 21:44:19,064 [INFO] engine — ✓ equity TLT
2026-03-06 21:44:19,398 [INFO] engine — ✓ equity HYG
2026-03-06 21:44:19,796 [INFO] engine — ✓ equity MAR
2026-03-06 21:44:20,042 [INFO] engine — ✓ equity HLT
2026-03-06 21:44:20,386 [INFO] engine — ✓ equity DAL
2026-03-06 21:44:20,691 [INFO] engine — ✓ equity UAL
2026-03-06 21:44:20,989 [INFO] engine — ✓ equity DIS
2026-03-06 21:44:21,315 [INFO] engine — ✓ equity FOXA
2026-03-06 21:44:23,119 [INFO] engine — ✓ equity MCD
2026-03-06 21:44:23,229 [INFO] engine — ✓ crypto BTC/USDT
2026-03-06 21:44:23,229 [INFO] engine — ✓ crypto ETH/USDT
2026-03-06 21:44:23,370 [INFO] engine — ✓ equity KO
2026-03-06 21:44:23,652 [INFO] engine — ✓ crypto SOL/USDT
2026-03-06 21:44:23,661 [INFO] engine — ✓ equity PEP
2026-03-06 21:44:23,932 [INFO] engine — ✓ equity DKNG
2026-03-06 21:44:53,838 [INFO] scanner_p2p — Pre-fetching spot rates for all LATAM currencies...
2026-03-06 21:44:53,839 [INFO] scanner_p2p — Fetching fresh spot rates for: MXN, COP, VES, ARS
2026-03-06 21:44:54,109 [INFO] scanner_p2p — Fetched 3/4 rates from open.er-api.com
2026-03-06 21:44:54,423 [INFO] scanner_p2p — VES parallel rate: 615.35 (dolarapi.com)
2026-03-06 21:44:55,169 [INFO] scanner_p2p — Using cached spot rates (age: 1s)
2026-03-06 21:44:55,788 [INFO] scanner_p2p — Using cached spot rates (age: 2s)
2026-03-06 21:44:56,405 [INFO] scanner_p2p — Using cached spot rates (age: 3s)
2026-03-06 21:44:57,297 [INFO] scanner_p2p — Using cached spot rates (age: 3s)
2026-03-06 21:44:57,798 [INFO] runner — Generating market intelligence with Ollama...
2026-03-06 21:44:57,799 [INFO] ollama_intel — Generating market intelligence for 2026-03-07...
2026-03-06 21:44:57,800 [INFO] ollama_intel — Read 40 opportunities for 2026-03-07
2026-03-06 21:44:57,800 [INFO] ollama_intel — Calling Ollama (attempt 1/2)...
2026-03-06 21:45:01,302 [WARNING] ollama_intel — Failed to parse Ollama JSON response: Expecting ',' delimiter: line 1 column 99 (char 98)
2026-03-06 21:45:01,303 [INFO] ollama_intel — Calling Ollama (attempt 2/2)...
2026-03-06 21:45:04,013 [INFO] ollama_intel — Successfully received AI analysis from Ollama
2026-03-06 21:45:04,013 [INFO] ollama_intel — Market intelligence generated: ok
2026-03-06 21:45:04,014 [INFO] runner — Intelligence generated: ok
2026-03-06 21:45:04,014 [INFO] runner — Running ALFRED data quality check...
2026-03-06 21:45:04,014 [INFO] alfred — ALFRED: Running quality check on last 50 records...
2026-03-06 21:45:04,016 [INFO] alfred — ALFRED: dq_score 100.00% - OK
2026-03-06 21:45:04,018 [INFO] runner — Data quality: 100.00% (OK)
[2026-03-07 02:45:04 UTC] ✓ CYCLE #20 COMPLETED SUCCESSFULLY
[2026-03-07 02:45:04 UTC] ⏳ Waiting 20 minutes until next cycle...
[2026-03-07 02:45:04 UTC]    Next run at: 03:05:04 UTC
[2026-03-07 03:05:13 UTC] ─── CYCLE #21 START ───
[2026-03-07 03:05:43 UTC] STDOUT:
✅ DB inicializada: storage/batman.db

🦇 RISK SCORES TOP 10
SYM       VOL_Z   RISK REGIME
-----------------------------------
HLT        3.74   3.86 EXTREME
MAR        3.82   3.85 EXTREME
UAL        3.33   3.76 EXTREME
XLY        3.89   3.60 EXTREME
PEP        4.17   3.41 EXTREME
DKNG       3.71   3.35 EXTREME
XLK        3.49   3.31 EXTREME
TLT        4.09   3.25 EXTREME
DIS        3.92   3.19 EXTREME
FOXA       3.91   3.06 EXTREME
[scanner_cross] Scanning 3 pairs (threshold: 0.05%)...
  [scanner_cross] BTC: Binance $68366.34 | OKX $68364.00 | spread -0.0034%
  [scanner_cross] BTC: Skipped (spread 0.0034% < threshold 0.05%)
  [scanner_cross] ETH: Binance $1982.74 | OKX $1983.07 | spread +0.0166%
  [scanner_cross] ETH: Skipped (spread 0.0166% < threshold 0.05%)
  [scanner_cross] SOL: Binance $84.71 | OKX $84.72 | spread +0.0118%
  [scanner_cross] SOL: Skipped (spread 0.0118% < threshold 0.05%)
📡 Scanning P2P markets across LATAM...
  [scanner_p2p] Scanning USDT/MXN...
  [scanner_p2p] USDT/MXN: Buy $17.8980 | Spread +0.157% | EdgeNet +0.373% ✓ | Logged (below threshold)
  [scanner_p2p] Scanning USDT/COP...
  [scanner_p2p] USDT/COP: Buy $3758.3440 | Spread +0.110% | EdgeNet -0.355% ✗ | Logged (below threshold)
  [scanner_p2p] Scanning USDT/VES...
  [scanner_p2p] USDT/VES: Buy $613.5998 | Spread -0.844% | EdgeNet -0.634% ✗ | Logged
  [scanner_p2p] Scanning USDT/ARS...
  [scanner_p2p] USDT/ARS: Buy $1466.8020 | Spread +0.295% | EdgeNet +0.602% ✓ | Logged
📡 P2P scan complete: 4/4 pairs successful
[scanner_basis] Scanning BTCUSDT...
  [scanner_basis] Spot: $68366.34 | Futures: $68340.80 | Basis: -0.0374%
  [scanner_basis] Logged (basis 0.0374% >= threshold 0.02%)
Report saved: storage/reports/2026-03-07_03-05-43.json
Hash: 7391482ca20b4fa1cd9f0ac4911c46fe66fed5d58758f52a1be28aab513f1332
Ollama: AVAILABLE
Data Quality: 100.00% (OK)
[2026-03-07 03:05:43 UTC] STDERR:
2026-03-06 22:05:16,814 [INFO] engine — ✓ equity QQQ
2026-03-06 22:05:17,105 [INFO] engine — ✓ equity IWM
2026-03-06 22:05:17,361 [INFO] engine — ✓ equity XLF
2026-03-06 22:05:17,605 [INFO] engine — ✓ equity XLK
2026-03-06 22:05:17,855 [INFO] engine — ✓ equity XLE
2026-03-06 22:05:18,091 [INFO] engine — ✓ equity XLY
2026-03-06 22:05:18,334 [INFO] engine — ✓ equity XLP
2026-03-06 22:05:18,589 [INFO] engine — ✓ equity GLD
2026-03-06 22:05:21,045 [INFO] engine — ✓ equity TLT
2026-03-06 22:05:21,297 [INFO] engine — ✓ equity HYG
2026-03-06 22:05:21,584 [INFO] engine — ✓ equity MAR
2026-03-06 22:05:21,861 [INFO] engine — ✓ equity HLT
2026-03-06 22:05:22,124 [INFO] engine — ✓ equity DAL
2026-03-06 22:05:22,417 [INFO] engine — ✓ equity UAL
2026-03-06 22:05:22,746 [INFO] engine — ✓ equity DIS
2026-03-06 22:05:23,337 [INFO] engine — ✓ equity FOXA
2026-03-06 22:05:24,931 [INFO] engine — ✓ crypto BTC/USDT
2026-03-06 22:05:25,091 [INFO] engine — ✓ equity MCD
2026-03-06 22:05:25,189 [INFO] engine — ✓ crypto ETH/USDT
2026-03-06 22:05:25,337 [INFO] engine — ✓ equity KO
2026-03-06 22:05:25,595 [INFO] engine — ✓ equity PEP
2026-03-06 22:05:25,739 [INFO] engine — ✓ crypto SOL/USDT
2026-03-06 22:05:25,865 [INFO] engine — ✓ equity DKNG
2026-03-06 22:05:36,832 [INFO] scanner_p2p — Pre-fetching spot rates for all LATAM currencies...
2026-03-06 22:05:36,833 [INFO] scanner_p2p — Fetching fresh spot rates for: MXN, COP, VES, ARS
2026-03-06 22:05:37,082 [INFO] scanner_p2p — Fetched 3/4 rates from open.er-api.com
2026-03-06 22:05:37,367 [INFO] scanner_p2p — VES parallel rate: 615.35 (dolarapi.com)
2026-03-06 22:05:37,980 [INFO] scanner_p2p — Using cached spot rates (age: 1s)
2026-03-06 22:05:38,593 [INFO] scanner_p2p — Using cached spot rates (age: 2s)
2026-03-06 22:05:39,202 [INFO] scanner_p2p — Using cached spot rates (age: 2s)
2026-03-06 22:05:40,083 [INFO] scanner_p2p — Using cached spot rates (age: 3s)
2026-03-06 22:05:40,588 [INFO] runner — Generating market intelligence with Ollama...
2026-03-06 22:05:40,589 [INFO] ollama_intel — Generating market intelligence for 2026-03-07...
2026-03-06 22:05:40,591 [INFO] ollama_intel — Read 45 opportunities for 2026-03-07
2026-03-06 22:05:40,591 [INFO] ollama_intel — Calling Ollama (attempt 1/2)...
2026-03-06 22:05:43,711 [INFO] ollama_intel — Successfully received AI analysis from Ollama
2026-03-06 22:05:43,712 [INFO] ollama_intel — Market intelligence generated: ok
2026-03-06 22:05:43,712 [INFO] runner — Intelligence generated: ok
2026-03-06 22:05:43,712 [INFO] runner — Running ALFRED data quality check...
2026-03-06 22:05:43,712 [INFO] alfred — ALFRED: Running quality check on last 50 records...
2026-03-06 22:05:43,714 [INFO] alfred — ALFRED: dq_score 100.00% - OK
2026-03-06 22:05:43,715 [INFO] runner — Data quality: 100.00% (OK)
[2026-03-07 03:05:43 UTC] ✓ CYCLE #21 COMPLETED SUCCESSFULLY
[2026-03-07 03:05:43 UTC] ⏳ Waiting 20 minutes until next cycle...
[2026-03-07 03:05:43 UTC]    Next run at: 03:25:43 UTC
[2026-03-07 03:25:52 UTC] ─── CYCLE #22 START ───
[2026-03-07 03:26:36 UTC] STDOUT:
✅ DB inicializada: storage/batman.db

🦇 RISK SCORES TOP 10
SYM       VOL_Z   RISK REGIME
-----------------------------------
HLT        3.74   3.86 EXTREME
MAR        3.82   3.85 EXTREME
UAL        3.33   3.76 EXTREME
XLY        3.89   3.60 EXTREME
PEP        4.17   3.41 EXTREME
DKNG       3.71   3.35 EXTREME
XLK        3.49   3.31 EXTREME
TLT        4.09   3.25 EXTREME
DIS        3.92   3.19 EXTREME
FOXA       3.91   3.06 EXTREME
[scanner_cross] Scanning 3 pairs (threshold: 0.05%)...
  [scanner_cross] BTC: Binance $68299.93 | OKX $68297.00 | spread -0.0043%
  [scanner_cross] BTC: Skipped (spread 0.0043% < threshold 0.05%)
  [scanner_cross] ETH: Binance $1985.36 | OKX $1985.25 | spread -0.0055%
  [scanner_cross] ETH: Skipped (spread 0.0055% < threshold 0.05%)
  [scanner_cross] SOL: Binance $84.67 | OKX $84.67 | spread +0.0000%
  [scanner_cross] SOL: Skipped (spread 0.0000% < threshold 0.05%)
📡 Scanning P2P markets across LATAM...
  [scanner_p2p] Scanning USDT/MXN...
  [scanner_p2p] USDT/MXN: Buy $17.8920 | Spread +0.123% | EdgeNet +0.339% ✓ | Logged (below threshold)
  [scanner_p2p] Scanning USDT/COP...
  [scanner_p2p] USDT/COP: Buy $3758.1440 | Spread +0.185% | EdgeNet -0.360% ✗ | Logged (below threshold)
  [scanner_p2p] Scanning USDT/VES...
  [scanner_p2p] USDT/VES: Buy $613.2598 | Spread -0.912% | EdgeNet -0.690% ✗ | Logged
  [scanner_p2p] Scanning USDT/ARS...
  [scanner_p2p] USDT/ARS: Buy $1467.1000 | Spread +0.193% | EdgeNet +0.623% ✓ | Logged (below threshold)
📡 P2P scan complete: 4/4 pairs successful
[scanner_basis] Scanning BTCUSDT...
  [scanner_basis] Spot: $68263.63 | Futures: $68268.10 | Basis: +0.0065%
  [scanner_basis] Skipped (basis 0.0065% < threshold 0.02%)
Report saved: storage/reports/2026-03-07_03-26-36.json
Hash: 962dcf25fcf0e2144e500bfab537c01fb117505ed8daa96eb09546ba0ef2475a
Ollama: AVAILABLE
Data Quality: 100.00% (OK)
[2026-03-07 03:26:36 UTC] STDERR:
2026-03-06 22:25:56,102 [INFO] engine — ✓ equity QQQ
2026-03-06 22:25:56,347 [INFO] engine — ✓ equity IWM
2026-03-06 22:25:56,590 [INFO] engine — ✓ equity XLF
2026-03-06 22:25:56,899 [INFO] engine — ✓ equity XLK
2026-03-06 22:25:57,184 [INFO] engine — ✓ equity XLE
2026-03-06 22:25:57,424 [INFO] engine — ✓ equity XLY
2026-03-06 22:25:57,664 [INFO] engine — ✓ equity XLP
2026-03-06 22:25:57,912 [INFO] engine — ✓ equity GLD
2026-03-06 22:26:00,159 [INFO] engine — ✓ equity TLT
2026-03-06 22:26:00,416 [INFO] engine — ✓ equity HYG
2026-03-06 22:26:00,753 [INFO] engine — ✓ equity MAR
2026-03-06 22:26:00,998 [INFO] engine — ✓ equity HLT
2026-03-06 22:26:01,283 [INFO] engine — ✓ equity DAL
2026-03-06 22:26:01,575 [INFO] engine — ✓ equity UAL
2026-03-06 22:26:01,832 [INFO] engine — ✓ equity DIS
2026-03-06 22:26:02,199 [INFO] engine — ✓ equity FOXA
2026-03-06 22:26:06,465 [INFO] engine — ✓ equity MCD
2026-03-06 22:26:06,753 [INFO] engine — ✓ equity KO
2026-03-06 22:26:06,883 [INFO] engine — ✓ crypto SOL/USDT
2026-03-06 22:26:06,906 [INFO] engine — ✓ crypto ETH/USDT
2026-03-06 22:26:06,921 [INFO] engine — ✓ crypto BTC/USDT
2026-03-06 22:26:07,036 [INFO] engine — ✓ equity PEP
2026-03-06 22:26:07,284 [INFO] engine — ✓ equity DKNG
2026-03-06 22:26:28,121 [INFO] scanner_p2p — Pre-fetching spot rates for all LATAM currencies...
2026-03-06 22:26:28,121 [INFO] scanner_p2p — Fetching fresh spot rates for: MXN, COP, VES, ARS
2026-03-06 22:26:28,352 [INFO] scanner_p2p — Fetched 3/4 rates from open.er-api.com
2026-03-06 22:26:28,653 [INFO] scanner_p2p — VES parallel rate: 615.35 (dolarapi.com)
2026-03-06 22:26:29,389 [INFO] scanner_p2p — Using cached spot rates (age: 1s)
2026-03-06 22:26:29,999 [INFO] scanner_p2p — Using cached spot rates (age: 2s)
2026-03-06 22:26:30,616 [INFO] scanner_p2p — Using cached spot rates (age: 2s)
2026-03-06 22:26:31,476 [INFO] scanner_p2p — Using cached spot rates (age: 3s)
2026-03-06 22:26:31,977 [INFO] runner — Generating market intelligence with Ollama...
2026-03-06 22:26:31,978 [INFO] ollama_intel — Generating market intelligence for 2026-03-07...
2026-03-06 22:26:31,980 [INFO] ollama_intel — Read 49 opportunities for 2026-03-07
2026-03-06 22:26:31,980 [INFO] ollama_intel — Calling Ollama (attempt 1/2)...
2026-03-06 22:26:36,001 [INFO] ollama_intel — Successfully received AI analysis from Ollama
2026-03-06 22:26:36,002 [INFO] ollama_intel — Market intelligence generated: ok
2026-03-06 22:26:36,003 [INFO] runner — Intelligence generated: ok
2026-03-06 22:26:36,003 [INFO] runner — Running ALFRED data quality check...
2026-03-06 22:26:36,003 [INFO] alfred — ALFRED: Running quality check on last 50 records...
2026-03-06 22:26:36,004 [INFO] alfred — ALFRED: dq_score 100.00% - OK
2026-03-06 22:26:36,005 [INFO] runner — Data quality: 100.00% (OK)
[2026-03-07 03:26:36 UTC] ✓ CYCLE #22 COMPLETED SUCCESSFULLY
[2026-03-07 03:26:36 UTC] ⏳ Waiting 20 minutes until next cycle...
[2026-03-07 03:26:36 UTC]    Next run at: 03:46:36 UTC
[2026-03-07 03:46:45 UTC] ─── CYCLE #23 START ───
[2026-03-07 03:47:15 UTC] STDOUT:
✅ DB inicializada: storage/batman.db

🦇 RISK SCORES TOP 10
SYM       VOL_Z   RISK REGIME
-----------------------------------
HLT        3.74   3.86 EXTREME
MAR        3.82   3.85 EXTREME
UAL        3.33   3.76 EXTREME
XLY        3.89   3.60 EXTREME
PEP        4.17   3.41 EXTREME
DKNG       3.71   3.35 EXTREME
XLK        3.49   3.31 EXTREME
TLT        4.09   3.25 EXTREME
DIS        3.92   3.19 EXTREME
FOXA       3.91   3.06 EXTREME
[scanner_cross] Scanning 3 pairs (threshold: 0.05%)...
  [scanner_cross] BTC: Binance $68192.43 | OKX $68195.90 | spread +0.0051%
  [scanner_cross] BTC: Skipped (spread 0.0051% < threshold 0.05%)
  [scanner_cross] ETH: Binance $1982.86 | OKX $1982.55 | spread -0.0156%
  [scanner_cross] ETH: Skipped (spread 0.0156% < threshold 0.05%)
  [scanner_cross] SOL: Binance $84.53 | OKX $84.52 | spread -0.0118%
  [scanner_cross] SOL: Skipped (spread 0.0118% < threshold 0.05%)
📡 Scanning P2P markets across LATAM...
  [scanner_p2p] Scanning USDT/MXN...
  [scanner_p2p] USDT/MXN: Buy $17.8980 | Spread +0.190% | EdgeNet +0.373% ✓ | Logged (below threshold)
  [scanner_p2p] Scanning USDT/COP...
  [scanner_p2p] USDT/COP: Buy $3757.5440 | Spread +0.073% | EdgeNet -0.376% ✗ | Logged (below threshold)
  [scanner_p2p] Scanning USDT/VES...
  [scanner_p2p] USDT/VES: Buy $613.6430 | Spread -0.686% | EdgeNet -0.627% ✗ | Logged
  [scanner_p2p] Scanning USDT/ARS...
  [scanner_p2p] USDT/ARS: Buy $1469.6880 | Spread +0.418% | EdgeNet +0.801% ✓ | Logged
📡 P2P scan complete: 4/4 pairs successful
[scanner_basis] Scanning BTCUSDT...
  [scanner_basis] Spot: $68205.22 | Futures: $68167.30 | Basis: -0.0556%
  [scanner_basis] Logged (basis 0.0556% >= threshold 0.02%)
Report saved: storage/reports/2026-03-07_03-47-15.json
Hash: ef66be39400acb9b943f95b6b790c3ea1ac995e71325d4cd80d80339e4e45f01
Ollama: AVAILABLE
Data Quality: 100.00% (OK)
[2026-03-07 03:47:15 UTC] STDERR:
2026-03-06 22:46:48,985 [INFO] engine — ✓ equity QQQ
2026-03-06 22:46:49,275 [INFO] engine — ✓ equity IWM
2026-03-06 22:46:49,545 [INFO] engine — ✓ equity XLF
2026-03-06 22:46:49,795 [INFO] engine — ✓ equity XLK
2026-03-06 22:46:50,055 [INFO] engine — ✓ equity XLE
2026-03-06 22:46:50,314 [INFO] engine — ✓ equity XLY
2026-03-06 22:46:50,560 [INFO] engine — ✓ equity XLP
2026-03-06 22:46:50,852 [INFO] engine — ✓ equity GLD
2026-03-06 22:46:53,240 [INFO] engine — ✓ equity TLT
2026-03-06 22:46:53,487 [INFO] engine — ✓ equity HYG
2026-03-06 22:46:53,733 [INFO] engine — ✓ equity MAR
2026-03-06 22:46:54,016 [INFO] engine — ✓ equity HLT
2026-03-06 22:46:54,313 [INFO] engine — ✓ equity DAL
2026-03-06 22:46:54,605 [INFO] engine — ✓ equity UAL
2026-03-06 22:46:54,876 [INFO] engine — ✓ equity DIS
2026-03-06 22:46:55,128 [INFO] engine — ✓ equity FOXA
2026-03-06 22:46:56,603 [INFO] engine — ✓ crypto BTC/USDT
2026-03-06 22:46:56,834 [INFO] engine — ✓ crypto ETH/USDT
2026-03-06 22:46:56,958 [INFO] engine — ✓ equity MCD
2026-03-06 22:46:57,108 [INFO] engine — ✓ crypto SOL/USDT
2026-03-06 22:46:57,227 [INFO] engine — ✓ equity KO
2026-03-06 22:46:57,519 [INFO] engine — ✓ equity PEP
2026-03-06 22:46:57,803 [INFO] engine — ✓ equity DKNG
2026-03-06 22:47:07,356 [INFO] scanner_p2p — Pre-fetching spot rates for all LATAM currencies...
2026-03-06 22:47:07,357 [INFO] scanner_p2p — Fetching fresh spot rates for: MXN, COP, VES, ARS
2026-03-06 22:47:07,648 [INFO] scanner_p2p — Fetched 3/4 rates from open.er-api.com
2026-03-06 22:47:07,958 [INFO] scanner_p2p — VES parallel rate: 615.35 (dolarapi.com)
2026-03-06 22:47:08,749 [INFO] scanner_p2p — Using cached spot rates (age: 1s)
2026-03-06 22:47:09,364 [INFO] scanner_p2p — Using cached spot rates (age: 2s)
2026-03-06 22:47:09,995 [INFO] scanner_p2p — Using cached spot rates (age: 3s)
2026-03-06 22:47:10,906 [INFO] scanner_p2p — Using cached spot rates (age: 4s)
2026-03-06 22:47:11,512 [INFO] runner — Generating market intelligence with Ollama...
2026-03-06 22:47:11,512 [INFO] ollama_intel — Generating market intelligence for 2026-03-07...
2026-03-06 22:47:11,514 [INFO] ollama_intel — Read 54 opportunities for 2026-03-07
2026-03-06 22:47:11,514 [INFO] ollama_intel — Calling Ollama (attempt 1/2)...
2026-03-06 22:47:15,186 [INFO] ollama_intel — Successfully received AI analysis from Ollama
2026-03-06 22:47:15,186 [INFO] ollama_intel — Market intelligence generated: ok
2026-03-06 22:47:15,187 [INFO] runner — Intelligence generated: ok
2026-03-06 22:47:15,187 [INFO] runner — Running ALFRED data quality check...
2026-03-06 22:47:15,187 [INFO] alfred — ALFRED: Running quality check on last 50 records...
2026-03-06 22:47:15,188 [INFO] alfred — ALFRED: dq_score 100.00% - OK
2026-03-06 22:47:15,190 [INFO] runner — Data quality: 100.00% (OK)
[2026-03-07 03:47:15 UTC] ✓ CYCLE #23 COMPLETED SUCCESSFULLY
[2026-03-07 03:47:15 UTC] ⏳ Waiting 20 minutes until next cycle...
[2026-03-07 03:47:15 UTC]    Next run at: 04:07:15 UTC
[2026-03-07 04:07:24 UTC] ─── CYCLE #24 START ───
[2026-03-07 04:07:58 UTC] STDOUT:
✅ DB inicializada: storage/batman.db

🦇 RISK SCORES TOP 10
SYM       VOL_Z   RISK REGIME
-----------------------------------
HLT        3.74   3.86 EXTREME
MAR        3.82   3.85 EXTREME
UAL        3.33   3.76 EXTREME
XLY        3.89   3.60 EXTREME
DKNG       3.71   3.35 EXTREME
XLK        3.49   3.31 EXTREME
TLT        4.09   3.25 EXTREME
DIS        3.92   3.19 EXTREME
PEP        4.17   3.17 EXTREME
FOXA       3.91   3.06 EXTREME
[scanner_cross] Scanning 3 pairs (threshold: 0.05%)...
  [scanner_cross] BTC: Binance $67951.65 | OKX $67956.00 | spread +0.0064%
  [scanner_cross] BTC: Skipped (spread 0.0064% < threshold 0.05%)
  [scanner_cross] ETH: Binance $1969.52 | OKX $1969.46 | spread -0.0030%
  [scanner_cross] ETH: Skipped (spread 0.0030% < threshold 0.05%)
  [scanner_cross] SOL: Binance $84.21 | OKX $84.21 | spread +0.0000%
  [scanner_cross] SOL: Skipped (spread 0.0000% < threshold 0.05%)
📡 Scanning P2P markets across LATAM...
  [scanner_p2p] Scanning USDT/MXN...
  [scanner_p2p] USDT/MXN: Buy $17.8940 | Spread +0.235% | EdgeNet +0.350% ✓ | Logged
  [scanner_p2p] Scanning USDT/COP...
  [scanner_p2p] USDT/COP: Buy $3758.5440 | Spread +0.212% | EdgeNet -0.350% ✗ | Logged
  [scanner_p2p] Scanning USDT/VES...
  [scanner_p2p] USDT/VES: Buy $613.7998 | Spread -0.631% | EdgeNet -0.602% ✗ | Logged
  [scanner_p2p] Scanning USDT/ARS...
  [scanner_p2p] USDT/ARS: Buy $1469.7880 | Spread +0.387% | EdgeNet +0.808% ✓ | Logged
📡 P2P scan complete: 4/4 pairs successful
[scanner_basis] Scanning BTCUSDT...
  [scanner_basis] Spot: $67959.75 | Futures: $67924.40 | Basis: -0.0520%
  [scanner_basis] Logged (basis 0.0520% >= threshold 0.02%)
Report saved: storage/reports/2026-03-07_04-07-57.json
Hash: 964fe953e09d39363871447126e0fd3aa683e48740b5e0bea83bdca865ce5c55
Ollama: AVAILABLE
Data Quality: 100.00% (OK)
[2026-03-07 04:07:58 UTC] STDERR:
2026-03-06 23:07:27,722 [INFO] engine — ✓ equity QQQ
2026-03-06 23:07:28,023 [INFO] engine — ✓ equity IWM
2026-03-06 23:07:28,308 [INFO] engine — ✓ equity XLF
2026-03-06 23:07:28,687 [INFO] engine — ✓ equity XLK
2026-03-06 23:07:28,953 [INFO] engine — ✓ equity XLE
2026-03-06 23:07:29,206 [INFO] engine — ✓ equity XLY
2026-03-06 23:07:29,486 [INFO] engine — ✓ equity XLP
2026-03-06 23:07:29,748 [INFO] engine — ✓ equity GLD
2026-03-06 23:07:32,155 [INFO] engine — ✓ equity TLT
2026-03-06 23:07:32,410 [INFO] engine — ✓ equity HYG
2026-03-06 23:07:32,661 [INFO] engine — ✓ equity MAR
2026-03-06 23:07:32,964 [INFO] engine — ✓ equity HLT
2026-03-06 23:07:33,241 [INFO] engine — ✓ equity DAL
2026-03-06 23:07:33,536 [INFO] engine — ✓ equity UAL
2026-03-06 23:07:33,820 [INFO] engine — ✓ equity DIS
2026-03-06 23:07:34,266 [INFO] engine — ✓ equity FOXA
2026-03-06 23:07:36,016 [INFO] engine — ✓ equity MCD
2026-03-06 23:07:36,163 [INFO] engine — ✓ crypto BTC/USDT
2026-03-06 23:07:36,177 [INFO] engine — ✓ crypto ETH/USDT
2026-03-06 23:07:36,264 [INFO] engine — ✓ equity KO
2026-03-06 23:07:36,582 [INFO] engine — ✓ crypto SOL/USDT
2026-03-06 23:07:36,591 [INFO] engine — ✓ equity PEP
2026-03-06 23:07:36,843 [INFO] engine — ✓ equity DKNG
2026-03-06 23:07:50,598 [INFO] scanner_p2p — Pre-fetching spot rates for all LATAM currencies...
2026-03-06 23:07:50,598 [INFO] scanner_p2p — Fetching fresh spot rates for: MXN, COP, VES, ARS
2026-03-06 23:07:50,860 [INFO] scanner_p2p — Fetched 3/4 rates from open.er-api.com
2026-03-06 23:07:51,179 [INFO] scanner_p2p — VES parallel rate: 615.35 (dolarapi.com)
2026-03-06 23:07:51,815 [INFO] scanner_p2p — Using cached spot rates (age: 1s)
2026-03-06 23:07:52,450 [INFO] scanner_p2p — Using cached spot rates (age: 2s)
2026-03-06 23:07:53,082 [INFO] scanner_p2p — Using cached spot rates (age: 2s)
2026-03-06 23:07:53,967 [INFO] scanner_p2p — Using cached spot rates (age: 3s)
2026-03-06 23:07:54,465 [INFO] runner — Generating market intelligence with Ollama...
2026-03-06 23:07:54,466 [INFO] ollama_intel — Generating market intelligence for 2026-03-07...
2026-03-06 23:07:54,468 [INFO] ollama_intel — Read 59 opportunities for 2026-03-07
2026-03-06 23:07:54,468 [INFO] ollama_intel — Calling Ollama (attempt 1/2)...
2026-03-06 23:07:57,983 [INFO] ollama_intel — Successfully received AI analysis from Ollama
2026-03-06 23:07:57,984 [INFO] ollama_intel — Market intelligence generated: ok
2026-03-06 23:07:57,984 [INFO] runner — Intelligence generated: ok
2026-03-06 23:07:57,985 [INFO] runner — Running ALFRED data quality check...
2026-03-06 23:07:57,985 [INFO] alfred — ALFRED: Running quality check on last 50 records...
2026-03-06 23:07:57,986 [INFO] alfred — ALFRED: dq_score 100.00% - OK
2026-03-06 23:07:57,988 [INFO] runner — Data quality: 100.00% (OK)
[2026-03-07 04:07:58 UTC] ✓ CYCLE #24 COMPLETED SUCCESSFULLY
[2026-03-07 04:07:58 UTC] ⏳ Waiting 20 minutes until next cycle...
[2026-03-07 04:07:58 UTC]    Next run at: 04:27:58 UTC
[2026-03-07 04:28:07 UTC] ─── CYCLE #25 START ───
[2026-03-07 04:28:35 UTC] STDOUT:
✅ DB inicializada: storage/batman.db

🦇 RISK SCORES TOP 10
SYM       VOL_Z   RISK REGIME
-----------------------------------
HLT        3.74   3.86 EXTREME
MAR        3.82   3.85 EXTREME
UAL        3.33   3.76 EXTREME
XLY        3.89   3.60 EXTREME
DKNG       3.71   3.35 EXTREME
XLK        3.49   3.31 EXTREME
TLT        4.09   3.25 EXTREME
DIS        3.92   3.19 EXTREME
PEP        4.17   3.17 EXTREME
FOXA       3.91   3.06 EXTREME
[scanner_cross] Scanning 3 pairs (threshold: 0.05%)...
  [scanner_cross] BTC: Binance $68038.92 | OKX $68038.00 | spread -0.0014%
  [scanner_cross] BTC: Skipped (spread 0.0014% < threshold 0.05%)
  [scanner_cross] ETH: Binance $1974.18 | OKX $1973.92 | spread -0.0132%
  [scanner_cross] ETH: Skipped (spread 0.0132% < threshold 0.05%)
  [scanner_cross] SOL: Binance $84.31 | OKX $84.31 | spread +0.0000%
  [scanner_cross] SOL: Skipped (spread 0.0000% < threshold 0.05%)
📡 Scanning P2P markets across LATAM...
  [scanner_p2p] Scanning USDT/MXN...
  [scanner_p2p] USDT/MXN: Buy $17.8980 | Spread +0.235% | EdgeNet +0.373% ✓ | Logged
  [scanner_p2p] Scanning USDT/COP...
  [scanner_p2p] USDT/COP: Buy $3759.0000 | Spread +0.439% | EdgeNet -0.338% ✗ | Logged
  [scanner_p2p] Scanning USDT/VES...
  [scanner_p2p] USDT/VES: Buy $613.0000 | Spread -0.755% | EdgeNet -0.732% ✗ | Logged
  [scanner_p2p] Scanning USDT/ARS...
  [scanner_p2p] USDT/ARS: Buy $1469.8240 | Spread +0.400% | EdgeNet +0.810% ✓ | Logged
📡 P2P scan complete: 4/4 pairs successful
[scanner_basis] Scanning BTCUSDT...
  [scanner_basis] Spot: $68038.92 | Futures: $68007.30 | Basis: -0.0465%
  [scanner_basis] Logged (basis 0.0465% >= threshold 0.02%)
Report saved: storage/reports/2026-03-07_04-28-35.json
Hash: 595c2fbedbee06131f89c94dfa53a6d2368f19d4ff8ac04d99e27f6cb99221f1
Ollama: AVAILABLE
Data Quality: 100.00% (OK)
[2026-03-07 04:28:35 UTC] STDERR:
2026-03-06 23:28:10,671 [INFO] engine — ✓ equity QQQ
2026-03-06 23:28:10,929 [INFO] engine — ✓ equity IWM
2026-03-06 23:28:11,210 [INFO] engine — ✓ equity XLF
2026-03-06 23:28:11,471 [INFO] engine — ✓ equity XLK
2026-03-06 23:28:11,762 [INFO] engine — ✓ equity XLE
2026-03-06 23:28:12,032 [INFO] engine — ✓ equity XLY
2026-03-06 23:28:12,301 [INFO] engine — ✓ equity XLP
2026-03-06 23:28:12,584 [INFO] engine — ✓ equity GLD
2026-03-06 23:28:15,011 [INFO] engine — ✓ equity TLT
2026-03-06 23:28:15,280 [INFO] engine — ✓ equity HYG
2026-03-06 23:28:15,536 [INFO] engine — ✓ equity MAR
2026-03-06 23:28:15,805 [INFO] engine — ✓ equity HLT
2026-03-06 23:28:16,072 [INFO] engine — ✓ equity DAL
2026-03-06 23:28:16,343 [INFO] engine — ✓ equity UAL
2026-03-06 23:28:16,705 [INFO] engine — ✓ equity DIS
2026-03-06 23:28:17,123 [INFO] engine — ✓ equity FOXA
2026-03-06 23:28:18,908 [INFO] engine — ✓ crypto ETH/USDT
2026-03-06 23:28:18,933 [INFO] engine — ✓ crypto BTC/USDT
2026-03-06 23:28:18,972 [INFO] engine — ✓ equity MCD
2026-03-06 23:28:19,221 [INFO] engine — ✓ equity KO
2026-03-06 23:28:19,499 [INFO] engine — ✓ equity PEP
2026-03-06 23:28:19,781 [INFO] engine — ✓ equity DKNG
2026-03-06 23:28:19,912 [INFO] engine — ✓ crypto SOL/USDT
2026-03-06 23:28:26,926 [INFO] scanner_p2p — Pre-fetching spot rates for all LATAM currencies...
2026-03-06 23:28:26,926 [INFO] scanner_p2p — Fetching fresh spot rates for: MXN, COP, VES, ARS
2026-03-06 23:28:27,163 [INFO] scanner_p2p — Fetched 3/4 rates from open.er-api.com
2026-03-06 23:28:27,496 [INFO] scanner_p2p — VES parallel rate: 615.35 (dolarapi.com)
2026-03-06 23:28:28,138 [INFO] scanner_p2p — Using cached spot rates (age: 1s)
2026-03-06 23:28:28,766 [INFO] scanner_p2p — Using cached spot rates (age: 2s)
2026-03-06 23:28:29,385 [INFO] scanner_p2p — Using cached spot rates (age: 2s)
2026-03-06 23:28:30,266 [INFO] scanner_p2p — Using cached spot rates (age: 3s)
2026-03-06 23:28:30,762 [INFO] runner — Generating market intelligence with Ollama...
2026-03-06 23:28:30,763 [INFO] ollama_intel — Generating market intelligence for 2026-03-07...
2026-03-06 23:28:30,765 [INFO] ollama_intel — Read 64 opportunities for 2026-03-07
2026-03-06 23:28:30,765 [INFO] ollama_intel — Calling Ollama (attempt 1/2)...
2026-03-06 23:28:35,068 [INFO] ollama_intel — Successfully received AI analysis from Ollama
2026-03-06 23:28:35,068 [INFO] ollama_intel — Market intelligence generated: ok
2026-03-06 23:28:35,069 [INFO] runner — Intelligence generated: ok
2026-03-06 23:28:35,069 [INFO] runner — Running ALFRED data quality check...
2026-03-06 23:28:35,069 [INFO] alfred — ALFRED: Running quality check on last 50 records...
2026-03-06 23:28:35,071 [INFO] alfred — ALFRED: dq_score 100.00% - OK
2026-03-06 23:28:35,073 [INFO] runner — Data quality: 100.00% (OK)
[2026-03-07 04:28:35 UTC] ✓ CYCLE #25 COMPLETED SUCCESSFULLY
[2026-03-07 04:28:35 UTC] ⏳ Waiting 20 minutes until next cycle...
[2026-03-07 04:28:35 UTC]    Next run at: 04:48:35 UTC
[2026-03-07 04:48:44 UTC] ─── CYCLE #26 START ───
[2026-03-07 04:49:16 UTC] STDOUT:
✅ DB inicializada: storage/batman.db

🦇 RISK SCORES TOP 10
SYM       VOL_Z   RISK REGIME
-----------------------------------
HLT        3.74   3.86 EXTREME
MAR        3.82   3.85 EXTREME
UAL        3.33   3.76 EXTREME
XLY        3.89   3.60 EXTREME
DKNG       3.71   3.35 EXTREME
XLK        3.49   3.31 EXTREME
TLT        4.09   3.25 EXTREME
DIS        3.92   3.19 EXTREME
PEP        4.17   3.17 EXTREME
FOXA       3.91   3.06 EXTREME
[scanner_cross] Scanning 3 pairs (threshold: 0.05%)...
  [scanner_cross] BTC: Binance $68091.99 | OKX $68099.90 | spread +0.0116%
  [scanner_cross] BTC: Skipped (spread 0.0116% < threshold 0.05%)
  [scanner_cross] ETH: Binance $1976.10 | OKX $1976.04 | spread -0.0030%
  [scanner_cross] ETH: Skipped (spread 0.0030% < threshold 0.05%)
  [scanner_cross] SOL: Binance $84.29 | OKX $84.28 | spread -0.0119%
  [scanner_cross] SOL: Skipped (spread 0.0119% < threshold 0.05%)
📡 Scanning P2P markets across LATAM...
  [scanner_p2p] Scanning USDT/MXN...
  [scanner_p2p] USDT/MXN: Buy $17.8980 | Spread +0.280% | EdgeNet +0.373% ✓ | Logged
  [scanner_p2p] Scanning USDT/COP...
  [scanner_p2p] USDT/COP: Buy $3759.2000 | Spread +0.452% | EdgeNet -0.332% ✗ | Logged
  [scanner_p2p] Scanning USDT/VES...
  [scanner_p2p] USDT/VES: Buy $612.9000 | Spread -0.681% | EdgeNet -0.748% ✗ | Logged
  [scanner_p2p] Scanning USDT/ARS...
  [scanner_p2p] USDT/ARS: Buy $1470.1180 | Spread +0.423% | EdgeNet +0.830% ✓ | Logged
📡 P2P scan complete: 4/4 pairs successful
[scanner_basis] Scanning BTCUSDT...
  [scanner_basis] Spot: $68103.53 | Futures: $68067.30 | Basis: -0.0532%
  [scanner_basis] Logged (basis 0.0532% >= threshold 0.02%)
Report saved: storage/reports/2026-03-07_04-49-16.json
Hash: 10e7b84ea6fa457cad907a9ec622487ace349722f11d283e08e7fe2573572810
Ollama: AVAILABLE
Data Quality: 100.00% (OK)
[2026-03-07 04:49:16 UTC] STDERR:
2026-03-06 23:48:47,775 [INFO] engine — ✓ equity QQQ
2026-03-06 23:48:48,086 [INFO] engine — ✓ equity IWM
2026-03-06 23:48:48,454 [INFO] engine — ✓ equity XLF
2026-03-06 23:48:48,722 [INFO] engine — ✓ equity XLK
2026-03-06 23:48:49,024 [INFO] engine — ✓ equity XLE
2026-03-06 23:48:49,295 [INFO] engine — ✓ equity XLY
2026-03-06 23:48:49,566 [INFO] engine — ✓ equity XLP
2026-03-06 23:48:49,868 [INFO] engine — ✓ equity GLD
2026-03-06 23:48:52,281 [INFO] engine — ✓ equity TLT
2026-03-06 23:48:52,545 [INFO] engine — ✓ equity HYG
2026-03-06 23:48:52,824 [INFO] engine — ✓ equity MAR
2026-03-06 23:48:53,073 [INFO] engine — ✓ equity HLT
2026-03-06 23:48:53,424 [INFO] engine — ✓ equity DAL
2026-03-06 23:48:53,700 [INFO] engine — ✓ equity UAL
2026-03-06 23:48:53,973 [INFO] engine — ✓ equity DIS
2026-03-06 23:48:54,305 [INFO] engine — ✓ equity FOXA
2026-03-06 23:48:55,951 [INFO] engine — ✓ equity MCD
2026-03-06 23:48:56,130 [INFO] engine — ✓ crypto ETH/USDT
2026-03-06 23:48:56,290 [INFO] engine — ✓ crypto BTC/USDT
2026-03-06 23:48:56,299 [INFO] engine — ✓ equity KO
2026-03-06 23:48:56,553 [INFO] engine — ✓ equity PEP
2026-03-06 23:48:56,824 [INFO] engine — ✓ equity DKNG
2026-03-06 23:48:56,869 [INFO] engine — ✓ crypto SOL/USDT
2026-03-06 23:49:08,428 [INFO] scanner_p2p — Pre-fetching spot rates for all LATAM currencies...
2026-03-06 23:49:08,429 [INFO] scanner_p2p — Fetching fresh spot rates for: MXN, COP, VES, ARS
2026-03-06 23:49:08,683 [INFO] scanner_p2p — Fetched 3/4 rates from open.er-api.com
2026-03-06 23:49:09,022 [INFO] scanner_p2p — VES parallel rate: 615.35 (dolarapi.com)
2026-03-06 23:49:09,658 [INFO] scanner_p2p — Using cached spot rates (age: 1s)
2026-03-06 23:49:10,382 [INFO] scanner_p2p — Using cached spot rates (age: 2s)
2026-03-06 23:49:11,029 [INFO] scanner_p2p — Using cached spot rates (age: 3s)
2026-03-06 23:49:11,926 [INFO] scanner_p2p — Using cached spot rates (age: 3s)
2026-03-06 23:49:12,450 [INFO] runner — Generating market intelligence with Ollama...
2026-03-06 23:49:12,450 [INFO] ollama_intel — Generating market intelligence for 2026-03-07...
2026-03-06 23:49:12,452 [INFO] ollama_intel — Read 69 opportunities for 2026-03-07
2026-03-06 23:49:12,453 [INFO] ollama_intel — Calling Ollama (attempt 1/2)...
2026-03-06 23:49:16,266 [INFO] ollama_intel — Successfully received AI analysis from Ollama
2026-03-06 23:49:16,267 [INFO] ollama_intel — Market intelligence generated: ok
2026-03-06 23:49:16,267 [INFO] runner — Intelligence generated: ok
2026-03-06 23:49:16,268 [INFO] runner — Running ALFRED data quality check...
2026-03-06 23:49:16,268 [INFO] alfred — ALFRED: Running quality check on last 50 records...
2026-03-06 23:49:16,269 [INFO] alfred — ALFRED: dq_score 100.00% - OK
2026-03-06 23:49:16,270 [INFO] runner — Data quality: 100.00% (OK)
[2026-03-07 04:49:16 UTC] ✓ CYCLE #26 COMPLETED SUCCESSFULLY
[2026-03-07 04:49:16 UTC] ⏳ Waiting 20 minutes until next cycle...
[2026-03-07 04:49:16 UTC]    Next run at: 05:09:16 UTC
[2026-03-07 05:09:25 UTC] ─── CYCLE #27 START ───
[2026-03-07 05:09:59 UTC] STDOUT:
✅ DB inicializada: storage/batman.db

🦇 RISK SCORES TOP 10
SYM       VOL_Z   RISK REGIME
-----------------------------------
HLT        3.74   3.86 EXTREME
MAR        3.82   3.85 EXTREME
UAL        3.33   3.76 EXTREME
XLY        3.89   3.60 EXTREME
DKNG       3.71   3.35 EXTREME
XLK        3.49   3.31 EXTREME
TLT        4.09   3.25 EXTREME
DIS        3.92   3.19 EXTREME
PEP        4.17   3.17 EXTREME
FOXA       3.91   3.06 EXTREME
[scanner_cross] Scanning 3 pairs (threshold: 0.05%)...
  [scanner_cross] BTC: Binance $68089.12 | OKX $68100.00 | spread +0.0160%
  [scanner_cross] BTC: Skipped (spread 0.0160% < threshold 0.05%)
  [scanner_cross] ETH: Binance $1978.03 | OKX $1978.30 | spread +0.0136%
  [scanner_cross] ETH: Skipped (spread 0.0136% < threshold 0.05%)
  [scanner_cross] SOL: Binance $84.30 | OKX $84.30 | spread +0.0000%
  [scanner_cross] SOL: Skipped (spread 0.0000% < threshold 0.05%)
📡 Scanning P2P markets across LATAM...
  [scanner_p2p] Scanning USDT/MXN...
  [scanner_p2p] USDT/MXN: Buy $17.9120 | Spread +0.359% | EdgeNet +0.452% ✓ | Logged
  [scanner_p2p] Scanning USDT/COP...
  [scanner_p2p] USDT/COP: Buy $3759.2000 | Spread +0.454% | EdgeNet -0.332% ✗ | Logged
  [scanner_p2p] Scanning USDT/VES...
  [scanner_p2p] USDT/VES: Buy $613.5000 | Spread -0.536% | EdgeNet -0.651% ✗ | Logged
  [scanner_p2p] Scanning USDT/ARS...
  [scanner_p2p] USDT/ARS: Buy $1470.8000 | Spread +0.437% | EdgeNet +0.877% ✓ | Logged
📡 P2P scan complete: 4/4 pairs successful
[scanner_basis] Scanning BTCUSDT...
  [scanner_basis] Spot: $68112.86 | Futures: $68079.50 | Basis: -0.0490%
  [scanner_basis] Logged (basis 0.0490% >= threshold 0.02%)
Report saved: storage/reports/2026-03-07_05-09-59.json
Hash: bd63514a460efe102206002afd47d3c54a8b0100b755c9d450861a62d63103b4
Ollama: AVAILABLE
Data Quality: 100.00% (OK)
[2026-03-07 05:09:59 UTC] STDERR:
2026-03-07 00:09:29,250 [INFO] engine — ✓ equity QQQ
2026-03-07 00:09:29,553 [INFO] engine — ✓ equity IWM
2026-03-07 00:09:29,842 [INFO] engine — ✓ equity XLF
2026-03-07 00:09:30,104 [INFO] engine — ✓ equity XLK
2026-03-07 00:09:30,366 [INFO] engine — ✓ equity XLE
2026-03-07 00:09:30,632 [INFO] engine — ✓ equity XLY
2026-03-07 00:09:30,894 [INFO] engine — ✓ equity XLP
2026-03-07 00:09:31,161 [INFO] engine — ✓ equity GLD
2026-03-07 00:09:33,619 [INFO] engine — ✓ equity TLT
2026-03-07 00:09:33,879 [INFO] engine — ✓ equity HYG
2026-03-07 00:09:34,171 [INFO] engine — ✓ equity MAR
2026-03-07 00:09:34,468 [INFO] engine — ✓ equity HLT
2026-03-07 00:09:34,766 [INFO] engine — ✓ equity DAL
2026-03-07 00:09:35,125 [INFO] engine — ✓ equity UAL
2026-03-07 00:09:35,466 [INFO] engine — ✓ equity DIS
2026-03-07 00:09:35,726 [INFO] engine — ✓ equity FOXA
2026-03-07 00:09:37,398 [INFO] engine — ✓ crypto BTC/USDT
2026-03-07 00:09:37,416 [INFO] engine — ✓ equity MCD
2026-03-07 00:09:37,586 [INFO] engine — ✓ crypto ETH/USDT
2026-03-07 00:09:37,661 [INFO] engine — ✓ equity KO
2026-03-07 00:09:37,861 [INFO] engine — ✓ crypto SOL/USDT
2026-03-07 00:09:37,953 [INFO] engine — ✓ equity PEP
2026-03-07 00:09:38,305 [INFO] engine — ✓ equity DKNG
2026-03-07 00:09:51,060 [INFO] scanner_p2p — Pre-fetching spot rates for all LATAM currencies...
2026-03-07 00:09:51,060 [INFO] scanner_p2p — Fetching fresh spot rates for: MXN, COP, VES, ARS
2026-03-07 00:09:51,357 [INFO] scanner_p2p — Fetched 3/4 rates from open.er-api.com
2026-03-07 00:09:51,658 [INFO] scanner_p2p — VES parallel rate: 615.35 (dolarapi.com)
2026-03-07 00:09:52,413 [INFO] scanner_p2p — Using cached spot rates (age: 1s)
2026-03-07 00:09:53,068 [INFO] scanner_p2p — Using cached spot rates (age: 2s)
2026-03-07 00:09:53,713 [INFO] scanner_p2p — Using cached spot rates (age: 3s)
2026-03-07 00:09:54,615 [INFO] scanner_p2p — Using cached spot rates (age: 4s)
2026-03-07 00:09:55,141 [INFO] runner — Generating market intelligence with Ollama...
2026-03-07 00:09:55,142 [INFO] ollama_intel — Generating market intelligence for 2026-03-07...
2026-03-07 00:09:55,144 [INFO] ollama_intel — Read 74 opportunities for 2026-03-07
2026-03-07 00:09:55,144 [INFO] ollama_intel — Calling Ollama (attempt 1/2)...
2026-03-07 00:09:59,132 [INFO] ollama_intel — Successfully received AI analysis from Ollama
2026-03-07 00:09:59,132 [INFO] ollama_intel — Market intelligence generated: ok
2026-03-07 00:09:59,133 [INFO] runner — Intelligence generated: ok
2026-03-07 00:09:59,133 [INFO] runner — Running ALFRED data quality check...
2026-03-07 00:09:59,133 [INFO] alfred — ALFRED: Running quality check on last 50 records...
2026-03-07 00:09:59,134 [INFO] alfred — ALFRED: dq_score 100.00% - OK
2026-03-07 00:09:59,137 [INFO] runner — Data quality: 100.00% (OK)
[2026-03-07 05:09:59 UTC] ✓ CYCLE #27 COMPLETED SUCCESSFULLY
[2026-03-07 05:09:59 UTC] ⏳ Waiting 20 minutes until next cycle...
[2026-03-07 05:09:59 UTC]    Next run at: 05:29:59 UTC
[2026-03-07 05:30:08 UTC] ─── CYCLE #28 START ───
[2026-03-07 05:30:42 UTC] STDOUT:
✅ DB inicializada: storage/batman.db

🦇 RISK SCORES TOP 10
SYM       VOL_Z   RISK REGIME
-----------------------------------
HLT        3.74   3.86 EXTREME
MAR        3.82   3.85 EXTREME
UAL        3.33   3.76 EXTREME
XLY        3.89   3.60 EXTREME
DKNG       3.71   3.35 EXTREME
XLK        3.49   3.31 EXTREME
TLT        4.09   3.25 EXTREME
DIS        3.92   3.19 EXTREME
PEP        4.17   3.17 EXTREME
FOXA       3.91   3.06 EXTREME
[scanner_cross] Scanning 3 pairs (threshold: 0.05%)...
  [scanner_cross] BTC: Binance $68014.98 | OKX $68016.10 | spread +0.0016%
  [scanner_cross] BTC: Skipped (spread 0.0016% < threshold 0.05%)
  [scanner_cross] ETH: Binance $1976.01 | OKX $1975.94 | spread -0.0035%
  [scanner_cross] ETH: Skipped (spread 0.0035% < threshold 0.05%)
  [scanner_cross] SOL: Binance $84.38 | OKX $84.38 | spread +0.0000%
  [scanner_cross] SOL: Skipped (spread 0.0000% < threshold 0.05%)
📡 Scanning P2P markets across LATAM...
  [scanner_p2p] Scanning USDT/MXN...
  [scanner_p2p] USDT/MXN: Buy $17.9040 | Spread +0.325% | EdgeNet +0.407% ✓ | Logged
  [scanner_p2p] Scanning USDT/COP...
  [scanner_p2p] USDT/COP: Buy $3759.6000 | Spread +0.464% | EdgeNet -0.322% ✗ | Logged
  [scanner_p2p] Scanning USDT/VES...
  [scanner_p2p] USDT/VES: Buy $613.4000 | Spread -0.577% | EdgeNet -0.667% ✗ | Logged
  [scanner_p2p] Scanning USDT/ARS...
  [scanner_p2p] USDT/ARS: Buy $1470.8800 | Spread +0.470% | EdgeNet +0.883% ✓ | Logged
📡 P2P scan complete: 4/4 pairs successful
[scanner_basis] Scanning BTCUSDT...
  [scanner_basis] Spot: $68014.98 | Futures: $67987.50 | Basis: -0.0404%
  [scanner_basis] Logged (basis 0.0404% >= threshold 0.02%)
Report saved: storage/reports/2026-03-07_05-30-42.json
Hash: 4d1ed428a61eea361d39a8cb610158ceee72ca4ad121ea132dcb81c37a102157
Ollama: AVAILABLE
Data Quality: 100.00% (OK)
[2026-03-07 05:30:42 UTC] STDERR:
2026-03-07 00:30:12,393 [INFO] engine — ✓ equity QQQ
2026-03-07 00:30:12,677 [INFO] engine — ✓ equity IWM
2026-03-07 00:30:12,964 [INFO] engine — ✓ equity XLF
2026-03-07 00:30:13,252 [INFO] engine — ✓ equity XLK
2026-03-07 00:30:13,556 [INFO] engine — ✓ equity XLE
2026-03-07 00:30:13,841 [INFO] engine — ✓ equity XLY
2026-03-07 00:30:14,121 [INFO] engine — ✓ equity XLP
2026-03-07 00:30:14,430 [INFO] engine — ✓ equity GLD
2026-03-07 00:30:16,780 [INFO] engine — ✓ equity TLT
2026-03-07 00:30:17,020 [INFO] engine — ✓ equity HYG
2026-03-07 00:30:17,294 [INFO] engine — ✓ equity MAR
2026-03-07 00:30:17,572 [INFO] engine — ✓ equity HLT
2026-03-07 00:30:17,875 [INFO] engine — ✓ equity DAL
2026-03-07 00:30:18,173 [INFO] engine — ✓ equity UAL
2026-03-07 00:30:18,424 [INFO] engine — ✓ equity DIS
2026-03-07 00:30:18,679 [INFO] engine — ✓ equity FOXA
2026-03-07 00:30:20,415 [INFO] engine — ✓ equity MCD
2026-03-07 00:30:20,830 [INFO] engine — ✓ equity KO
2026-03-07 00:30:21,201 [INFO] engine — ✓ equity PEP
2026-03-07 00:30:21,260 [INFO] engine — ✓ crypto ETH/USDT
2026-03-07 00:30:21,274 [INFO] engine — ✓ crypto BTC/USDT
2026-03-07 00:30:21,431 [INFO] engine — ✓ equity DKNG
2026-03-07 00:30:21,619 [INFO] engine — ✓ crypto SOL/USDT
2026-03-07 00:30:35,018 [INFO] scanner_p2p — Pre-fetching spot rates for all LATAM currencies...
2026-03-07 00:30:35,019 [INFO] scanner_p2p — Fetching fresh spot rates for: MXN, COP, VES, ARS
2026-03-07 00:30:35,268 [INFO] scanner_p2p — Fetched 3/4 rates from open.er-api.com
2026-03-07 00:30:35,567 [INFO] scanner_p2p — VES parallel rate: 615.35 (dolarapi.com)
2026-03-07 00:30:36,262 [INFO] scanner_p2p — Using cached spot rates (age: 1s)
2026-03-07 00:30:36,891 [INFO] scanner_p2p — Using cached spot rates (age: 2s)
2026-03-07 00:30:37,510 [INFO] scanner_p2p — Using cached spot rates (age: 2s)
2026-03-07 00:30:38,427 [INFO] scanner_p2p — Using cached spot rates (age: 3s)
2026-03-07 00:30:38,935 [INFO] runner — Generating market intelligence with Ollama...
2026-03-07 00:30:38,936 [INFO] ollama_intel — Generating market intelligence for 2026-03-07...
2026-03-07 00:30:38,937 [INFO] ollama_intel — Read 79 opportunities for 2026-03-07
2026-03-07 00:30:38,937 [INFO] ollama_intel — Calling Ollama (attempt 1/2)...
2026-03-07 00:30:42,678 [INFO] ollama_intel — Successfully received AI analysis from Ollama
2026-03-07 00:30:42,679 [INFO] ollama_intel — Market intelligence generated: ok
2026-03-07 00:30:42,680 [INFO] runner — Intelligence generated: ok
2026-03-07 00:30:42,680 [INFO] runner — Running ALFRED data quality check...
2026-03-07 00:30:42,680 [INFO] alfred — ALFRED: Running quality check on last 50 records...
2026-03-07 00:30:42,682 [INFO] alfred — ALFRED: dq_score 100.00% - OK
2026-03-07 00:30:42,683 [INFO] runner — Data quality: 100.00% (OK)
[2026-03-07 05:30:42 UTC] ✓ CYCLE #28 COMPLETED SUCCESSFULLY
[2026-03-07 05:30:42 UTC] ⏳ Waiting 20 minutes until next cycle...
[2026-03-07 05:30:42 UTC]    Next run at: 05:50:42 UTC
[2026-03-07 05:50:51 UTC] ─── CYCLE #29 START ───
[2026-03-07 05:51:23 UTC] STDOUT:
✅ DB inicializada: storage/batman.db

🦇 RISK SCORES TOP 10
SYM       VOL_Z   RISK REGIME
-----------------------------------
HLT        3.74   3.86 EXTREME
MAR        3.82   3.85 EXTREME
UAL        3.33   3.76 EXTREME
XLY        3.89   3.60 EXTREME
DKNG       3.71   3.35 EXTREME
XLK        3.49   3.31 EXTREME
TLT        4.09   3.25 EXTREME
DIS        3.92   3.19 EXTREME
PEP        4.17   3.17 EXTREME
FOXA       3.91   3.06 EXTREME
[scanner_cross] Scanning 3 pairs (threshold: 0.05%)...
  [scanner_cross] BTC: Binance $68050.06 | OKX $68057.50 | spread +0.0109%
  [scanner_cross] BTC: Skipped (spread 0.0109% < threshold 0.05%)
  [scanner_cross] ETH: Binance $1978.22 | OKX $1978.01 | spread -0.0106%
  [scanner_cross] ETH: Skipped (spread 0.0106% < threshold 0.05%)
  [scanner_cross] SOL: Binance $84.45 | OKX $84.45 | spread +0.0000%
  [scanner_cross] SOL: Skipped (spread 0.0000% < threshold 0.05%)
📡 Scanning P2P markets across LATAM...
  [scanner_p2p] Scanning USDT/MXN...
  [scanner_p2p] USDT/MXN: Buy $17.9100 | Spread +0.359% | EdgeNet +0.440% ✓ | Logged
  [scanner_p2p] Scanning USDT/COP...
  [scanner_p2p] USDT/COP: Buy $3753.4000 | Spread +0.362% | EdgeNet -0.487% ✗ | Logged
  [scanner_p2p] Scanning USDT/VES...
  [scanner_p2p] USDT/VES: Buy $613.5780 | Spread -0.550% | EdgeNet -0.638% ✗ | Logged
  [scanner_p2p] Scanning USDT/ARS...
  [scanner_p2p] USDT/ARS: Buy $1470.9000 | Spread +0.466% | EdgeNet +0.884% ✓ | Logged
📡 P2P scan complete: 4/4 pairs successful
[scanner_basis] Scanning BTCUSDT...
  [scanner_basis] Spot: $68050.07 | Futures: $68020.10 | Basis: -0.0440%
  [scanner_basis] Logged (basis 0.0440% >= threshold 0.02%)
Report saved: storage/reports/2026-03-07_05-51-23.json
Hash: 672621e9ac7fa5bc9cb23e11795d2b903bbeafa60802885a9da969ecb6ceb9e3
Ollama: AVAILABLE
Data Quality: 100.00% (OK)
[2026-03-07 05:51:23 UTC] STDERR:
2026-03-07 00:50:55,520 [INFO] engine — ✓ equity QQQ
2026-03-07 00:50:55,771 [INFO] engine — ✓ equity IWM
2026-03-07 00:50:56,023 [INFO] engine — ✓ equity XLF
2026-03-07 00:50:56,277 [INFO] engine — ✓ equity XLK
2026-03-07 00:50:56,525 [INFO] engine — ✓ equity XLE
2026-03-07 00:50:56,776 [INFO] engine — ✓ equity XLY
2026-03-07 00:50:57,028 [INFO] engine — ✓ equity XLP
2026-03-07 00:50:57,315 [INFO] engine — ✓ equity GLD
2026-03-07 00:50:59,849 [INFO] engine — ✓ equity TLT
2026-03-07 00:51:00,110 [INFO] engine — ✓ equity HYG
2026-03-07 00:51:00,390 [INFO] engine — ✓ equity MAR
2026-03-07 00:51:00,677 [INFO] engine — ✓ equity HLT
2026-03-07 00:51:00,958 [INFO] engine — ✓ equity DAL
2026-03-07 00:51:01,236 [INFO] engine — ✓ equity UAL
2026-03-07 00:51:01,558 [INFO] engine — ✓ equity DIS
2026-03-07 00:51:02,074 [INFO] engine — ✓ equity FOXA
2026-03-07 00:51:03,778 [INFO] engine — ✓ equity MCD
2026-03-07 00:51:04,022 [INFO] engine — ✓ equity KO
2026-03-07 00:51:04,220 [INFO] engine — ✓ crypto SOL/USDT
2026-03-07 00:51:04,244 [INFO] engine — ✓ crypto ETH/USDT
2026-03-07 00:51:04,297 [INFO] engine — ✓ equity PEP
2026-03-07 00:51:04,580 [INFO] engine — ✓ equity DKNG
2026-03-07 00:51:04,755 [INFO] engine — ✓ crypto BTC/USDT
2026-03-07 00:51:15,529 [INFO] scanner_p2p — Pre-fetching spot rates for all LATAM currencies...
2026-03-07 00:51:15,529 [INFO] scanner_p2p — Fetching fresh spot rates for: MXN, COP, VES, ARS
2026-03-07 00:51:15,789 [INFO] scanner_p2p — Fetched 3/4 rates from open.er-api.com
2026-03-07 00:51:16,126 [INFO] scanner_p2p — VES parallel rate: 615.35 (dolarapi.com)
2026-03-07 00:51:16,986 [INFO] scanner_p2p — Using cached spot rates (age: 1s)
2026-03-07 00:51:17,683 [INFO] scanner_p2p — Using cached spot rates (age: 2s)
2026-03-07 00:51:18,305 [INFO] scanner_p2p — Using cached spot rates (age: 3s)
2026-03-07 00:51:19,212 [INFO] scanner_p2p — Using cached spot rates (age: 4s)
2026-03-07 00:51:19,719 [INFO] runner — Generating market intelligence with Ollama...
2026-03-07 00:51:19,720 [INFO] ollama_intel — Generating market intelligence for 2026-03-07...
2026-03-07 00:51:19,722 [INFO] ollama_intel — Read 84 opportunities for 2026-03-07
2026-03-07 00:51:19,723 [INFO] ollama_intel — Calling Ollama (attempt 1/2)...
2026-03-07 00:51:23,707 [INFO] ollama_intel — Successfully received AI analysis from Ollama
2026-03-07 00:51:23,708 [INFO] ollama_intel — Market intelligence generated: ok
2026-03-07 00:51:23,709 [INFO] runner — Intelligence generated: ok
2026-03-07 00:51:23,709 [INFO] runner — Running ALFRED data quality check...
2026-03-07 00:51:23,709 [INFO] alfred — ALFRED: Running quality check on last 50 records...
2026-03-07 00:51:23,710 [INFO] alfred — ALFRED: dq_score 100.00% - OK
2026-03-07 00:51:23,712 [INFO] runner — Data quality: 100.00% (OK)
[2026-03-07 05:51:23 UTC] ✓ CYCLE #29 COMPLETED SUCCESSFULLY
[2026-03-07 05:51:23 UTC] ⏳ Waiting 20 minutes until next cycle...
[2026-03-07 05:51:23 UTC]    Next run at: 06:11:23 UTC
[2026-03-07 06:11:32 UTC] ─── CYCLE #30 START ───
[2026-03-07 06:12:04 UTC] STDOUT:
✅ DB inicializada: storage/batman.db

🦇 RISK SCORES TOP 10
SYM       VOL_Z   RISK REGIME
-----------------------------------
HLT        3.74   3.86 EXTREME
MAR        3.82   3.85 EXTREME
UAL        3.33   3.76 EXTREME
XLY        3.89   3.60 EXTREME
DKNG       3.71   3.35 EXTREME
XLK        3.49   3.31 EXTREME
TLT        4.09   3.25 EXTREME
DIS        3.92   3.19 EXTREME
PEP        4.17   3.17 EXTREME
FOXA       3.91   3.06 EXTREME
[scanner_cross] Scanning 3 pairs (threshold: 0.05%)...
  [scanner_cross] BTC: Binance $67957.17 | OKX $67956.40 | spread -0.0011%
  [scanner_cross] BTC: Skipped (spread 0.0011% < threshold 0.05%)
  [scanner_cross] ETH: Binance $1975.43 | OKX $1975.15 | spread -0.0142%
  [scanner_cross] ETH: Skipped (spread 0.0142% < threshold 0.05%)
  [scanner_cross] SOL: Binance $84.12 | OKX $84.11 | spread -0.0119%
  [scanner_cross] SOL: Skipped (spread 0.0119% < threshold 0.05%)
📡 Scanning P2P markets across LATAM...
  [scanner_p2p] Scanning USDT/MXN...
  [scanner_p2p] USDT/MXN: Buy $17.9100 | Spread +0.359% | EdgeNet +0.440% ✓ | Logged
  [scanner_p2p] Scanning USDT/COP...
  [scanner_p2p] USDT/COP: Buy $3753.4000 | Spread +0.362% | EdgeNet -0.487% ✗ | Logged
  [scanner_p2p] Scanning USDT/VES...
  [scanner_p2p] USDT/VES: Buy $613.4134 | Spread -0.589% | EdgeNet -0.665% ✗ | Logged
  [scanner_p2p] Scanning USDT/ARS...
  [scanner_p2p] USDT/ARS: Buy $1470.4600 | Spread +0.557% | EdgeNet +0.854% ✓ | Logged
📡 P2P scan complete: 4/4 pairs successful
[scanner_basis] Scanning BTCUSDT...
  [scanner_basis] Spot: $67955.01 | Futures: $67922.00 | Basis: -0.0486%
  [scanner_basis] Logged (basis 0.0486% >= threshold 0.02%)
Report saved: storage/reports/2026-03-07_06-12-04.json
Hash: 10a39d468e8247f52451544a06189576fd048d63a8cae240ab25824932166d72
Ollama: AVAILABLE
Data Quality: 100.00% (OK)
[2026-03-07 06:12:04 UTC] STDERR:
2026-03-07 01:11:36,783 [INFO] engine — ✓ equity QQQ
2026-03-07 01:11:37,100 [INFO] engine — ✓ equity IWM
2026-03-07 01:11:37,415 [INFO] engine — ✓ equity XLF
2026-03-07 01:11:37,701 [INFO] engine — ✓ equity XLK
2026-03-07 01:11:38,008 [INFO] engine — ✓ equity XLE
2026-03-07 01:11:38,291 [INFO] engine — ✓ equity XLY
2026-03-07 01:11:38,576 [INFO] engine — ✓ equity XLP
2026-03-07 01:11:38,883 [INFO] engine — ✓ equity GLD
2026-03-07 01:11:41,520 [INFO] engine — ✓ equity TLT
2026-03-07 01:11:41,802 [INFO] engine — ✓ equity HYG
2026-03-07 01:11:42,096 [INFO] engine — ✓ equity MAR
2026-03-07 01:11:42,402 [INFO] engine — ✓ equity HLT
2026-03-07 01:11:42,697 [INFO] engine — ✓ equity DAL
2026-03-07 01:11:43,029 [INFO] engine — ✓ equity UAL
2026-03-07 01:11:43,588 [INFO] engine — ✓ equity DIS
2026-03-07 01:11:44,202 [INFO] engine — ✓ equity FOXA
2026-03-07 01:11:46,648 [INFO] engine — ✓ equity MCD
2026-03-07 01:11:46,973 [INFO] engine — ✓ equity KO
2026-03-07 01:11:47,148 [INFO] engine — ✓ crypto SOL/USDT
2026-03-07 01:11:47,189 [INFO] engine — ✓ crypto BTC/USDT
2026-03-07 01:11:47,189 [INFO] engine — ✓ crypto ETH/USDT
2026-03-07 01:11:47,268 [INFO] engine — ✓ equity PEP
2026-03-07 01:11:47,574 [INFO] engine — ✓ equity DKNG
2026-03-07 01:11:55,815 [INFO] scanner_p2p — Pre-fetching spot rates for all LATAM currencies...
2026-03-07 01:11:55,816 [INFO] scanner_p2p — Fetching fresh spot rates for: MXN, COP, VES, ARS
2026-03-07 01:11:56,074 [INFO] scanner_p2p — Fetched 3/4 rates from open.er-api.com
2026-03-07 01:11:56,416 [INFO] scanner_p2p — VES parallel rate: 615.35 (dolarapi.com)
2026-03-07 01:11:57,237 [INFO] scanner_p2p — Using cached spot rates (age: 1s)
2026-03-07 01:11:57,902 [INFO] scanner_p2p — Using cached spot rates (age: 2s)
2026-03-07 01:11:58,560 [INFO] scanner_p2p — Using cached spot rates (age: 3s)
2026-03-07 01:11:59,516 [INFO] scanner_p2p — Using cached spot rates (age: 4s)
2026-03-07 01:12:00,207 [INFO] runner — Generating market intelligence with Ollama...
2026-03-07 01:12:00,207 [INFO] ollama_intel — Generating market intelligence for 2026-03-07...
2026-03-07 01:12:00,209 [INFO] ollama_intel — Read 89 opportunities for 2026-03-07
2026-03-07 01:12:00,209 [INFO] ollama_intel — Calling Ollama (attempt 1/2)...
2026-03-07 01:12:04,011 [INFO] ollama_intel — Successfully received AI analysis from Ollama
2026-03-07 01:12:04,012 [INFO] ollama_intel — Market intelligence generated: ok
2026-03-07 01:12:04,013 [INFO] runner — Intelligence generated: ok
2026-03-07 01:12:04,013 [INFO] runner — Running ALFRED data quality check...
2026-03-07 01:12:04,013 [INFO] alfred — ALFRED: Running quality check on last 50 records...
2026-03-07 01:12:04,014 [INFO] alfred — ALFRED: dq_score 100.00% - OK
2026-03-07 01:12:04,015 [INFO] runner — Data quality: 100.00% (OK)
[2026-03-07 06:12:04 UTC] ✓ CYCLE #30 COMPLETED SUCCESSFULLY
[2026-03-07 06:12:04 UTC] ⏳ Waiting 20 minutes until next cycle...
[2026-03-07 06:12:04 UTC]    Next run at: 06:32:04 UTC
[2026-03-07 06:32:12 UTC] ─── CYCLE #31 START ───
[2026-03-07 06:32:42 UTC] STDOUT:
✅ DB inicializada: storage/batman.db

🦇 RISK SCORES TOP 10
SYM       VOL_Z   RISK REGIME
-----------------------------------
HLT        3.74   3.86 EXTREME
MAR        3.82   3.85 EXTREME
UAL        3.33   3.76 EXTREME
XLY        3.89   3.60 EXTREME
DKNG       3.71   3.35 EXTREME
XLK        3.49   3.31 EXTREME
TLT        4.09   3.25 EXTREME
DIS        3.92   3.19 EXTREME
PEP        4.17   3.17 EXTREME
FOXA       3.91   3.06 EXTREME
[scanner_cross] Scanning 3 pairs (threshold: 0.05%)...
  [scanner_cross] BTC: Binance $67913.08 | OKX $67914.00 | spread +0.0014%
  [scanner_cross] BTC: Skipped (spread 0.0014% < threshold 0.05%)
  [scanner_cross] ETH: Binance $1975.69 | OKX $1975.31 | spread -0.0192%
  [scanner_cross] ETH: Skipped (spread 0.0192% < threshold 0.05%)
  [scanner_cross] SOL: Binance $84.25 | OKX $84.25 | spread +0.0000%
  [scanner_cross] SOL: Skipped (spread 0.0000% < threshold 0.05%)
📡 Scanning P2P markets across LATAM...
  [scanner_p2p] Scanning USDT/MXN...
  [scanner_p2p] USDT/MXN: Buy $17.9080 | Spread +0.336% | EdgeNet +0.429% ✓ | Logged
  [scanner_p2p] Scanning USDT/COP...
  [scanner_p2p] USDT/COP: Buy $3759.4000 | Spread +0.533% | EdgeNet -0.327% ✗ | Logged
  [scanner_p2p] Scanning USDT/VES...
  [scanner_p2p] USDT/VES: Buy $613.5600 | Spread -0.568% | EdgeNet -0.641% ✗ | Logged
  [scanner_p2p] Scanning USDT/ARS...
  [scanner_p2p] USDT/ARS: Buy $1470.5500 | Spread +0.559% | EdgeNet +0.860% ✓ | Logged
📡 P2P scan complete: 4/4 pairs successful
[scanner_basis] Scanning BTCUSDT...
  [scanner_basis] Spot: $67890.54 | Futures: $67887.60 | Basis: -0.0043%
  [scanner_basis] Skipped (basis 0.0043% < threshold 0.02%)
Report saved: storage/reports/2026-03-07_06-32-42.json
Hash: f9c6a984269f950a2c656c45596fbec28095a0b18682651514607bad455f2fd2
Ollama: AVAILABLE
Data Quality: 100.00% (OK)
[2026-03-07 06:32:42 UTC] STDERR:
2026-03-07 01:32:16,801 [INFO] engine — ✓ equity QQQ
2026-03-07 01:32:17,091 [INFO] engine — ✓ equity IWM
2026-03-07 01:32:17,349 [INFO] engine — ✓ equity XLF
2026-03-07 01:32:17,609 [INFO] engine — ✓ equity XLK
2026-03-07 01:32:17,903 [INFO] engine — ✓ equity XLE
2026-03-07 01:32:18,161 [INFO] engine — ✓ equity XLY
2026-03-07 01:32:18,414 [INFO] engine — ✓ equity XLP
2026-03-07 01:32:18,709 [INFO] engine — ✓ equity GLD
2026-03-07 01:32:21,187 [INFO] engine — ✓ equity TLT
2026-03-07 01:32:21,459 [INFO] engine — ✓ equity HYG
2026-03-07 01:32:21,741 [INFO] engine — ✓ equity MAR
2026-03-07 01:32:21,992 [INFO] engine — ✓ equity HLT
2026-03-07 01:32:22,380 [INFO] engine — ✓ equity DAL
2026-03-07 01:32:22,655 [INFO] engine — ✓ equity UAL
2026-03-07 01:32:23,111 [INFO] engine — ✓ equity DIS
2026-03-07 01:32:23,437 [INFO] engine — ✓ equity FOXA
2026-03-07 01:32:25,176 [INFO] engine — ✓ equity MCD
2026-03-07 01:32:25,216 [INFO] engine — ✓ crypto ETH/USDT
2026-03-07 01:32:25,435 [INFO] engine — ✓ equity KO
2026-03-07 01:32:25,682 [INFO] engine — ✓ equity PEP
2026-03-07 01:32:25,769 [INFO] engine — ✓ crypto BTC/USDT
2026-03-07 01:32:25,971 [INFO] engine — ✓ equity DKNG
2026-03-07 01:32:26,005 [INFO] engine — ✓ crypto SOL/USDT
2026-03-07 01:32:34,557 [INFO] scanner_p2p — Pre-fetching spot rates for all LATAM currencies...
2026-03-07 01:32:34,557 [INFO] scanner_p2p — Fetching fresh spot rates for: MXN, COP, VES, ARS
2026-03-07 01:32:34,834 [INFO] scanner_p2p — Fetched 3/4 rates from open.er-api.com
2026-03-07 01:32:35,181 [INFO] scanner_p2p — VES parallel rate: 615.35 (dolarapi.com)
2026-03-07 01:32:35,833 [INFO] scanner_p2p — Using cached spot rates (age: 1s)
2026-03-07 01:32:36,476 [INFO] scanner_p2p — Using cached spot rates (age: 2s)
2026-03-07 01:32:37,114 [INFO] scanner_p2p — Using cached spot rates (age: 3s)
2026-03-07 01:32:38,014 [INFO] scanner_p2p — Using cached spot rates (age: 3s)
2026-03-07 01:32:38,523 [INFO] runner — Generating market intelligence with Ollama...
2026-03-07 01:32:38,523 [INFO] ollama_intel — Generating market intelligence for 2026-03-07...
2026-03-07 01:32:38,526 [INFO] ollama_intel — Read 93 opportunities for 2026-03-07
2026-03-07 01:32:38,526 [INFO] ollama_intel — Calling Ollama (attempt 1/2)...
2026-03-07 01:32:42,508 [INFO] ollama_intel — Successfully received AI analysis from Ollama
2026-03-07 01:32:42,509 [INFO] ollama_intel — Market intelligence generated: ok
2026-03-07 01:32:42,509 [INFO] runner — Intelligence generated: ok
2026-03-07 01:32:42,509 [INFO] runner — Running ALFRED data quality check...
2026-03-07 01:32:42,510 [INFO] alfred — ALFRED: Running quality check on last 50 records...
2026-03-07 01:32:42,511 [INFO] alfred — ALFRED: dq_score 100.00% - OK
2026-03-07 01:32:42,513 [INFO] runner — Data quality: 100.00% (OK)
[2026-03-07 06:32:42 UTC] ✓ CYCLE #31 COMPLETED SUCCESSFULLY
[2026-03-07 06:32:42 UTC] ⏳ Waiting 20 minutes until next cycle...
[2026-03-07 06:32:42 UTC]    Next run at: 06:52:42 UTC
[2026-03-07 06:52:51 UTC] ─── CYCLE #32 START ───
[2026-03-07 06:53:31 UTC] STDOUT:
✅ DB inicializada: storage/batman.db

🦇 RISK SCORES TOP 10
SYM       VOL_Z   RISK REGIME
-----------------------------------
HLT        3.74   3.86 EXTREME
MAR        3.82   3.85 EXTREME
UAL        3.33   3.76 EXTREME
XLY        3.89   3.60 EXTREME
DKNG       3.71   3.35 EXTREME
XLK        3.49   3.31 EXTREME
TLT        4.09   3.25 EXTREME
DIS        3.92   3.19 EXTREME
PEP        4.17   3.17 EXTREME
FOXA       3.91   3.06 EXTREME
[scanner_cross] Scanning 3 pairs (threshold: 0.05%)...
  [scanner_cross] BTC: Binance $67731.48 | OKX $67724.30 | spread -0.0106%
  [scanner_cross] BTC: Skipped (spread 0.0106% < threshold 0.05%)
  [scanner_cross] ETH: Binance $1971.34 | OKX $1971.10 | spread -0.0122%
  [scanner_cross] ETH: Skipped (spread 0.0122% < threshold 0.05%)
  [scanner_cross] SOL: Binance $84.01 | OKX $84.01 | spread +0.0000%
  [scanner_cross] SOL: Skipped (spread 0.0000% < threshold 0.05%)
📡 Scanning P2P markets across LATAM...
  [scanner_p2p] Scanning USDT/MXN...
  [scanner_p2p] USDT/MXN: Buy $17.9140 | Spread +0.370% | EdgeNet +0.463% ✓ | Logged
  [scanner_p2p] Scanning USDT/COP...
  [scanner_p2p] USDT/COP: Buy $3760.3260 | Spread +0.558% | EdgeNet -0.302% ✗ | Logged
  [scanner_p2p] Scanning USDT/VES...
  [scanner_p2p] USDT/VES: Buy $613.8952 | Spread -0.513% | EdgeNet -0.586% ✗ | Logged
  [scanner_p2p] Scanning USDT/ARS...
  [scanner_p2p] USDT/ARS: Buy $1470.5500 | Spread +0.583% | EdgeNet +0.860% ✓ | Logged
📡 P2P scan complete: 4/4 pairs successful
[scanner_basis] Scanning BTCUSDT...
  [scanner_basis] Spot: $67768.69 | Futures: $67692.70 | Basis: -0.1121%
  [scanner_basis] Logged (basis 0.1121% >= threshold 0.02%)
Report saved: storage/reports/2026-03-07_06-53-31.json
Hash: 42d743be4bd2aaa89cac8c366e397755d8525818057c8f63913e863342828c08
Ollama: AVAILABLE
Data Quality: 100.00% (OK)
[2026-03-07 06:53:31 UTC] STDERR:
2026-03-07 01:52:55,372 [INFO] engine — ✓ equity QQQ
2026-03-07 01:52:55,681 [INFO] engine — ✓ equity IWM
2026-03-07 01:52:55,945 [INFO] engine — ✓ equity XLF
2026-03-07 01:52:56,268 [INFO] engine — ✓ equity XLK
2026-03-07 01:52:56,532 [INFO] engine — ✓ equity XLE
2026-03-07 01:52:56,794 [INFO] engine — ✓ equity XLY
2026-03-07 01:52:57,055 [INFO] engine — ✓ equity XLP
2026-03-07 01:52:57,343 [INFO] engine — ✓ equity GLD
2026-03-07 01:52:59,754 [INFO] engine — ✓ equity TLT
2026-03-07 01:52:59,996 [INFO] engine — ✓ equity HYG
2026-03-07 01:53:00,240 [INFO] engine — ✓ equity MAR
2026-03-07 01:53:00,523 [INFO] engine — ✓ equity HLT
2026-03-07 01:53:00,808 [INFO] engine — ✓ equity DAL
2026-03-07 01:53:01,141 [INFO] engine — ✓ equity UAL
2026-03-07 01:53:01,458 [INFO] engine — ✓ equity DIS
2026-03-07 01:53:01,705 [INFO] engine — ✓ equity FOXA
2026-03-07 01:53:03,511 [INFO] engine — ✓ equity MCD
2026-03-07 01:53:03,780 [INFO] engine — ✓ equity KO
2026-03-07 01:53:03,933 [INFO] engine — ✓ crypto BTC/USDT
2026-03-07 01:53:03,958 [INFO] engine — ✓ crypto ETH/USDT
2026-03-07 01:53:04,079 [INFO] engine — ✓ equity PEP
2026-03-07 01:53:04,193 [INFO] engine — ✓ crypto SOL/USDT
2026-03-07 01:53:04,339 [INFO] engine — ✓ equity DKNG
2026-03-07 01:53:22,937 [INFO] scanner_p2p — Pre-fetching spot rates for all LATAM currencies...
2026-03-07 01:53:22,937 [INFO] scanner_p2p — Fetching fresh spot rates for: MXN, COP, VES, ARS
2026-03-07 01:53:23,222 [INFO] scanner_p2p — Fetched 3/4 rates from open.er-api.com
2026-03-07 01:53:23,552 [INFO] scanner_p2p — VES parallel rate: 615.35 (dolarapi.com)
2026-03-07 01:53:24,188 [INFO] scanner_p2p — Using cached spot rates (age: 1s)
2026-03-07 01:53:24,824 [INFO] scanner_p2p — Using cached spot rates (age: 2s)
2026-03-07 01:53:25,461 [INFO] scanner_p2p — Using cached spot rates (age: 3s)
2026-03-07 01:53:26,423 [INFO] scanner_p2p — Using cached spot rates (age: 3s)
2026-03-07 01:53:27,250 [INFO] runner — Generating market intelligence with Ollama...
2026-03-07 01:53:27,250 [INFO] ollama_intel — Generating market intelligence for 2026-03-07...
2026-03-07 01:53:27,252 [INFO] ollama_intel — Read 98 opportunities for 2026-03-07
2026-03-07 01:53:27,253 [INFO] ollama_intel — Calling Ollama (attempt 1/2)...
2026-03-07 01:53:31,561 [INFO] ollama_intel — Successfully received AI analysis from Ollama
2026-03-07 01:53:31,562 [INFO] ollama_intel — Market intelligence generated: ok
2026-03-07 01:53:31,563 [INFO] runner — Intelligence generated: ok
2026-03-07 01:53:31,563 [INFO] runner — Running ALFRED data quality check...
2026-03-07 01:53:31,563 [INFO] alfred — ALFRED: Running quality check on last 50 records...
2026-03-07 01:53:31,564 [INFO] alfred — ALFRED: dq_score 100.00% - OK
2026-03-07 01:53:31,565 [INFO] runner — Data quality: 100.00% (OK)
[2026-03-07 06:53:31 UTC] ✓ CYCLE #32 COMPLETED SUCCESSFULLY
[2026-03-07 06:53:31 UTC] ⏳ Waiting 20 minutes until next cycle...
[2026-03-07 06:53:31 UTC]    Next run at: 07:13:31 UTC
[2026-03-07 07:13:40 UTC] ─── CYCLE #33 START ───
[2026-03-07 07:14:09 UTC] STDOUT:
✅ DB inicializada: storage/batman.db

🦇 RISK SCORES TOP 10
SYM       VOL_Z   RISK REGIME
-----------------------------------
HLT        3.74   3.86 EXTREME
MAR        3.82   3.85 EXTREME
UAL        3.33   3.76 EXTREME
XLY        3.89   3.60 EXTREME
DKNG       3.71   3.35 EXTREME
XLK        3.49   3.31 EXTREME
TLT        4.09   3.25 EXTREME
DIS        3.92   3.19 EXTREME
PEP        4.17   3.17 EXTREME
FOXA       3.91   3.06 EXTREME
[scanner_cross] Scanning 3 pairs (threshold: 0.05%)...
  [scanner_cross] BTC: Binance $67654.92 | OKX $67648.00 | spread -0.0102%
  [scanner_cross] BTC: Skipped (spread 0.0102% < threshold 0.05%)
  [scanner_cross] ETH: Binance $1972.98 | OKX $1973.25 | spread +0.0137%
  [scanner_cross] ETH: Skipped (spread 0.0137% < threshold 0.05%)
  [scanner_cross] SOL: Binance $84.16 | OKX $84.15 | spread -0.0119%
  [scanner_cross] SOL: Skipped (spread 0.0119% < threshold 0.05%)
📡 Scanning P2P markets across LATAM...
  [scanner_p2p] Scanning USDT/MXN...
  [scanner_p2p] USDT/MXN: Buy $17.9180 | Spread +0.392% | EdgeNet +0.485% ✓ | Logged
  [scanner_p2p] Scanning USDT/COP...
  [scanner_p2p] USDT/COP: Buy $3760.0000 | Spread +0.549% | EdgeNet -0.311% ✗ | Logged
  [scanner_p2p] Scanning USDT/VES...
  [scanner_p2p] USDT/VES: Buy $613.8952 | Spread -0.513% | EdgeNet -0.586% ✗ | Logged
  [scanner_p2p] Scanning USDT/ARS...
  [scanner_p2p] USDT/ARS: Buy $1470.4600 | Spread +0.537% | EdgeNet +0.854% ✓ | Logged
📡 P2P scan complete: 4/4 pairs successful
[scanner_basis] Scanning BTCUSDT...
  [scanner_basis] Spot: $67656.00 | Futures: $67629.20 | Basis: -0.0396%
  [scanner_basis] Logged (basis 0.0396% >= threshold 0.02%)
Report saved: storage/reports/2026-03-07_07-14-09.json
Hash: 5a5f271f0c8e7b7269cb61584f1de447867a2739af27ab8b873dd1d0437a84f0
Ollama: AVAILABLE
Data Quality: 100.00% (OK)
[2026-03-07 07:14:09 UTC] STDERR:
2026-03-07 02:13:44,531 [INFO] engine — ✓ equity QQQ
2026-03-07 02:13:44,796 [INFO] engine — ✓ equity IWM
2026-03-07 02:13:45,164 [INFO] engine — ✓ equity XLF
2026-03-07 02:13:45,452 [INFO] engine — ✓ equity XLK
2026-03-07 02:13:45,747 [INFO] engine — ✓ equity XLE
2026-03-07 02:13:46,004 [INFO] engine — ✓ equity XLY
2026-03-07 02:13:46,259 [INFO] engine — ✓ equity XLP
2026-03-07 02:13:46,561 [INFO] engine — ✓ equity GLD
2026-03-07 02:13:49,261 [INFO] engine — ✓ equity TLT
2026-03-07 02:13:49,524 [INFO] engine — ✓ equity HYG
2026-03-07 02:13:49,820 [INFO] engine — ✓ equity MAR
2026-03-07 02:13:50,100 [INFO] engine — ✓ equity HLT
2026-03-07 02:13:50,400 [INFO] engine — ✓ equity DAL
2026-03-07 02:13:50,704 [INFO] engine — ✓ equity UAL
2026-03-07 02:13:51,022 [INFO] engine — ✓ equity DIS
2026-03-07 02:13:51,336 [INFO] engine — ✓ equity FOXA
2026-03-07 02:13:52,970 [INFO] engine — ✓ equity MCD
2026-03-07 02:13:53,201 [INFO] engine — ✓ crypto ETH/USDT
2026-03-07 02:13:53,247 [INFO] engine — ✓ equity KO
2026-03-07 02:13:53,311 [INFO] engine — ✓ crypto BTC/USDT
2026-03-07 02:13:53,439 [INFO] engine — ✓ crypto SOL/USDT
2026-03-07 02:13:53,494 [INFO] engine — ✓ equity PEP
2026-03-07 02:13:53,753 [INFO] engine — ✓ equity DKNG
2026-03-07 02:14:01,472 [INFO] scanner_p2p — Pre-fetching spot rates for all LATAM currencies...
2026-03-07 02:14:01,472 [INFO] scanner_p2p — Fetching fresh spot rates for: MXN, COP, VES, ARS
2026-03-07 02:14:01,744 [INFO] scanner_p2p — Fetched 3/4 rates from open.er-api.com
2026-03-07 02:14:02,043 [INFO] scanner_p2p — VES parallel rate: 615.35 (dolarapi.com)
2026-03-07 02:14:02,816 [INFO] scanner_p2p — Using cached spot rates (age: 1s)
2026-03-07 02:14:03,439 [INFO] scanner_p2p — Using cached spot rates (age: 2s)
2026-03-07 02:14:04,069 [INFO] scanner_p2p — Using cached spot rates (age: 3s)
2026-03-07 02:14:04,991 [INFO] scanner_p2p — Using cached spot rates (age: 4s)
2026-03-07 02:14:05,509 [INFO] runner — Generating market intelligence with Ollama...
2026-03-07 02:14:05,509 [INFO] ollama_intel — Generating market intelligence for 2026-03-07...
2026-03-07 02:14:05,511 [INFO] ollama_intel — Read 103 opportunities for 2026-03-07
2026-03-07 02:14:05,512 [INFO] ollama_intel — Calling Ollama (attempt 1/2)...
2026-03-07 02:14:09,170 [INFO] ollama_intel — Successfully received AI analysis from Ollama
2026-03-07 02:14:09,171 [INFO] ollama_intel — Market intelligence generated: ok
2026-03-07 02:14:09,172 [INFO] runner — Intelligence generated: ok
2026-03-07 02:14:09,172 [INFO] runner — Running ALFRED data quality check...
2026-03-07 02:14:09,172 [INFO] alfred — ALFRED: Running quality check on last 50 records...
2026-03-07 02:14:09,174 [INFO] alfred — ALFRED: dq_score 100.00% - OK
2026-03-07 02:14:09,175 [INFO] runner — Data quality: 100.00% (OK)
[2026-03-07 07:14:09 UTC] ✓ CYCLE #33 COMPLETED SUCCESSFULLY
[2026-03-07 07:14:09 UTC] ⏳ Waiting 20 minutes until next cycle...
[2026-03-07 07:14:09 UTC]    Next run at: 07:34:09 UTC
[2026-03-07 07:34:18 UTC] ─── CYCLE #34 START ───
[2026-03-07 07:34:59 UTC] STDOUT:
✅ DB inicializada: storage/batman.db

🦇 RISK SCORES TOP 10
SYM       VOL_Z   RISK REGIME
-----------------------------------
HLT        3.74   3.86 EXTREME
MAR        3.82   3.85 EXTREME
UAL        3.33   3.76 EXTREME
XLY        3.89   3.60 EXTREME
DKNG       3.71   3.35 EXTREME
XLK        3.49   3.31 EXTREME
TLT        4.09   3.25 EXTREME
DIS        3.92   3.19 EXTREME
PEP        4.17   3.17 EXTREME
FOXA       3.91   3.06 EXTREME
[scanner_cross] Scanning 3 pairs (threshold: 0.05%)...
  [scanner_cross] BTC: Binance $67745.44 | OKX $67751.00 | spread +0.0082%
  [scanner_cross] BTC: Skipped (spread 0.0082% < threshold 0.05%)
  [scanner_cross] ETH: Binance $1976.99 | OKX $1977.35 | spread +0.0182%
  [scanner_cross] ETH: Skipped (spread 0.0182% < threshold 0.05%)
  [scanner_cross] SOL: Binance $84.19 | OKX $84.19 | spread +0.0000%
  [scanner_cross] SOL: Skipped (spread 0.0000% < threshold 0.05%)
📡 Scanning P2P markets across LATAM...
  [scanner_p2p] Scanning USDT/MXN...
  [scanner_p2p] USDT/MXN: Buy $17.9180 | Spread +0.392% | EdgeNet +0.485% ✓ | Logged
  [scanner_p2p] Scanning USDT/COP...
  [scanner_p2p] USDT/COP: Buy $3760.0000 | Spread +0.549% | EdgeNet -0.311% ✗ | Logged
  [scanner_p2p] Scanning USDT/VES...
  [scanner_p2p] USDT/VES: Buy $613.8952 | Spread -0.513% | EdgeNet -0.586% ✗ | Logged
  [scanner_p2p] Scanning USDT/ARS...
  [scanner_p2p] USDT/ARS: Buy $1467.2200 | Spread +0.273% | EdgeNet +0.631% ✓ | Logged
📡 P2P scan complete: 4/4 pairs successful
[scanner_basis] Scanning BTCUSDT...
  [scanner_basis] Spot: $67745.44 | Futures: $67708.40 | Basis: -0.0547%
  [scanner_basis] Logged (basis 0.0547% >= threshold 0.02%)
Report saved: storage/reports/2026-03-07_07-34-58.json
Hash: 2322108f260ca2fba51661a7626c34c37ec6e8b2846173874533267ac613de4d
Ollama: AVAILABLE
Data Quality: 100.00% (OK)
[2026-03-07 07:34:59 UTC] STDERR:
2026-03-07 02:34:21,712 [INFO] engine — ✓ equity QQQ
2026-03-07 02:34:21,987 [INFO] engine — ✓ equity IWM
2026-03-07 02:34:22,256 [INFO] engine — ✓ equity XLF
2026-03-07 02:34:22,520 [INFO] engine — ✓ equity XLK
2026-03-07 02:34:22,783 [INFO] engine — ✓ equity XLE
2026-03-07 02:34:23,057 [INFO] engine — ✓ equity XLY
2026-03-07 02:34:23,309 [INFO] engine — ✓ equity XLP
2026-03-07 02:34:23,602 [INFO] engine — ✓ equity GLD
2026-03-07 02:34:26,061 [INFO] engine — ✓ equity TLT
2026-03-07 02:34:26,316 [INFO] engine — ✓ equity HYG
2026-03-07 02:34:26,611 [INFO] engine — ✓ equity MAR
2026-03-07 02:34:26,902 [INFO] engine — ✓ equity HLT
2026-03-07 02:34:27,206 [INFO] engine — ✓ equity DAL
2026-03-07 02:34:27,476 [INFO] engine — ✓ equity UAL
2026-03-07 02:34:29,626 [INFO] engine — ✓ equity DIS
2026-03-07 02:34:29,923 [INFO] engine — ✓ equity FOXA
2026-03-07 02:34:31,699 [INFO] engine — ✓ equity MCD
2026-03-07 02:34:31,758 [INFO] engine — ✓ crypto BTC/USDT
2026-03-07 02:34:31,832 [INFO] engine — ✓ crypto SOL/USDT
2026-03-07 02:34:32,004 [INFO] engine — ✓ crypto ETH/USDT
2026-03-07 02:34:32,013 [INFO] engine — ✓ equity KO
2026-03-07 02:34:32,293 [INFO] engine — ✓ equity PEP
2026-03-07 02:34:32,576 [INFO] engine — ✓ equity DKNG
2026-03-07 02:34:50,458 [INFO] scanner_p2p — Pre-fetching spot rates for all LATAM currencies...
2026-03-07 02:34:50,458 [INFO] scanner_p2p — Fetching fresh spot rates for: MXN, COP, VES, ARS
2026-03-07 02:34:50,729 [INFO] scanner_p2p — Fetched 3/4 rates from open.er-api.com
2026-03-07 02:34:51,012 [INFO] scanner_p2p — VES parallel rate: 615.35 (dolarapi.com)
2026-03-07 02:34:51,665 [INFO] scanner_p2p — Using cached spot rates (age: 1s)
2026-03-07 02:34:52,295 [INFO] scanner_p2p — Using cached spot rates (age: 2s)
2026-03-07 02:34:52,923 [INFO] scanner_p2p — Using cached spot rates (age: 2s)
2026-03-07 02:34:53,822 [INFO] scanner_p2p — Using cached spot rates (age: 3s)
2026-03-07 02:34:54,333 [INFO] runner — Generating market intelligence with Ollama...
2026-03-07 02:34:54,334 [INFO] ollama_intel — Generating market intelligence for 2026-03-07...
2026-03-07 02:34:54,336 [INFO] ollama_intel — Read 108 opportunities for 2026-03-07
2026-03-07 02:34:54,337 [INFO] ollama_intel — Calling Ollama (attempt 1/2)...
2026-03-07 02:34:58,897 [INFO] ollama_intel — Successfully received AI analysis from Ollama
2026-03-07 02:34:58,898 [INFO] ollama_intel — Market intelligence generated: ok
2026-03-07 02:34:58,898 [INFO] runner — Intelligence generated: ok
2026-03-07 02:34:58,898 [INFO] runner — Running ALFRED data quality check...
2026-03-07 02:34:58,899 [INFO] alfred — ALFRED: Running quality check on last 50 records...
2026-03-07 02:34:58,900 [INFO] alfred — ALFRED: dq_score 100.00% - OK
2026-03-07 02:34:58,901 [INFO] runner — Data quality: 100.00% (OK)
[2026-03-07 07:34:59 UTC] ✓ CYCLE #34 COMPLETED SUCCESSFULLY
[2026-03-07 07:34:59 UTC] ⏳ Waiting 20 minutes until next cycle...
[2026-03-07 07:34:59 UTC]    Next run at: 07:54:59 UTC
[2026-03-07 07:55:08 UTC] ─── CYCLE #35 START ───
[2026-03-07 07:55:51 UTC] STDOUT:
✅ DB inicializada: storage/batman.db

🦇 RISK SCORES TOP 10
SYM       VOL_Z   RISK REGIME
-----------------------------------
HLT        3.74   3.86 EXTREME
MAR        3.82   3.85 EXTREME
UAL        3.33   3.76 EXTREME
XLY        3.89   3.60 EXTREME
DKNG       3.71   3.35 EXTREME
XLK        3.49   3.31 EXTREME
TLT        4.09   3.25 EXTREME
DIS        3.92   3.19 EXTREME
PEP        4.17   3.17 EXTREME
FOXA       3.91   3.06 EXTREME
[scanner_cross] Scanning 3 pairs (threshold: 0.05%)...
  [scanner_cross] BTC: Binance $67847.35 | OKX $67854.60 | spread +0.0107%
  [scanner_cross] BTC: Skipped (spread 0.0107% < threshold 0.05%)
  [scanner_cross] ETH: Binance $1981.45 | OKX $1981.85 | spread +0.0202%
  [scanner_cross] ETH: Skipped (spread 0.0202% < threshold 0.05%)
  [scanner_cross] SOL: Binance $84.37 | OKX $84.35 | spread -0.0237%
  [scanner_cross] SOL: Skipped (spread 0.0237% < threshold 0.05%)
📡 Scanning P2P markets across LATAM...
  [scanner_p2p] Scanning USDT/MXN...
  [scanner_p2p] USDT/MXN: Buy $17.9160 | Spread +0.235% | EdgeNet +0.474% ✓ | Logged
  [scanner_p2p] Scanning USDT/COP...
  [scanner_p2p] USDT/COP: Buy $3760.3260 | Spread +0.557% | EdgeNet -0.302% ✗ | Logged
  [scanner_p2p] Scanning USDT/VES...
  [scanner_p2p] USDT/VES: Buy $613.8952 | Spread -0.513% | EdgeNet -0.586% ✗ | Logged
  [scanner_p2p] Scanning USDT/ARS...
  [scanner_p2p] USDT/ARS: Buy $1470.7180 | Spread +0.488% | EdgeNet +0.872% ✓ | Logged
📡 P2P scan complete: 4/4 pairs successful
[scanner_basis] Scanning BTCUSDT...
  [scanner_basis] Spot: $67842.72 | Futures: $67811.40 | Basis: -0.0462%
  [scanner_basis] Logged (basis 0.0462% >= threshold 0.02%)
Report saved: storage/reports/2026-03-07_07-55-51.json
Hash: 0906c668340cd8a8715797c41de1ce316de66d0d7699f532f297712822bef086
Ollama: AVAILABLE
Data Quality: 100.00% (OK)
[2026-03-07 07:55:51 UTC] STDERR:
2026-03-07 02:55:11,484 [INFO] engine — ✓ equity QQQ
2026-03-07 02:55:11,791 [INFO] engine — ✓ equity IWM
2026-03-07 02:55:12,059 [INFO] engine — ✓ equity XLF
2026-03-07 02:55:12,377 [INFO] engine — ✓ equity XLK
2026-03-07 02:55:12,633 [INFO] engine — ✓ equity XLE
2026-03-07 02:55:12,890 [INFO] engine — ✓ equity XLY
2026-03-07 02:55:13,144 [INFO] engine — ✓ equity XLP
2026-03-07 02:55:13,450 [INFO] engine — ✓ equity GLD
2026-03-07 02:55:15,896 [INFO] engine — ✓ equity TLT
2026-03-07 02:55:16,141 [INFO] engine — ✓ equity HYG
2026-03-07 02:55:16,428 [INFO] engine — ✓ equity MAR
2026-03-07 02:55:16,705 [INFO] engine — ✓ equity HLT
2026-03-07 02:55:16,971 [INFO] engine — ✓ equity DAL
2026-03-07 02:55:17,260 [INFO] engine — ✓ equity UAL
2026-03-07 02:55:18,298 [INFO] engine — ✓ equity DIS
2026-03-07 02:55:18,648 [INFO] engine — ✓ equity FOXA
2026-03-07 02:55:20,424 [INFO] engine — ✓ equity MCD
2026-03-07 02:55:20,460 [INFO] engine — ✓ crypto ETH/USDT
2026-03-07 02:55:20,553 [INFO] engine — ✓ crypto SOL/USDT
2026-03-07 02:55:20,642 [INFO] engine — ✓ crypto BTC/USDT
2026-03-07 02:55:20,698 [INFO] engine — ✓ equity KO
2026-03-07 02:55:20,939 [INFO] engine — ✓ equity PEP
2026-03-07 02:55:21,182 [INFO] engine — ✓ equity DKNG
2026-03-07 02:55:40,358 [INFO] scanner_p2p — Pre-fetching spot rates for all LATAM currencies...
2026-03-07 02:55:40,359 [INFO] scanner_p2p — Fetching fresh spot rates for: MXN, COP, VES, ARS
2026-03-07 02:55:40,638 [INFO] scanner_p2p — Fetched 3/4 rates from open.er-api.com
2026-03-07 02:55:40,928 [INFO] scanner_p2p — VES parallel rate: 615.35 (dolarapi.com)
2026-03-07 02:55:41,559 [INFO] scanner_p2p — Using cached spot rates (age: 1s)
2026-03-07 02:55:42,214 [INFO] scanner_p2p — Using cached spot rates (age: 2s)
2026-03-07 02:55:42,848 [INFO] scanner_p2p — Using cached spot rates (age: 2s)
2026-03-07 02:55:43,749 [INFO] scanner_p2p — Using cached spot rates (age: 3s)
2026-03-07 02:55:44,260 [INFO] runner — Generating market intelligence with Ollama...
2026-03-07 02:55:44,261 [INFO] ollama_intel — Generating market intelligence for 2026-03-07...
2026-03-07 02:55:44,264 [INFO] ollama_intel — Read 113 opportunities for 2026-03-07
2026-03-07 02:55:44,264 [INFO] ollama_intel — Calling Ollama (attempt 1/2)...
2026-03-07 02:55:48,063 [WARNING] ollama_intel — Failed to parse Ollama JSON response: Expecting ',' delimiter: line 6 column 21 (char 528)
2026-03-07 02:55:48,064 [INFO] ollama_intel — Calling Ollama (attempt 2/2)...
2026-03-07 02:55:51,330 [INFO] ollama_intel — Successfully received AI analysis from Ollama
2026-03-07 02:55:51,330 [INFO] ollama_intel — Market intelligence generated: ok
2026-03-07 02:55:51,331 [INFO] runner — Intelligence generated: ok
2026-03-07 02:55:51,331 [INFO] runner — Running ALFRED data quality check...
2026-03-07 02:55:51,331 [INFO] alfred — ALFRED: Running quality check on last 50 records...
2026-03-07 02:55:51,333 [INFO] alfred — ALFRED: dq_score 100.00% - OK
2026-03-07 02:55:51,334 [INFO] runner — Data quality: 100.00% (OK)
[2026-03-07 07:55:51 UTC] ✓ CYCLE #35 COMPLETED SUCCESSFULLY
[2026-03-07 07:55:51 UTC] ⏳ Waiting 20 minutes until next cycle...
[2026-03-07 07:55:51 UTC]    Next run at: 08:15:51 UTC
[2026-03-07 08:16:00 UTC] ─── CYCLE #36 START ───
[2026-03-07 08:16:40 UTC] STDOUT:
✅ DB inicializada: storage/batman.db

🦇 RISK SCORES TOP 10
SYM       VOL_Z   RISK REGIME
-----------------------------------
HLT        3.74   3.86 EXTREME
MAR        3.82   3.85 EXTREME
UAL        3.33   3.76 EXTREME
XLY        3.89   3.60 EXTREME
DKNG       3.71   3.35 EXTREME
XLK        3.49   3.31 EXTREME
TLT        4.09   3.25 EXTREME
DIS        3.92   3.19 EXTREME
PEP        4.17   3.17 EXTREME
FOXA       3.91   3.06 EXTREME
[scanner_cross] Scanning 3 pairs (threshold: 0.05%)...
  [scanner_cross] BTC: Binance $67883.32 | OKX $67885.10 | spread +0.0026%
  [scanner_cross] BTC: Skipped (spread 0.0026% < threshold 0.05%)
  [scanner_cross] ETH: Binance $1983.83 | OKX $1983.92 | spread +0.0045%
  [scanner_cross] ETH: Skipped (spread 0.0045% < threshold 0.05%)
  [scanner_cross] SOL: Binance $84.23 | OKX $84.24 | spread +0.0119%
  [scanner_cross] SOL: Skipped (spread 0.0119% < threshold 0.05%)
📡 Scanning P2P markets across LATAM...
  [scanner_p2p] Scanning USDT/MXN...
  [scanner_p2p] USDT/MXN: Buy $17.9240 | Spread +0.460% | EdgeNet +0.519% ✓ | Logged
  [scanner_p2p] Scanning USDT/COP...
  [scanner_p2p] USDT/COP: Buy $3760.3260 | Spread +0.557% | EdgeNet -0.302% ✗ | Logged
  [scanner_p2p] Scanning USDT/VES...
  [scanner_p2p] USDT/VES: Buy $613.8400 | Spread -0.425% | EdgeNet -0.595% ✗ | Logged
  [scanner_p2p] Scanning USDT/ARS...
  [scanner_p2p] USDT/ARS: Buy $1470.2180 | Spread +0.404% | EdgeNet +0.837% ✓ | Logged
📡 P2P scan complete: 4/4 pairs successful
[scanner_basis] Scanning BTCUSDT...
  [scanner_basis] Spot: $67883.33 | Futures: $67846.70 | Basis: -0.0540%
  [scanner_basis] Logged (basis 0.0540% >= threshold 0.02%)
Report saved: storage/reports/2026-03-07_08-16-40.json
Hash: ce6454575638b02177d20fc697f6ab21fdea99e8f96f27ffed988e9d66570f71
Ollama: AVAILABLE
Data Quality: 100.00% (OK)
[2026-03-07 08:16:40 UTC] STDERR:
2026-03-07 03:16:03,816 [INFO] engine — ✓ equity QQQ
2026-03-07 03:16:04,063 [INFO] engine — ✓ equity IWM
2026-03-07 03:16:04,305 [INFO] engine — ✓ equity XLF
2026-03-07 03:16:04,555 [INFO] engine — ✓ equity XLK
2026-03-07 03:16:04,850 [INFO] engine — ✓ equity XLE
2026-03-07 03:16:05,097 [INFO] engine — ✓ equity XLY
2026-03-07 03:16:05,340 [INFO] engine — ✓ equity XLP
2026-03-07 03:16:05,601 [INFO] engine — ✓ equity GLD
2026-03-07 03:16:07,925 [INFO] engine — ✓ equity TLT
2026-03-07 03:16:08,177 [INFO] engine — ✓ equity HYG
2026-03-07 03:16:08,468 [INFO] engine — ✓ equity MAR
2026-03-07 03:16:08,719 [INFO] engine — ✓ equity HLT
2026-03-07 03:16:09,016 [INFO] engine — ✓ equity DAL
2026-03-07 03:16:09,274 [INFO] engine — ✓ equity UAL
2026-03-07 03:16:09,627 [INFO] engine — ✓ equity DIS
2026-03-07 03:16:09,871 [INFO] engine — ✓ equity FOXA
2026-03-07 03:16:11,472 [INFO] engine — ✓ equity MCD
2026-03-07 03:16:11,664 [INFO] engine — ✓ crypto ETH/USDT
2026-03-07 03:16:11,740 [INFO] engine — ✓ crypto SOL/USDT
2026-03-07 03:16:11,748 [INFO] engine — ✓ equity KO
2026-03-07 03:16:11,766 [INFO] engine — ✓ crypto BTC/USDT
2026-03-07 03:16:12,031 [INFO] engine — ✓ equity PEP
2026-03-07 03:16:12,281 [INFO] engine — ✓ equity DKNG
2026-03-07 03:16:32,527 [INFO] scanner_p2p — Pre-fetching spot rates for all LATAM currencies...
2026-03-07 03:16:32,528 [INFO] scanner_p2p — Fetching fresh spot rates for: MXN, COP, VES, ARS
2026-03-07 03:16:32,811 [INFO] scanner_p2p — Fetched 3/4 rates from open.er-api.com
2026-03-07 03:16:33,114 [INFO] scanner_p2p — VES parallel rate: 615.35 (dolarapi.com)
2026-03-07 03:16:33,758 [INFO] scanner_p2p — Using cached spot rates (age: 1s)
2026-03-07 03:16:34,474 [INFO] scanner_p2p — Using cached spot rates (age: 2s)
2026-03-07 03:16:35,100 [INFO] scanner_p2p — Using cached spot rates (age: 3s)
2026-03-07 03:16:36,002 [INFO] scanner_p2p — Using cached spot rates (age: 3s)
2026-03-07 03:16:36,515 [INFO] runner — Generating market intelligence with Ollama...
2026-03-07 03:16:36,515 [INFO] ollama_intel — Generating market intelligence for 2026-03-07...
2026-03-07 03:16:36,517 [INFO] ollama_intel — Read 118 opportunities for 2026-03-07
2026-03-07 03:16:36,517 [INFO] ollama_intel — Calling Ollama (attempt 1/2)...
2026-03-07 03:16:40,382 [INFO] ollama_intel — Successfully received AI analysis from Ollama
2026-03-07 03:16:40,384 [INFO] ollama_intel — Market intelligence generated: ok
2026-03-07 03:16:40,385 [INFO] runner — Intelligence generated: ok
2026-03-07 03:16:40,385 [INFO] runner — Running ALFRED data quality check...
2026-03-07 03:16:40,385 [INFO] alfred — ALFRED: Running quality check on last 50 records...
2026-03-07 03:16:40,386 [INFO] alfred — ALFRED: dq_score 100.00% - OK
2026-03-07 03:16:40,387 [INFO] runner — Data quality: 100.00% (OK)
[2026-03-07 08:16:40 UTC] ✓ CYCLE #36 COMPLETED SUCCESSFULLY
[2026-03-07 08:16:40 UTC] ⏳ Waiting 20 minutes until next cycle...
[2026-03-07 08:16:40 UTC]    Next run at: 08:36:40 UTC
[2026-03-07 08:36:49 UTC] ─── CYCLE #37 START ───
[2026-03-07 08:37:17 UTC] STDOUT:
✅ DB inicializada: storage/batman.db

🦇 RISK SCORES TOP 10
SYM       VOL_Z   RISK REGIME
-----------------------------------
HLT        3.74   3.86 EXTREME
MAR        3.82   3.85 EXTREME
UAL        3.33   3.76 EXTREME
XLY        3.89   3.60 EXTREME
DKNG       3.71   3.35 EXTREME
XLK        3.49   3.31 EXTREME
TLT        4.09   3.25 EXTREME
DIS        3.92   3.19 EXTREME
PEP        4.17   3.17 EXTREME
FOXA       3.91   3.06 EXTREME
[scanner_cross] Scanning 3 pairs (threshold: 0.05%)...
  [scanner_cross] BTC: Binance $67917.59 | OKX $67927.00 | spread +0.0139%
  [scanner_cross] BTC: Skipped (spread 0.0139% < threshold 0.05%)
  [scanner_cross] ETH: Binance $1983.89 | OKX $1983.85 | spread -0.0020%
  [scanner_cross] ETH: Skipped (spread 0.0020% < threshold 0.05%)
  [scanner_cross] SOL: Binance $84.48 | OKX $84.50 | spread +0.0237%
  [scanner_cross] SOL: Skipped (spread 0.0237% < threshold 0.05%)
📡 Scanning P2P markets across LATAM...
  [scanner_p2p] Scanning USDT/MXN...
  [scanner_p2p] USDT/MXN: Buy $17.9260 | Spread +0.471% | EdgeNet +0.530% ✓ | Logged
  [scanner_p2p] Scanning USDT/COP...
  [scanner_p2p] USDT/COP: Buy $3760.3260 | Spread +0.560% | EdgeNet -0.302% ✗ | Logged
  [scanner_p2p] Scanning USDT/VES...
  [scanner_p2p] USDT/VES: Buy $613.8952 | Spread -0.458% | EdgeNet -0.586% ✗ | Logged
  [scanner_p2p] Scanning USDT/ARS...
  [scanner_p2p] USDT/ARS: Buy $1470.4180 | Spread +0.468% | EdgeNet +0.851% ✓ | Logged
📡 P2P scan complete: 4/4 pairs successful
[scanner_basis] Scanning BTCUSDT...
  [scanner_basis] Spot: $67917.61 | Futures: $67889.10 | Basis: -0.0420%
  [scanner_basis] Logged (basis 0.0420% >= threshold 0.02%)
Report saved: storage/reports/2026-03-07_08-37-17.json
Hash: 7a326426aa3e05e26aac847a9cb351caf34812da083113938c0d2d517bdfed6d
Ollama: AVAILABLE
Data Quality: 100.00% (OK)
[2026-03-07 08:37:17 UTC] STDERR:
2026-03-07 03:36:52,947 [INFO] engine — ✓ equity QQQ
2026-03-07 03:36:53,231 [INFO] engine — ✓ equity IWM
2026-03-07 03:36:53,477 [INFO] engine — ✓ equity XLF
2026-03-07 03:36:53,719 [INFO] engine — ✓ equity XLK
2026-03-07 03:36:53,962 [INFO] engine — ✓ equity XLE
2026-03-07 03:36:54,211 [INFO] engine — ✓ equity XLY
2026-03-07 03:36:54,450 [INFO] engine — ✓ equity XLP
2026-03-07 03:36:54,696 [INFO] engine — ✓ equity GLD
2026-03-07 03:36:57,061 [INFO] engine — ✓ equity TLT
2026-03-07 03:36:57,309 [INFO] engine — ✓ equity HYG
2026-03-07 03:36:57,591 [INFO] engine — ✓ equity MAR
2026-03-07 03:36:57,873 [INFO] engine — ✓ equity HLT
2026-03-07 03:36:58,164 [INFO] engine — ✓ equity DAL
2026-03-07 03:36:58,463 [INFO] engine — ✓ equity UAL
2026-03-07 03:36:58,759 [INFO] engine — ✓ equity DIS
2026-03-07 03:36:59,041 [INFO] engine — ✓ equity FOXA
2026-03-07 03:37:00,778 [INFO] engine — ✓ crypto BTC/USDT
2026-03-07 03:37:00,799 [INFO] engine — ✓ equity MCD
2026-03-07 03:37:01,168 [INFO] engine — ✓ equity KO
2026-03-07 03:37:01,212 [INFO] engine — ✓ crypto ETH/USDT
2026-03-07 03:37:01,456 [INFO] engine — ✓ equity PEP
2026-03-07 03:37:01,617 [INFO] engine — ✓ crypto SOL/USDT
2026-03-07 03:37:01,703 [INFO] engine — ✓ equity DKNG
2026-03-07 03:37:09,738 [INFO] scanner_p2p — Pre-fetching spot rates for all LATAM currencies...
2026-03-07 03:37:09,739 [INFO] scanner_p2p — Fetching fresh spot rates for: MXN, COP, VES, ARS
2026-03-07 03:37:10,016 [INFO] scanner_p2p — Fetched 3/4 rates from open.er-api.com
2026-03-07 03:37:10,334 [INFO] scanner_p2p — VES parallel rate: 615.35 (dolarapi.com)
2026-03-07 03:37:10,964 [INFO] scanner_p2p — Using cached spot rates (age: 1s)
2026-03-07 03:37:11,686 [INFO] scanner_p2p — Using cached spot rates (age: 2s)
2026-03-07 03:37:12,313 [INFO] scanner_p2p — Using cached spot rates (age: 3s)
2026-03-07 03:37:13,336 [INFO] scanner_p2p — Using cached spot rates (age: 4s)
2026-03-07 03:37:13,845 [INFO] runner — Generating market intelligence with Ollama...
2026-03-07 03:37:13,846 [INFO] ollama_intel — Generating market intelligence for 2026-03-07...
2026-03-07 03:37:13,849 [INFO] ollama_intel — Read 123 opportunities for 2026-03-07
2026-03-07 03:37:13,849 [INFO] ollama_intel — Calling Ollama (attempt 1/2)...
2026-03-07 03:37:17,312 [INFO] ollama_intel — Successfully received AI analysis from Ollama
2026-03-07 03:37:17,312 [INFO] ollama_intel — Market intelligence generated: ok
2026-03-07 03:37:17,313 [INFO] runner — Intelligence generated: ok
2026-03-07 03:37:17,313 [INFO] runner — Running ALFRED data quality check...
2026-03-07 03:37:17,314 [INFO] alfred — ALFRED: Running quality check on last 50 records...
2026-03-07 03:37:17,315 [INFO] alfred — ALFRED: dq_score 100.00% - OK
2026-03-07 03:37:17,316 [INFO] runner — Data quality: 100.00% (OK)
[2026-03-07 08:37:17 UTC] ✓ CYCLE #37 COMPLETED SUCCESSFULLY
[2026-03-07 08:37:17 UTC] ⏳ Waiting 20 minutes until next cycle...
[2026-03-07 08:37:17 UTC]    Next run at: 08:57:17 UTC
[2026-03-07 08:57:26 UTC] ─── CYCLE #38 START ───
[2026-03-07 08:58:04 UTC] STDOUT:
✅ DB inicializada: storage/batman.db

🦇 RISK SCORES TOP 10
SYM       VOL_Z   RISK REGIME
-----------------------------------
HLT        3.74   3.86 EXTREME
MAR        3.82   3.85 EXTREME
UAL        3.33   3.76 EXTREME
XLY        3.89   3.60 EXTREME
DKNG       3.71   3.35 EXTREME
XLK        3.49   3.31 EXTREME
TLT        4.09   3.25 EXTREME
DIS        3.92   3.19 EXTREME
PEP        4.17   3.17 EXTREME
FOXA       3.91   3.06 EXTREME
[scanner_cross] Scanning 3 pairs (threshold: 0.05%)...
  [scanner_cross] BTC: Binance $67770.01 | OKX $67774.70 | spread +0.0069%
  [scanner_cross] BTC: Skipped (spread 0.0069% < threshold 0.05%)
  [scanner_cross] ETH: Binance $1977.54 | OKX $1977.41 | spread -0.0066%
  [scanner_cross] ETH: Skipped (spread 0.0066% < threshold 0.05%)
  [scanner_cross] SOL: Binance $84.31 | OKX $84.32 | spread +0.0119%
  [scanner_cross] SOL: Skipped (spread 0.0119% < threshold 0.05%)
📡 Scanning P2P markets across LATAM...
  [scanner_p2p] Scanning USDT/MXN...
  [scanner_p2p] USDT/MXN: Buy $17.9260 | Spread +0.471% | EdgeNet +0.530% ✓ | Logged
  [scanner_p2p] Scanning USDT/COP...
  [scanner_p2p] USDT/COP: Buy $3755.8000 | Spread +0.449% | EdgeNet -0.423% ✗ | Logged
  [scanner_p2p] Scanning USDT/VES...
  [scanner_p2p] USDT/VES: Buy $613.8600 | Spread -0.683% | EdgeNet -0.592% ✗ | Logged
  [scanner_p2p] Scanning USDT/ARS...
  [scanner_p2p] USDT/ARS: Buy $1470.4180 | Spread +0.618% | EdgeNet +0.851% ✓ | Logged
📡 P2P scan complete: 4/4 pairs successful
[scanner_basis] Scanning BTCUSDT...
  [scanner_basis] Spot: $67770.00 | Futures: $67732.10 | Basis: -0.0559%
  [scanner_basis] Logged (basis 0.0559% >= threshold 0.02%)
Report saved: storage/reports/2026-03-07_08-58-04.json
Hash: 53de2532d75155b54d5d8c4983f756d30ba0a8ea488e500e4a7737e44d370192
Ollama: AVAILABLE
Data Quality: 100.00% (OK)
[2026-03-07 08:58:04 UTC] STDERR:
2026-03-07 03:57:29,804 [INFO] engine — ✓ equity QQQ
2026-03-07 03:57:30,091 [INFO] engine — ✓ equity IWM
2026-03-07 03:57:30,340 [INFO] engine — ✓ equity XLF
2026-03-07 03:57:30,580 [INFO] engine — ✓ equity XLK
2026-03-07 03:57:30,832 [INFO] engine — ✓ equity XLE
2026-03-07 03:57:31,087 [INFO] engine — ✓ equity XLY
2026-03-07 03:57:31,341 [INFO] engine — ✓ equity XLP
2026-03-07 03:57:31,627 [INFO] engine — ✓ equity GLD
2026-03-07 03:57:34,003 [INFO] engine — ✓ equity TLT
2026-03-07 03:57:34,318 [INFO] engine — ✓ equity HYG
2026-03-07 03:57:34,609 [INFO] engine — ✓ equity MAR
2026-03-07 03:57:34,892 [INFO] engine — ✓ equity HLT
2026-03-07 03:57:35,173 [INFO] engine — ✓ equity DAL
2026-03-07 03:57:35,442 [INFO] engine — ✓ equity UAL
2026-03-07 03:57:35,736 [INFO] engine — ✓ equity DIS
2026-03-07 03:57:42,087 [INFO] engine — ✓ equity FOXA
2026-03-07 03:57:44,084 [INFO] engine — ✓ equity MCD
2026-03-07 03:57:44,328 [INFO] engine — ✓ equity KO
2026-03-07 03:57:44,541 [INFO] engine — ✓ crypto SOL/USDT
2026-03-07 03:57:44,567 [INFO] engine — ✓ crypto BTC/USDT
2026-03-07 03:57:44,582 [INFO] engine — ✓ crypto ETH/USDT
2026-03-07 03:57:44,589 [INFO] engine — ✓ equity PEP
2026-03-07 03:57:44,847 [INFO] engine — ✓ equity DKNG
2026-03-07 03:57:55,667 [INFO] scanner_p2p — Pre-fetching spot rates for all LATAM currencies...
2026-03-07 03:57:55,667 [INFO] scanner_p2p — Fetching fresh spot rates for: MXN, COP, VES, ARS
2026-03-07 03:57:55,949 [INFO] scanner_p2p — Fetched 3/4 rates from open.er-api.com
2026-03-07 03:57:56,243 [INFO] scanner_p2p — VES parallel rate: 615.35 (dolarapi.com)
2026-03-07 03:57:56,971 [INFO] scanner_p2p — Using cached spot rates (age: 1s)
2026-03-07 03:57:57,586 [INFO] scanner_p2p — Using cached spot rates (age: 2s)
2026-03-07 03:57:58,205 [INFO] scanner_p2p — Using cached spot rates (age: 3s)
2026-03-07 03:57:59,134 [INFO] scanner_p2p — Using cached spot rates (age: 3s)
2026-03-07 03:57:59,647 [INFO] runner — Generating market intelligence with Ollama...
2026-03-07 03:57:59,647 [INFO] ollama_intel — Generating market intelligence for 2026-03-07...
2026-03-07 03:57:59,649 [INFO] ollama_intel — Read 128 opportunities for 2026-03-07
2026-03-07 03:57:59,649 [INFO] ollama_intel — Calling Ollama (attempt 1/2)...
2026-03-07 03:58:04,381 [INFO] ollama_intel — Successfully received AI analysis from Ollama
2026-03-07 03:58:04,382 [INFO] ollama_intel — Market intelligence generated: ok
2026-03-07 03:58:04,383 [INFO] runner — Intelligence generated: ok
2026-03-07 03:58:04,383 [INFO] runner — Running ALFRED data quality check...
2026-03-07 03:58:04,383 [INFO] alfred — ALFRED: Running quality check on last 50 records...
2026-03-07 03:58:04,384 [INFO] alfred — ALFRED: dq_score 100.00% - OK
2026-03-07 03:58:04,386 [INFO] runner — Data quality: 100.00% (OK)
[2026-03-07 08:58:04 UTC] ✓ CYCLE #38 COMPLETED SUCCESSFULLY
[2026-03-07 08:58:04 UTC] ⏳ Waiting 20 minutes until next cycle...
[2026-03-07 08:58:04 UTC]    Next run at: 09:18:04 UTC
[2026-03-07 09:18:13 UTC] ─── CYCLE #39 START ───
[2026-03-07 09:18:59 UTC] STDOUT:
✅ DB inicializada: storage/batman.db

🦇 RISK SCORES TOP 10
SYM       VOL_Z   RISK REGIME
-----------------------------------
HLT        3.74   3.86 EXTREME
MAR        3.82   3.85 EXTREME
UAL        3.33   3.76 EXTREME
XLY        3.89   3.60 EXTREME
DKNG       3.71   3.35 EXTREME
XLK        3.49   3.31 EXTREME
TLT        4.09   3.25 EXTREME
DIS        3.92   3.19 EXTREME
PEP        4.17   3.17 EXTREME
FOXA       3.91   3.06 EXTREME
[scanner_cross] Scanning 3 pairs (threshold: 0.05%)...
  [scanner_cross] BTC: Binance $67983.54 | OKX $67986.00 | spread +0.0036%
  [scanner_cross] BTC: Skipped (spread 0.0036% < threshold 0.05%)
  [scanner_cross] ETH: Binance $1986.05 | OKX $1986.05 | spread +0.0000%
  [scanner_cross] ETH: Skipped (spread 0.0000% < threshold 0.05%)
  [scanner_cross] SOL: Binance $84.56 | OKX $84.55 | spread -0.0118%
  [scanner_cross] SOL: Skipped (spread 0.0118% < threshold 0.05%)
📡 Scanning P2P markets across LATAM...
  [scanner_p2p] Scanning USDT/MXN...
  [scanner_p2p] USDT/MXN: Buy $17.9260 | Spread +0.471% | EdgeNet +0.530% ✓ | Logged
  [scanner_p2p] Scanning USDT/COP...
  [scanner_p2p] USDT/COP: Buy $3760.3260 | Spread +0.560% | EdgeNet -0.302% ✗ | Logged
  [scanner_p2p] Scanning USDT/VES...
  [scanner_p2p] USDT/VES: Buy $613.8200 | Spread -0.314% | EdgeNet -0.599% ✗ | Logged
  [scanner_p2p] Scanning USDT/ARS...
  [scanner_p2p] USDT/ARS: Buy $1470.3580 | Spread +0.586% | EdgeNet +0.847% ✓ | Logged
📡 P2P scan complete: 4/4 pairs successful
[scanner_basis] Scanning BTCUSDT...
  [scanner_basis] Spot: $67983.54 | Futures: $67949.00 | Basis: -0.0508%
  [scanner_basis] Logged (basis 0.0508% >= threshold 0.02%)
Report saved: storage/reports/2026-03-07_09-18-59.json
Hash: a4f07b41a1401cf3e677a4032b63145c8da70bbe7faf2c8c4319732b54f657bf
Ollama: AVAILABLE
Data Quality: 100.00% (OK)
[2026-03-07 09:18:59 UTC] STDERR:
2026-03-07 04:18:17,080 [INFO] engine — ✓ equity QQQ
2026-03-07 04:18:17,363 [INFO] engine — ✓ equity IWM
2026-03-07 04:18:17,642 [INFO] engine — ✓ equity XLF
2026-03-07 04:18:17,886 [INFO] engine — ✓ equity XLK
2026-03-07 04:18:18,148 [INFO] engine — ✓ equity XLE
2026-03-07 04:18:18,388 [INFO] engine — ✓ equity XLY
2026-03-07 04:18:18,632 [INFO] engine — ✓ equity XLP
2026-03-07 04:18:18,921 [INFO] engine — ✓ equity GLD
2026-03-07 04:18:21,390 [INFO] engine — ✓ equity TLT
2026-03-07 04:18:21,729 [INFO] engine — ✓ equity HYG
2026-03-07 04:18:22,039 [INFO] engine — ✓ equity MAR
2026-03-07 04:18:22,418 [INFO] engine — ✓ equity HLT
2026-03-07 04:18:22,680 [INFO] engine — ✓ equity DAL
2026-03-07 04:18:23,028 [INFO] engine — ✓ equity UAL
2026-03-07 04:18:23,546 [INFO] engine — ✓ equity DIS
2026-03-07 04:18:26,451 [INFO] engine — ✓ equity FOXA
2026-03-07 04:18:28,353 [INFO] engine — ✓ crypto ETH/USDT
2026-03-07 04:18:28,353 [INFO] engine — ✓ crypto BTC/USDT
2026-03-07 04:18:28,376 [INFO] engine — ✓ equity MCD
2026-03-07 04:18:28,573 [INFO] engine — ✓ crypto SOL/USDT
2026-03-07 04:18:28,617 [INFO] engine — ✓ equity KO
2026-03-07 04:18:28,896 [INFO] engine — ✓ equity PEP
2026-03-07 04:18:29,230 [INFO] engine — ✓ equity DKNG
2026-03-07 04:18:51,398 [INFO] scanner_p2p — Pre-fetching spot rates for all LATAM currencies...
2026-03-07 04:18:51,398 [INFO] scanner_p2p — Fetching fresh spot rates for: MXN, COP, VES, ARS
2026-03-07 04:18:51,660 [INFO] scanner_p2p — Fetched 3/4 rates from open.er-api.com
2026-03-07 04:18:51,971 [INFO] scanner_p2p — VES parallel rate: 615.35 (dolarapi.com)
2026-03-07 04:18:52,614 [INFO] scanner_p2p — Using cached spot rates (age: 1s)
2026-03-07 04:18:53,349 [INFO] scanner_p2p — Using cached spot rates (age: 2s)
2026-03-07 04:18:54,064 [INFO] scanner_p2p — Using cached spot rates (age: 3s)
2026-03-07 04:18:54,960 [INFO] scanner_p2p — Using cached spot rates (age: 4s)
2026-03-07 04:18:55,472 [INFO] runner — Generating market intelligence with Ollama...
2026-03-07 04:18:55,473 [INFO] ollama_intel — Generating market intelligence for 2026-03-07...
2026-03-07 04:18:55,475 [INFO] ollama_intel — Read 133 opportunities for 2026-03-07
2026-03-07 04:18:55,475 [INFO] ollama_intel — Calling Ollama (attempt 1/2)...
2026-03-07 04:18:59,623 [INFO] ollama_intel — Successfully received AI analysis from Ollama
2026-03-07 04:18:59,625 [INFO] ollama_intel — Market intelligence generated: ok
2026-03-07 04:18:59,625 [INFO] runner — Intelligence generated: ok
2026-03-07 04:18:59,625 [INFO] runner — Running ALFRED data quality check...
2026-03-07 04:18:59,625 [INFO] alfred — ALFRED: Running quality check on last 50 records...
2026-03-07 04:18:59,627 [INFO] alfred — ALFRED: dq_score 100.00% - OK
2026-03-07 04:18:59,628 [INFO] runner — Data quality: 100.00% (OK)
[2026-03-07 09:18:59 UTC] ✓ CYCLE #39 COMPLETED SUCCESSFULLY
[2026-03-07 09:18:59 UTC] ⏳ Waiting 20 minutes until next cycle...
[2026-03-07 09:18:59 UTC]    Next run at: 09:38:59 UTC
[2026-03-07 09:39:08 UTC] ─── CYCLE #40 START ───
[2026-03-07 09:39:47 UTC] STDOUT:
✅ DB inicializada: storage/batman.db

🦇 RISK SCORES TOP 10
SYM       VOL_Z   RISK REGIME
-----------------------------------
HLT        3.74   3.86 EXTREME
MAR        3.82   3.85 EXTREME
UAL        3.33   3.76 EXTREME
XLY        3.89   3.60 EXTREME
DKNG       3.71   3.35 EXTREME
XLK        3.49   3.31 EXTREME
TLT        4.09   3.25 EXTREME
DIS        3.92   3.19 EXTREME
PEP        4.17   3.17 EXTREME
FOXA       3.91   3.06 EXTREME
[scanner_cross] Scanning 3 pairs (threshold: 0.05%)...
  [scanner_cross] BTC: Binance $68003.00 | OKX $68000.20 | spread -0.0041%
  [scanner_cross] BTC: Skipped (spread 0.0041% < threshold 0.05%)
  [scanner_cross] ETH: Binance $1984.36 | OKX $1984.36 | spread +0.0000%
  [scanner_cross] ETH: Skipped (spread 0.0000% < threshold 0.05%)
  [scanner_cross] SOL: Binance $84.54 | OKX $84.55 | spread +0.0118%
  [scanner_cross] SOL: Skipped (spread 0.0118% < threshold 0.05%)
📡 Scanning P2P markets across LATAM...
  [scanner_p2p] Scanning USDT/MXN...
  [scanner_p2p] USDT/MXN: Buy $17.9260 | Spread +0.471% | EdgeNet +0.530% ✓ | Logged
  [scanner_p2p] Scanning USDT/COP...
  [scanner_p2p] USDT/COP: Buy $3760.3260 | Spread +0.570% | EdgeNet -0.302% ✗ | Logged
  [scanner_p2p] Scanning USDT/VES...
  [scanner_p2p] USDT/VES: Buy $613.7400 | Spread -0.326% | EdgeNet -0.612% ✗ | Logged
  [scanner_p2p] Scanning USDT/ARS...
  [scanner_p2p] USDT/ARS: Buy $1470.3540 | Spread +0.609% | EdgeNet +0.847% ✓ | Logged
📡 P2P scan complete: 4/4 pairs successful
[scanner_basis] Scanning BTCUSDT...
  [scanner_basis] Spot: $68003.00 | Futures: $67967.20 | Basis: -0.0526%
  [scanner_basis] Logged (basis 0.0526% >= threshold 0.02%)
Report saved: storage/reports/2026-03-07_09-39-46.json
Hash: 1c6e49d2db40084c27fb6742243cc52baeda27fd529e1c70a12f5cfd966ce05f
Ollama: AVAILABLE
Data Quality: 100.00% (OK)
[2026-03-07 09:39:47 UTC] STDERR:
2026-03-07 04:39:12,680 [INFO] engine — ✓ equity QQQ
2026-03-07 04:39:12,944 [INFO] engine — ✓ equity IWM
2026-03-07 04:39:13,197 [INFO] engine — ✓ equity XLF
2026-03-07 04:39:13,457 [INFO] engine — ✓ equity XLK
2026-03-07 04:39:13,744 [INFO] engine — ✓ equity XLE
2026-03-07 04:39:13,992 [INFO] engine — ✓ equity XLY
2026-03-07 04:39:14,250 [INFO] engine — ✓ equity XLP
2026-03-07 04:39:14,534 [INFO] engine — ✓ equity GLD
2026-03-07 04:39:16,981 [INFO] engine — ✓ equity TLT
2026-03-07 04:39:17,239 [INFO] engine — ✓ equity HYG
2026-03-07 04:39:17,526 [INFO] engine — ✓ equity MAR
2026-03-07 04:39:17,808 [INFO] engine — ✓ equity HLT
2026-03-07 04:39:18,102 [INFO] engine — ✓ equity DAL
2026-03-07 04:39:18,410 [INFO] engine — ✓ equity UAL
2026-03-07 04:39:18,724 [INFO] engine — ✓ equity DIS
2026-03-07 04:39:19,112 [INFO] engine — ✓ equity FOXA
2026-03-07 04:39:20,951 [INFO] engine — ✓ equity MCD
2026-03-07 04:39:21,150 [INFO] engine — ✓ crypto BTC/USDT
2026-03-07 04:39:21,249 [INFO] engine — ✓ crypto SOL/USDT
2026-03-07 04:39:21,250 [INFO] engine — ✓ equity KO
2026-03-07 04:39:21,280 [INFO] engine — ✓ crypto ETH/USDT
2026-03-07 04:39:21,524 [INFO] engine — ✓ equity PEP
2026-03-07 04:39:21,790 [INFO] engine — ✓ equity DKNG
2026-03-07 04:39:38,948 [INFO] scanner_p2p — Pre-fetching spot rates for all LATAM currencies...
2026-03-07 04:39:38,948 [INFO] scanner_p2p — Fetching fresh spot rates for: MXN, COP, VES, ARS
2026-03-07 04:39:39,212 [INFO] scanner_p2p — Fetched 3/4 rates from open.er-api.com
2026-03-07 04:39:39,550 [INFO] scanner_p2p — VES parallel rate: 615.35 (dolarapi.com)
2026-03-07 04:39:40,233 [INFO] scanner_p2p — Using cached spot rates (age: 1s)
2026-03-07 04:39:40,852 [INFO] scanner_p2p — Using cached spot rates (age: 2s)
2026-03-07 04:39:41,473 [INFO] scanner_p2p — Using cached spot rates (age: 3s)
2026-03-07 04:39:42,428 [INFO] scanner_p2p — Using cached spot rates (age: 3s)
2026-03-07 04:39:42,937 [INFO] runner — Generating market intelligence with Ollama...
2026-03-07 04:39:42,937 [INFO] ollama_intel — Generating market intelligence for 2026-03-07...
2026-03-07 04:39:42,940 [INFO] ollama_intel — Read 138 opportunities for 2026-03-07
2026-03-07 04:39:42,940 [INFO] ollama_intel — Calling Ollama (attempt 1/2)...
2026-03-07 04:39:46,888 [INFO] ollama_intel — Successfully received AI analysis from Ollama
2026-03-07 04:39:46,889 [INFO] ollama_intel — Market intelligence generated: ok
2026-03-07 04:39:46,890 [INFO] runner — Intelligence generated: ok
2026-03-07 04:39:46,890 [INFO] runner — Running ALFRED data quality check...
2026-03-07 04:39:46,890 [INFO] alfred — ALFRED: Running quality check on last 50 records...
2026-03-07 04:39:46,891 [INFO] alfred — ALFRED: dq_score 100.00% - OK
2026-03-07 04:39:46,892 [INFO] runner — Data quality: 100.00% (OK)
[2026-03-07 09:39:47 UTC] ✓ CYCLE #40 COMPLETED SUCCESSFULLY
[2026-03-07 09:39:47 UTC] ⏳ Waiting 20 minutes until next cycle...
[2026-03-07 09:39:47 UTC]    Next run at: 09:59:47 UTC
[2026-03-07 09:59:55 UTC] ─── CYCLE #41 START ───
[2026-03-07 10:00:35 UTC] STDOUT:
✅ DB inicializada: storage/batman.db

🦇 RISK SCORES TOP 10
SYM       VOL_Z   RISK REGIME
-----------------------------------
HLT        3.74   3.86 EXTREME
MAR        3.82   3.85 EXTREME
UAL        3.33   3.76 EXTREME
XLY        3.89   3.60 EXTREME
DKNG       3.71   3.35 EXTREME
XLK        3.49   3.31 EXTREME
TLT        4.09   3.25 EXTREME
DIS        3.92   3.19 EXTREME
PEP        4.17   3.17 EXTREME
FOXA       3.91   3.06 EXTREME
[scanner_cross] Scanning 3 pairs (threshold: 0.05%)...
  [scanner_cross] BTC: Binance $68021.59 | OKX $68026.20 | spread +0.0068%
  [scanner_cross] BTC: Skipped (spread 0.0068% < threshold 0.05%)
  [scanner_cross] ETH: Binance $1987.12 | OKX $1987.22 | spread +0.0050%
  [scanner_cross] ETH: Skipped (spread 0.0050% < threshold 0.05%)
  [scanner_cross] SOL: Binance $84.57 | OKX $84.58 | spread +0.0118%
  [scanner_cross] SOL: Skipped (spread 0.0118% < threshold 0.05%)
📡 Scanning P2P markets across LATAM...
  [scanner_p2p] Scanning USDT/MXN...
  [scanner_p2p] USDT/MXN: Buy $17.9280 | Spread +0.493% | EdgeNet +0.542% ✓ | Logged
  [scanner_p2p] Scanning USDT/COP...
  [scanner_p2p] USDT/COP: Buy $3760.3260 | Spread +0.570% | EdgeNet -0.302% ✗ | Logged
  [scanner_p2p] Scanning USDT/VES...
  [scanner_p2p] USDT/VES: Buy $612.2000 | Spread -0.691% | EdgeNet -0.862% ✗ | Logged
  [scanner_p2p] Scanning USDT/ARS...
  [scanner_p2p] USDT/ARS: Buy $1469.7900 | Spread +0.531% | EdgeNet +0.808% ✓ | Logged
📡 P2P scan complete: 4/4 pairs successful
[scanner_basis] Scanning BTCUSDT...
  [scanner_basis] Spot: $68021.60 | Futures: $67991.70 | Basis: -0.0440%
  [scanner_basis] Logged (basis 0.0440% >= threshold 0.02%)
Report saved: storage/reports/2026-03-07_10-00-35.json
Hash: 383bf2eb5caccbdb2bba4014f5c3863864c8482a38d07619a7cfd21f1f2df92e
Ollama: AVAILABLE
Data Quality: 100.00% (OK)
[2026-03-07 10:00:35 UTC] STDERR:
2026-03-07 04:59:59,545 [INFO] engine — ✓ equity QQQ
2026-03-07 04:59:59,790 [INFO] engine — ✓ equity IWM
2026-03-07 05:00:00,042 [INFO] engine — ✓ equity XLF
2026-03-07 05:00:00,286 [INFO] engine — ✓ equity XLK
2026-03-07 05:00:00,536 [INFO] engine — ✓ equity XLE
2026-03-07 05:00:00,788 [INFO] engine — ✓ equity XLY
2026-03-07 05:00:01,037 [INFO] engine — ✓ equity XLP
2026-03-07 05:00:01,329 [INFO] engine — ✓ equity GLD
2026-03-07 05:00:03,625 [INFO] engine — ✓ equity TLT
2026-03-07 05:00:03,871 [INFO] engine — ✓ equity HYG
2026-03-07 05:00:04,116 [INFO] engine — ✓ equity MAR
2026-03-07 05:00:04,394 [INFO] engine — ✓ equity HLT
2026-03-07 05:00:04,638 [INFO] engine — ✓ equity DAL
2026-03-07 05:00:04,937 [INFO] engine — ✓ equity UAL
2026-03-07 05:00:05,237 [INFO] engine — ✓ equity DIS
2026-03-07 05:00:05,469 [INFO] engine — ✓ equity FOXA
2026-03-07 05:00:07,225 [INFO] engine — ✓ equity MCD
2026-03-07 05:00:07,449 [INFO] engine — ✓ crypto ETH/USDT
2026-03-07 05:00:07,526 [INFO] engine — ✓ equity KO
2026-03-07 05:00:07,691 [INFO] engine — ✓ crypto SOL/USDT
2026-03-07 05:00:07,816 [INFO] engine — ✓ equity PEP
2026-03-07 05:00:08,096 [INFO] engine — ✓ equity DKNG
2026-03-07 05:00:08,480 [INFO] engine — ✓ crypto BTC/USDT
2026-03-07 05:00:24,276 [INFO] scanner_p2p — Pre-fetching spot rates for all LATAM currencies...
2026-03-07 05:00:24,277 [INFO] scanner_p2p — Fetching fresh spot rates for: MXN, COP, VES, ARS
2026-03-07 05:00:24,543 [INFO] scanner_p2p — Fetched 3/4 rates from open.er-api.com
2026-03-07 05:00:24,814 [INFO] scanner_p2p — VES parallel rate: 615.35 (dolarapi.com)
2026-03-07 05:00:25,557 [INFO] scanner_p2p — Using cached spot rates (age: 1s)
2026-03-07 05:00:26,275 [INFO] scanner_p2p — Using cached spot rates (age: 2s)
2026-03-07 05:00:26,907 [INFO] scanner_p2p — Using cached spot rates (age: 3s)
2026-03-07 05:00:27,779 [INFO] scanner_p2p — Using cached spot rates (age: 4s)
2026-03-07 05:00:28,357 [INFO] runner — Generating market intelligence with Ollama...
2026-03-07 05:00:28,357 [INFO] ollama_intel — Generating market intelligence for 2026-03-07...
2026-03-07 05:00:28,359 [INFO] ollama_intel — Read 143 opportunities for 2026-03-07
2026-03-07 05:00:28,360 [INFO] ollama_intel — Calling Ollama (attempt 1/2)...
2026-03-07 05:00:32,655 [WARNING] ollama_intel — Failed to parse Ollama JSON response: Expecting ',' delimiter: line 6 column 20 (char 619)
2026-03-07 05:00:32,655 [INFO] ollama_intel — Calling Ollama (attempt 2/2)...
2026-03-07 05:00:35,347 [INFO] ollama_intel — Successfully received AI analysis from Ollama
2026-03-07 05:00:35,347 [INFO] ollama_intel — Market intelligence generated: ok
2026-03-07 05:00:35,347 [INFO] runner — Intelligence generated: ok
2026-03-07 05:00:35,348 [INFO] runner — Running ALFRED data quality check...
2026-03-07 05:00:35,348 [INFO] alfred — ALFRED: Running quality check on last 50 records...
2026-03-07 05:00:35,350 [INFO] alfred — ALFRED: dq_score 100.00% - OK
2026-03-07 05:00:35,352 [INFO] runner — Data quality: 100.00% (OK)
[2026-03-07 10:00:35 UTC] ✓ CYCLE #41 COMPLETED SUCCESSFULLY
[2026-03-07 10:00:35 UTC] ⏳ Waiting 20 minutes until next cycle...
[2026-03-07 10:00:35 UTC]    Next run at: 10:20:35 UTC
[2026-03-07 10:20:44 UTC] ─── CYCLE #42 START ───
[2026-03-07 10:21:30 UTC] STDOUT:
✅ DB inicializada: storage/batman.db

🦇 RISK SCORES TOP 10
SYM       VOL_Z   RISK REGIME
-----------------------------------
HLT        3.74   3.86 EXTREME
MAR        3.82   3.85 EXTREME
UAL        3.33   3.76 EXTREME
XLY        3.89   3.60 EXTREME
DKNG       3.71   3.35 EXTREME
XLK        3.49   3.31 EXTREME
TLT        4.09   3.25 EXTREME
DIS        3.92   3.19 EXTREME
PEP        4.17   3.17 EXTREME
FOXA       3.91   3.06 EXTREME
[scanner_cross] Scanning 3 pairs (threshold: 0.05%)...
  [scanner_cross] BTC: Binance $67985.77 | OKX $67990.00 | spread +0.0062%
  [scanner_cross] BTC: Skipped (spread 0.0062% < threshold 0.05%)
  [scanner_cross] ETH: Binance $1985.23 | OKX $1985.32 | spread +0.0045%
  [scanner_cross] ETH: Skipped (spread 0.0045% < threshold 0.05%)
  [scanner_cross] SOL: Binance $84.63 | OKX $84.63 | spread +0.0000%
  [scanner_cross] SOL: Skipped (spread 0.0000% < threshold 0.05%)
📡 Scanning P2P markets across LATAM...
  [scanner_p2p] Scanning USDT/MXN...
  [scanner_p2p] USDT/MXN: Buy $17.9320 | Spread +0.606% | EdgeNet +0.564% ✓ | Logged
  [scanner_p2p] Scanning USDT/COP...
  [scanner_p2p] USDT/COP: Buy $3759.8000 | Spread +0.556% | EdgeNet -0.316% ✗ | Logged
  [scanner_p2p] Scanning USDT/VES...
  [scanner_p2p] USDT/VES: Buy $613.5920 | Spread -0.465% | EdgeNet -0.636% ✗ | Logged
  [scanner_p2p] Scanning USDT/ARS...
  [scanner_p2p] USDT/ARS: Buy $1469.4660 | Spread +0.480% | EdgeNet +0.785% ✓ | Logged
📡 P2P scan complete: 4/4 pairs successful
[scanner_basis] Scanning BTCUSDT...
  [scanner_basis] Spot: $67985.76 | Futures: $67952.60 | Basis: -0.0488%
  [scanner_basis] Logged (basis 0.0488% >= threshold 0.02%)
Report saved: storage/reports/2026-03-07_10-21-30.json
Hash: 701844162ff892e4d14b2cea94e1d907bbeb38a83bc8c09d7bb16ca3cdcb205d
Ollama: AVAILABLE
Data Quality: 100.00% (OK)
[2026-03-07 10:21:30 UTC] STDERR:
2026-03-07 05:20:48,220 [INFO] engine — ✓ equity QQQ
2026-03-07 05:20:48,507 [INFO] engine — ✓ equity IWM
2026-03-07 05:20:48,752 [INFO] engine — ✓ equity XLF
2026-03-07 05:20:49,000 [INFO] engine — ✓ equity XLK
2026-03-07 05:20:49,285 [INFO] engine — ✓ equity XLE
2026-03-07 05:20:49,532 [INFO] engine — ✓ equity XLY
2026-03-07 05:20:49,779 [INFO] engine — ✓ equity XLP
2026-03-07 05:20:50,079 [INFO] engine — ✓ equity GLD
2026-03-07 05:20:52,608 [INFO] engine — ✓ equity TLT
2026-03-07 05:20:52,881 [INFO] engine — ✓ equity HYG
2026-03-07 05:20:53,136 [INFO] engine — ✓ equity MAR
2026-03-07 05:20:53,431 [INFO] engine — ✓ equity HLT
2026-03-07 05:20:53,719 [INFO] engine — ✓ equity DAL
2026-03-07 05:20:54,027 [INFO] engine — ✓ equity UAL
2026-03-07 05:20:54,389 [INFO] engine — ✓ equity DIS
2026-03-07 05:20:54,705 [INFO] engine — ✓ equity FOXA
2026-03-07 05:20:56,590 [INFO] engine — ✓ equity MCD
2026-03-07 05:20:56,687 [INFO] engine — ✓ crypto ETH/USDT
2026-03-07 05:20:56,710 [INFO] engine — ✓ crypto BTC/USDT
2026-03-07 05:20:56,725 [INFO] engine — ✓ crypto SOL/USDT
2026-03-07 05:20:56,870 [INFO] engine — ✓ equity KO
2026-03-07 05:20:57,117 [INFO] engine — ✓ equity PEP
2026-03-07 05:20:57,370 [INFO] engine — ✓ equity DKNG
2026-03-07 05:21:22,451 [INFO] scanner_p2p — Pre-fetching spot rates for all LATAM currencies...
2026-03-07 05:21:22,452 [INFO] scanner_p2p — Fetching fresh spot rates for: MXN, COP, VES, ARS
2026-03-07 05:21:22,741 [INFO] scanner_p2p — Fetched 3/4 rates from open.er-api.com
2026-03-07 05:21:23,067 [INFO] scanner_p2p — VES parallel rate: 615.35 (dolarapi.com)
2026-03-07 05:21:23,702 [INFO] scanner_p2p — Using cached spot rates (age: 1s)
2026-03-07 05:21:24,412 [INFO] scanner_p2p — Using cached spot rates (age: 2s)
2026-03-07 05:21:25,028 [INFO] scanner_p2p — Using cached spot rates (age: 3s)
2026-03-07 05:21:25,919 [INFO] scanner_p2p — Using cached spot rates (age: 3s)
2026-03-07 05:21:26,430 [INFO] runner — Generating market intelligence with Ollama...
2026-03-07 05:21:26,430 [INFO] ollama_intel — Generating market intelligence for 2026-03-07...
2026-03-07 05:21:26,434 [INFO] ollama_intel — Read 148 opportunities for 2026-03-07
2026-03-07 05:21:26,434 [INFO] ollama_intel — Calling Ollama (attempt 1/2)...
2026-03-07 05:21:30,152 [INFO] ollama_intel — Successfully received AI analysis from Ollama
2026-03-07 05:21:30,154 [INFO] ollama_intel — Market intelligence generated: ok
2026-03-07 05:21:30,155 [INFO] runner — Intelligence generated: ok
2026-03-07 05:21:30,155 [INFO] runner — Running ALFRED data quality check...
2026-03-07 05:21:30,155 [INFO] alfred — ALFRED: Running quality check on last 50 records...
2026-03-07 05:21:30,156 [INFO] alfred — ALFRED: dq_score 100.00% - OK
2026-03-07 05:21:30,157 [INFO] runner — Data quality: 100.00% (OK)
[2026-03-07 10:21:30 UTC] ✓ CYCLE #42 COMPLETED SUCCESSFULLY
[2026-03-07 10:21:30 UTC] ⏳ Waiting 20 minutes until next cycle...
[2026-03-07 10:21:30 UTC]    Next run at: 10:41:30 UTC
[2026-03-07 10:41:39 UTC] ─── CYCLE #43 START ───
[2026-03-07 10:42:14 UTC] STDOUT:
✅ DB inicializada: storage/batman.db

🦇 RISK SCORES TOP 10
SYM       VOL_Z   RISK REGIME
-----------------------------------
HLT        3.74   3.86 EXTREME
MAR        3.82   3.85 EXTREME
UAL        3.33   3.76 EXTREME
XLY        3.89   3.60 EXTREME
DKNG       3.71   3.35 EXTREME
XLK        3.49   3.31 EXTREME
TLT        4.09   3.25 EXTREME
DIS        3.92   3.19 EXTREME
PEP        4.17   3.17 EXTREME
FOXA       3.91   3.06 EXTREME
[scanner_cross] Scanning 3 pairs (threshold: 0.05%)...
  [scanner_cross] BTC: Binance $67992.07 | OKX $67998.00 | spread +0.0087%
  [scanner_cross] BTC: Skipped (spread 0.0087% < threshold 0.05%)
  [scanner_cross] ETH: Binance $1985.67 | OKX $1985.50 | spread -0.0086%
  [scanner_cross] ETH: Skipped (spread 0.0086% < threshold 0.05%)
  [scanner_cross] SOL: Binance $84.67 | OKX $84.66 | spread -0.0118%
  [scanner_cross] SOL: Skipped (spread 0.0118% < threshold 0.05%)
📡 Scanning P2P markets across LATAM...
  [scanner_p2p] Scanning USDT/MXN...
  [scanner_p2p] USDT/MXN: Buy $17.9260 | Spread +0.572% | EdgeNet +0.530% ✓ | Logged
  [scanner_p2p] Scanning USDT/COP...
  [scanner_p2p] USDT/COP: Buy $3759.8000 | Spread +0.555% | EdgeNet -0.316% ✗ | Logged
  [scanner_p2p] Scanning USDT/VES...
  [scanner_p2p] USDT/VES: Buy $613.5390 | Spread -0.467% | EdgeNet -0.644% ✗ | Logged
  [scanner_p2p] Scanning USDT/ARS...
  [scanner_p2p] USDT/ARS: Buy $1469.3600 | Spread +0.335% | EdgeNet +0.778% ✓ | Logged
📡 P2P scan complete: 4/4 pairs successful
[scanner_basis] Scanning BTCUSDT...
  [scanner_basis] Spot: $67992.07 | Futures: $67965.10 | Basis: -0.0397%
  [scanner_basis] Logged (basis 0.0397% >= threshold 0.02%)
Report saved: storage/reports/2026-03-07_10-42-14.json
Hash: aad2066a474e0928ae803d9ba3d63f74bde3dc6a7c0eec94bba5400410f22404
Ollama: AVAILABLE
Data Quality: 100.00% (OK)
[2026-03-07 10:42:14 UTC] STDERR:
2026-03-07 05:41:42,602 [INFO] engine — ✓ equity QQQ
2026-03-07 05:41:42,980 [INFO] engine — ✓ equity IWM
2026-03-07 05:41:43,243 [INFO] engine — ✓ equity XLF
2026-03-07 05:41:43,502 [INFO] engine — ✓ equity XLK
2026-03-07 05:41:43,785 [INFO] engine — ✓ equity XLE
2026-03-07 05:41:44,031 [INFO] engine — ✓ equity XLY
2026-03-07 05:41:44,280 [INFO] engine — ✓ equity XLP
2026-03-07 05:41:44,540 [INFO] engine — ✓ equity GLD
2026-03-07 05:41:46,904 [INFO] engine — ✓ equity TLT
2026-03-07 05:41:47,154 [INFO] engine — ✓ equity HYG
2026-03-07 05:41:47,419 [INFO] engine — ✓ equity MAR
2026-03-07 05:41:47,663 [INFO] engine — ✓ equity HLT
2026-03-07 05:41:47,968 [INFO] engine — ✓ equity DAL
2026-03-07 05:41:48,355 [INFO] engine — ✓ equity UAL
2026-03-07 05:41:48,744 [INFO] engine — ✓ equity DIS
2026-03-07 05:41:49,041 [INFO] engine — ✓ equity FOXA
2026-03-07 05:41:50,730 [INFO] engine — ✓ equity MCD
2026-03-07 05:41:50,919 [INFO] engine — ✓ crypto BTC/USDT
2026-03-07 05:41:50,943 [INFO] engine — ✓ crypto ETH/USDT
2026-03-07 05:41:50,979 [INFO] engine — ✓ equity KO
2026-03-07 05:41:51,034 [INFO] engine — ✓ crypto SOL/USDT
2026-03-07 05:41:51,270 [INFO] engine — ✓ equity PEP
2026-03-07 05:41:51,525 [INFO] engine — ✓ equity DKNG
2026-03-07 05:42:06,523 [INFO] scanner_p2p — Pre-fetching spot rates for all LATAM currencies...
2026-03-07 05:42:06,523 [INFO] scanner_p2p — Fetching fresh spot rates for: MXN, COP, VES, ARS
2026-03-07 05:42:06,810 [INFO] scanner_p2p — Fetched 3/4 rates from open.er-api.com
2026-03-07 05:42:07,141 [INFO] scanner_p2p — VES parallel rate: 615.35 (dolarapi.com)
2026-03-07 05:42:07,864 [INFO] scanner_p2p — Using cached spot rates (age: 1s)
2026-03-07 05:42:08,497 [INFO] scanner_p2p — Using cached spot rates (age: 2s)
2026-03-07 05:42:09,193 [INFO] scanner_p2p — Using cached spot rates (age: 3s)
2026-03-07 05:42:10,111 [INFO] scanner_p2p — Using cached spot rates (age: 4s)
2026-03-07 05:42:10,623 [INFO] runner — Generating market intelligence with Ollama...
2026-03-07 05:42:10,624 [INFO] ollama_intel — Generating market intelligence for 2026-03-07...
2026-03-07 05:42:10,626 [INFO] ollama_intel — Read 153 opportunities for 2026-03-07
2026-03-07 05:42:10,626 [INFO] ollama_intel — Calling Ollama (attempt 1/2)...
2026-03-07 05:42:14,232 [INFO] ollama_intel — Successfully received AI analysis from Ollama
2026-03-07 05:42:14,233 [INFO] ollama_intel — Market intelligence generated: ok
2026-03-07 05:42:14,233 [INFO] runner — Intelligence generated: ok
2026-03-07 05:42:14,233 [INFO] runner — Running ALFRED data quality check...
2026-03-07 05:42:14,233 [INFO] alfred — ALFRED: Running quality check on last 50 records...
2026-03-07 05:42:14,235 [INFO] alfred — ALFRED: dq_score 100.00% - OK
2026-03-07 05:42:14,235 [INFO] runner — Data quality: 100.00% (OK)
[2026-03-07 10:42:14 UTC] ✓ CYCLE #43 COMPLETED SUCCESSFULLY
[2026-03-07 10:42:14 UTC] ⏳ Waiting 20 minutes until next cycle...
[2026-03-07 10:42:14 UTC]    Next run at: 11:02:14 UTC
[2026-03-07 11:02:23 UTC] ─── CYCLE #44 START ───
[2026-03-07 11:02:51 UTC] STDOUT:
✅ DB inicializada: storage/batman.db

🦇 RISK SCORES TOP 10
SYM       VOL_Z   RISK REGIME
-----------------------------------
HLT        3.74   3.86 EXTREME
MAR        3.82   3.85 EXTREME
UAL        3.33   3.76 EXTREME
XLY        3.89   3.60 EXTREME
DKNG       3.71   3.35 EXTREME
XLK        3.49   3.31 EXTREME
TLT        4.09   3.25 EXTREME
DIS        3.92   3.19 EXTREME
PEP        4.17   3.17 EXTREME
FOXA       3.91   3.06 EXTREME
[scanner_cross] Scanning 3 pairs (threshold: 0.05%)...
  [scanner_cross] BTC: Binance $67876.90 | OKX $67874.00 | spread -0.0043%
  [scanner_cross] BTC: Skipped (spread 0.0043% < threshold 0.05%)
  [scanner_cross] ETH: Binance $1984.00 | OKX $1983.78 | spread -0.0111%
  [scanner_cross] ETH: Skipped (spread 0.0111% < threshold 0.05%)
  [scanner_cross] SOL: Binance $84.39 | OKX $84.39 | spread +0.0000%
  [scanner_cross] SOL: Skipped (spread 0.0000% < threshold 0.05%)
📡 Scanning P2P markets across LATAM...
  [scanner_p2p] Scanning USDT/MXN...
  [scanner_p2p] USDT/MXN: Buy $17.9260 | Spread +0.572% | EdgeNet +0.530% ✓ | Logged
  [scanner_p2p] Scanning USDT/COP...
  [scanner_p2p] USDT/COP: Buy $3759.7380 | Spread +0.554% | EdgeNet -0.318% ✗ | Logged
  [scanner_p2p] Scanning USDT/VES...
  [scanner_p2p] USDT/VES: Buy $613.4888 | Spread -0.280% | EdgeNet -0.652% ✗ | Logged
  [scanner_p2p] Scanning USDT/ARS...
  [scanner_p2p] USDT/ARS: Buy $1468.8780 | Spread +0.431% | EdgeNet +0.745% ✓ | Logged
📡 P2P scan complete: 4/4 pairs successful
[scanner_basis] Scanning BTCUSDT...
  [scanner_basis] Spot: $67876.90 | Futures: $67842.10 | Basis: -0.0513%
  [scanner_basis] Logged (basis 0.0513% >= threshold 0.02%)
Report saved: storage/reports/2026-03-07_11-02-51.json
Hash: c481008fbf1073176396ef8d6ef37b835f01d830eafbec8a391a9eb5cf6aef29
Ollama: AVAILABLE
Data Quality: 100.00% (OK)
[2026-03-07 11:02:51 UTC] STDERR:
2026-03-07 06:02:26,820 [INFO] engine — ✓ equity QQQ
2026-03-07 06:02:27,078 [INFO] engine — ✓ equity IWM
2026-03-07 06:02:27,398 [INFO] engine — ✓ equity XLF
2026-03-07 06:02:27,645 [INFO] engine — ✓ equity XLK
2026-03-07 06:02:27,898 [INFO] engine — ✓ equity XLE
2026-03-07 06:02:28,154 [INFO] engine — ✓ equity XLY
2026-03-07 06:02:28,407 [INFO] engine — ✓ equity XLP
2026-03-07 06:02:28,670 [INFO] engine — ✓ equity GLD
2026-03-07 06:02:31,092 [INFO] engine — ✓ equity TLT
2026-03-07 06:02:31,363 [INFO] engine — ✓ equity HYG
2026-03-07 06:02:31,628 [INFO] engine — ✓ equity MAR
2026-03-07 06:02:31,968 [INFO] engine — ✓ equity HLT
2026-03-07 06:02:32,241 [INFO] engine — ✓ equity DAL
2026-03-07 06:02:32,499 [INFO] engine — ✓ equity UAL
2026-03-07 06:02:32,862 [INFO] engine — ✓ equity DIS
2026-03-07 06:02:33,301 [INFO] engine — ✓ equity FOXA
2026-03-07 06:02:34,946 [INFO] engine — ✓ equity MCD
2026-03-07 06:02:35,278 [INFO] engine — ✓ equity KO
2026-03-07 06:02:35,452 [INFO] engine — ✓ crypto BTC/USDT
2026-03-07 06:02:35,520 [INFO] engine — ✓ equity PEP
2026-03-07 06:02:35,726 [INFO] engine — ✓ crypto SOL/USDT
2026-03-07 06:02:35,761 [INFO] engine — ✓ equity DKNG
2026-03-07 06:02:35,818 [INFO] engine — ✓ crypto ETH/USDT
2026-03-07 06:02:43,550 [INFO] scanner_p2p — Pre-fetching spot rates for all LATAM currencies...
2026-03-07 06:02:43,551 [INFO] scanner_p2p — Fetching fresh spot rates for: MXN, COP, VES, ARS
2026-03-07 06:02:43,842 [INFO] scanner_p2p — Fetched 3/4 rates from open.er-api.com
2026-03-07 06:02:44,123 [INFO] scanner_p2p — VES parallel rate: 615.35 (dolarapi.com)
2026-03-07 06:02:44,760 [INFO] scanner_p2p — Using cached spot rates (age: 1s)
2026-03-07 06:02:45,445 [INFO] scanner_p2p — Using cached spot rates (age: 2s)
2026-03-07 06:02:46,095 [INFO] scanner_p2p — Using cached spot rates (age: 3s)
2026-03-07 06:02:46,990 [INFO] scanner_p2p — Using cached spot rates (age: 3s)
2026-03-07 06:02:47,501 [INFO] runner — Generating market intelligence with Ollama...
2026-03-07 06:02:47,501 [INFO] ollama_intel — Generating market intelligence for 2026-03-07...
2026-03-07 06:02:47,504 [INFO] ollama_intel — Read 158 opportunities for 2026-03-07
2026-03-07 06:02:47,504 [INFO] ollama_intel — Calling Ollama (attempt 1/2)...
2026-03-07 06:02:51,099 [INFO] ollama_intel — Successfully received AI analysis from Ollama
2026-03-07 06:02:51,100 [INFO] ollama_intel — Market intelligence generated: ok
2026-03-07 06:02:51,101 [INFO] runner — Intelligence generated: ok
2026-03-07 06:02:51,101 [INFO] runner — Running ALFRED data quality check...
2026-03-07 06:02:51,101 [INFO] alfred — ALFRED: Running quality check on last 50 records...
2026-03-07 06:02:51,103 [INFO] alfred — ALFRED: dq_score 100.00% - OK
2026-03-07 06:02:51,104 [INFO] runner — Data quality: 100.00% (OK)
[2026-03-07 11:02:51 UTC] ✓ CYCLE #44 COMPLETED SUCCESSFULLY
[2026-03-07 11:02:51 UTC] ⏳ Waiting 20 minutes until next cycle...
[2026-03-07 11:02:51 UTC]    Next run at: 11:22:51 UTC
[2026-03-07 11:23:00 UTC] ─── CYCLE #45 START ───
[2026-03-07 11:23:35 UTC] STDOUT:
✅ DB inicializada: storage/batman.db

🦇 RISK SCORES TOP 10
SYM       VOL_Z   RISK REGIME
-----------------------------------
HLT        3.74   3.86 EXTREME
MAR        3.82   3.85 EXTREME
UAL        3.33   3.76 EXTREME
XLY        3.89   3.60 EXTREME
DKNG       3.71   3.35 EXTREME
XLK        3.49   3.31 EXTREME
TLT        4.09   3.25 EXTREME
DIS        3.92   3.19 EXTREME
PEP        4.17   3.17 EXTREME
FOXA       3.91   3.06 EXTREME
[scanner_cross] Scanning 3 pairs (threshold: 0.05%)...
  [scanner_cross] BTC: Binance $68171.88 | OKX $68176.00 | spread +0.0060%
  [scanner_cross] BTC: Skipped (spread 0.0060% < threshold 0.05%)
  [scanner_cross] ETH: Binance $1989.15 | OKX $1989.02 | spread -0.0065%
  [scanner_cross] ETH: Skipped (spread 0.0065% < threshold 0.05%)
  [scanner_cross] SOL: Binance $84.75 | OKX $84.74 | spread -0.0118%
  [scanner_cross] SOL: Skipped (spread 0.0118% < threshold 0.05%)
📡 Scanning P2P markets across LATAM...
  [scanner_p2p] Scanning USDT/MXN...
  [scanner_p2p] USDT/MXN: Buy $17.9280 | Spread +0.561% | EdgeNet +0.542% ✓ | Logged
  [scanner_p2p] Scanning USDT/COP...
  [scanner_p2p] USDT/COP: Buy $3756.8000 | Spread +0.471% | EdgeNet -0.396% ✗ | Logged
  [scanner_p2p] Scanning USDT/VES...
  [scanner_p2p] USDT/VES: Buy $613.2262 | Spread -0.436% | EdgeNet -0.695% ✗ | Logged
  [scanner_p2p] Scanning USDT/ARS...
  [scanner_p2p] USDT/ARS: Buy $1468.1640 | Spread +0.397% | EdgeNet +0.696% ✓ | Logged
📡 P2P scan complete: 4/4 pairs successful
[scanner_basis] Scanning BTCUSDT...
  [scanner_basis] Spot: $68168.94 | Futures: $68145.00 | Basis: -0.0351%
  [scanner_basis] Logged (basis 0.0351% >= threshold 0.02%)
Report saved: storage/reports/2026-03-07_11-23-35.json
Hash: 45f5154eaab7a454f6ee2c189bad5ec55d4ae2cb0cccf140ea429c6803b8a366
Ollama: AVAILABLE
Data Quality: 100.00% (OK)
[2026-03-07 11:23:35 UTC] STDERR:
2026-03-07 06:23:03,747 [INFO] engine — ✓ equity QQQ
2026-03-07 06:23:04,036 [INFO] engine — ✓ equity IWM
2026-03-07 06:23:04,320 [INFO] engine — ✓ equity XLF
2026-03-07 06:23:04,567 [INFO] engine — ✓ equity XLK
2026-03-07 06:23:04,858 [INFO] engine — ✓ equity XLE
2026-03-07 06:23:05,117 [INFO] engine — ✓ equity XLY
2026-03-07 06:23:05,381 [INFO] engine — ✓ equity XLP
2026-03-07 06:23:05,672 [INFO] engine — ✓ equity GLD
2026-03-07 06:23:07,948 [INFO] engine — ✓ equity TLT
2026-03-07 06:23:08,205 [INFO] engine — ✓ equity HYG
2026-03-07 06:23:08,563 [INFO] engine — ✓ equity MAR
2026-03-07 06:23:08,815 [INFO] engine — ✓ equity HLT
2026-03-07 06:23:09,102 [INFO] engine — ✓ equity DAL
2026-03-07 06:23:09,362 [INFO] engine — ✓ equity UAL
2026-03-07 06:23:09,624 [INFO] engine — ✓ equity DIS
2026-03-07 06:23:10,265 [INFO] engine — ✓ equity FOXA
2026-03-07 06:23:12,867 [INFO] engine — ✓ equity MCD
2026-03-07 06:23:13,286 [INFO] engine — ✓ equity KO
2026-03-07 06:23:13,644 [INFO] engine — ✓ equity PEP
2026-03-07 06:23:13,696 [INFO] engine — ✓ crypto SOL/USDT
2026-03-07 06:23:13,710 [INFO] engine — ✓ crypto ETH/USDT
2026-03-07 06:23:13,879 [INFO] engine — ✓ equity DKNG
2026-03-07 06:23:14,105 [INFO] engine — ✓ crypto BTC/USDT
2026-03-07 06:23:27,578 [INFO] scanner_p2p — Pre-fetching spot rates for all LATAM currencies...
2026-03-07 06:23:27,578 [INFO] scanner_p2p — Fetching fresh spot rates for: MXN, COP, VES, ARS
2026-03-07 06:23:27,859 [INFO] scanner_p2p — Fetched 3/4 rates from open.er-api.com
2026-03-07 06:23:28,192 [INFO] scanner_p2p — VES parallel rate: 615.35 (dolarapi.com)
2026-03-07 06:23:28,929 [INFO] scanner_p2p — Using cached spot rates (age: 1s)
2026-03-07 06:23:29,566 [INFO] scanner_p2p — Using cached spot rates (age: 2s)
2026-03-07 06:23:30,192 [INFO] scanner_p2p — Using cached spot rates (age: 3s)
2026-03-07 06:23:31,092 [INFO] scanner_p2p — Using cached spot rates (age: 4s)
2026-03-07 06:23:31,601 [INFO] runner — Generating market intelligence with Ollama...
2026-03-07 06:23:31,602 [INFO] ollama_intel — Generating market intelligence for 2026-03-07...
2026-03-07 06:23:31,605 [INFO] ollama_intel — Read 163 opportunities for 2026-03-07
2026-03-07 06:23:31,605 [INFO] ollama_intel — Calling Ollama (attempt 1/2)...
2026-03-07 06:23:35,627 [INFO] ollama_intel — Successfully received AI analysis from Ollama
2026-03-07 06:23:35,629 [INFO] ollama_intel — Market intelligence generated: ok
2026-03-07 06:23:35,629 [INFO] runner — Intelligence generated: ok
2026-03-07 06:23:35,630 [INFO] runner — Running ALFRED data quality check...
2026-03-07 06:23:35,630 [INFO] alfred — ALFRED: Running quality check on last 50 records...
2026-03-07 06:23:35,631 [INFO] alfred — ALFRED: dq_score 100.00% - OK
2026-03-07 06:23:35,632 [INFO] runner — Data quality: 100.00% (OK)
[2026-03-07 11:23:35 UTC] ✓ CYCLE #45 COMPLETED SUCCESSFULLY
[2026-03-07 11:23:35 UTC] ⏳ Waiting 20 minutes until next cycle...
[2026-03-07 11:23:35 UTC]    Next run at: 11:43:35 UTC
[2026-03-07 11:43:44 UTC] ─── CYCLE #46 START ───
[2026-03-07 11:44:29 UTC] STDOUT:
✅ DB inicializada: storage/batman.db

🦇 RISK SCORES TOP 10
SYM       VOL_Z   RISK REGIME
-----------------------------------
HLT        3.74   3.86 EXTREME
MAR        3.82   3.85 EXTREME
UAL        3.33   3.76 EXTREME
XLY        3.89   3.60 EXTREME
DKNG       3.71   3.35 EXTREME
XLK        3.49   3.31 EXTREME
TLT        4.09   3.25 EXTREME
DIS        3.92   3.19 EXTREME
PEP        4.17   3.17 EXTREME
FOXA       3.91   3.06 EXTREME
[scanner_cross] Scanning 3 pairs (threshold: 0.05%)...
  [scanner_cross] BTC: Binance $68103.70 | OKX $68099.90 | spread -0.0056%
  [scanner_cross] BTC: Skipped (spread 0.0056% < threshold 0.05%)
  [scanner_cross] ETH: Binance $1988.75 | OKX $1988.50 | spread -0.0126%
  [scanner_cross] ETH: Skipped (spread 0.0126% < threshold 0.05%)
  [scanner_cross] SOL: Binance $84.82 | OKX $84.81 | spread -0.0118%
  [scanner_cross] SOL: Skipped (spread 0.0118% < threshold 0.05%)
📡 Scanning P2P markets across LATAM...
  [scanner_p2p] Scanning USDT/MXN...
  [scanner_p2p] USDT/MXN: Buy $17.9340 | Spread +0.696% | EdgeNet +0.575% ✓ | Logged
  [scanner_p2p] Scanning USDT/COP...
  [scanner_p2p] USDT/COP: Buy $3757.0000 | Spread +0.278% | EdgeNet -0.391% ✗ | Logged
  [scanner_p2p] Scanning USDT/VES...
  [scanner_p2p] USDT/VES: Buy $612.2368 | Spread -0.850% | EdgeNet -0.856% ✗ | Logged
  [scanner_p2p] Scanning USDT/ARS...
  [scanner_p2p] USDT/ARS: Buy $1467.9480 | Spread +0.373% | EdgeNet +0.681% ✓ | Logged
📡 P2P scan complete: 4/4 pairs successful
[scanner_basis] Scanning BTCUSDT...
  [scanner_basis] Spot: $68103.70 | Futures: $68067.40 | Basis: -0.0533%
  [scanner_basis] Logged (basis 0.0533% >= threshold 0.02%)
Report saved: storage/reports/2026-03-07_11-44-29.json
Hash: 3942dd5c3788d29bd6b97c01bbe830fc4c551b4a75f8e13fd5b566750c5143e8
Ollama: AVAILABLE
Data Quality: 100.00% (OK)
[2026-03-07 11:44:29 UTC] STDERR:
2026-03-07 06:43:48,211 [INFO] engine — ✓ equity QQQ
2026-03-07 06:43:48,549 [INFO] engine — ✓ equity IWM
2026-03-07 06:43:48,800 [INFO] engine — ✓ equity XLF
2026-03-07 06:43:49,046 [INFO] engine — ✓ equity XLK
2026-03-07 06:43:49,339 [INFO] engine — ✓ equity XLE
2026-03-07 06:43:49,674 [INFO] engine — ✓ equity XLY
2026-03-07 06:43:49,917 [INFO] engine — ✓ equity XLP
2026-03-07 06:43:50,170 [INFO] engine — ✓ equity GLD
2026-03-07 06:43:52,760 [INFO] engine — ✓ equity TLT
2026-03-07 06:43:53,098 [INFO] engine — ✓ equity HYG
2026-03-07 06:43:53,348 [INFO] engine — ✓ equity MAR
2026-03-07 06:43:53,594 [INFO] engine — ✓ equity HLT
2026-03-07 06:43:53,885 [INFO] engine — ✓ equity DAL
2026-03-07 06:43:54,192 [INFO] engine — ✓ equity UAL
2026-03-07 06:43:54,816 [INFO] engine — ✓ equity DIS
2026-03-07 06:43:55,734 [INFO] engine — ✓ equity FOXA
2026-03-07 06:43:57,622 [INFO] engine — ✓ equity MCD
2026-03-07 06:43:57,901 [INFO] engine — ✓ equity KO
2026-03-07 06:43:57,942 [INFO] engine — ✓ crypto SOL/USDT
2026-03-07 06:43:58,059 [INFO] engine — ✓ crypto BTC/USDT
2026-03-07 06:43:58,174 [INFO] engine — ✓ equity PEP
2026-03-07 06:43:58,507 [INFO] engine — ✓ crypto ETH/USDT
2026-03-07 06:43:58,508 [INFO] engine — ✓ equity DKNG
2026-03-07 06:44:21,034 [INFO] scanner_p2p — Pre-fetching spot rates for all LATAM currencies...
2026-03-07 06:44:21,034 [INFO] scanner_p2p — Fetching fresh spot rates for: MXN, COP, VES, ARS
2026-03-07 06:44:21,301 [INFO] scanner_p2p — Fetched 3/4 rates from open.er-api.com
2026-03-07 06:44:21,612 [INFO] scanner_p2p — VES parallel rate: 615.35 (dolarapi.com)
2026-03-07 06:44:22,257 [INFO] scanner_p2p — Using cached spot rates (age: 1s)
2026-03-07 06:44:22,938 [INFO] scanner_p2p — Using cached spot rates (age: 2s)
2026-03-07 06:44:23,576 [INFO] scanner_p2p — Using cached spot rates (age: 3s)
2026-03-07 06:44:24,577 [INFO] scanner_p2p — Using cached spot rates (age: 4s)
2026-03-07 06:44:25,090 [INFO] runner — Generating market intelligence with Ollama...
2026-03-07 06:44:25,091 [INFO] ollama_intel — Generating market intelligence for 2026-03-07...
2026-03-07 06:44:25,094 [INFO] ollama_intel — Read 168 opportunities for 2026-03-07
2026-03-07 06:44:25,094 [INFO] ollama_intel — Calling Ollama (attempt 1/2)...
2026-03-07 06:44:29,280 [INFO] ollama_intel — Successfully received AI analysis from Ollama
2026-03-07 06:44:29,281 [INFO] ollama_intel — Market intelligence generated: ok
2026-03-07 06:44:29,282 [INFO] runner — Intelligence generated: ok
2026-03-07 06:44:29,282 [INFO] runner — Running ALFRED data quality check...
2026-03-07 06:44:29,282 [INFO] alfred — ALFRED: Running quality check on last 50 records...
2026-03-07 06:44:29,284 [INFO] alfred — ALFRED: dq_score 100.00% - OK
2026-03-07 06:44:29,286 [INFO] runner — Data quality: 100.00% (OK)
[2026-03-07 11:44:29 UTC] ✓ CYCLE #46 COMPLETED SUCCESSFULLY
[2026-03-07 11:44:29 UTC] ⏳ Waiting 20 minutes until next cycle...
[2026-03-07 11:44:29 UTC]    Next run at: 12:04:29 UTC
[2026-03-07 12:04:38 UTC] ─── CYCLE #47 START ───
[2026-03-07 12:05:06 UTC] STDOUT:
✅ DB inicializada: storage/batman.db

🦇 RISK SCORES TOP 10
SYM       VOL_Z   RISK REGIME
-----------------------------------
HLT        3.74   3.86 EXTREME
MAR        3.82   3.85 EXTREME
UAL        3.33   3.76 EXTREME
XLY        3.89   3.60 EXTREME
DKNG       3.71   3.35 EXTREME
XLK        3.49   3.31 EXTREME
TLT        4.09   3.25 EXTREME
DIS        3.92   3.19 EXTREME
PEP        4.17   3.17 EXTREME
FOXA       3.91   3.06 EXTREME
[scanner_cross] Scanning 3 pairs (threshold: 0.05%)...
  [scanner_cross] BTC: Binance $68076.81 | OKX $68075.50 | spread -0.0019%
  [scanner_cross] BTC: Skipped (spread 0.0019% < threshold 0.05%)
  [scanner_cross] ETH: Binance $1990.72 | OKX $1990.53 | spread -0.0095%
  [scanner_cross] ETH: Skipped (spread 0.0095% < threshold 0.05%)
  [scanner_cross] SOL: Binance $84.77 | OKX $84.77 | spread +0.0000%
  [scanner_cross] SOL: Skipped (spread 0.0000% < threshold 0.05%)
📡 Scanning P2P markets across LATAM...
  [scanner_p2p] Scanning USDT/MXN...
  [scanner_p2p] USDT/MXN: Buy $17.9340 | Spread +0.617% | EdgeNet +0.575% ✓ | Logged
  [scanner_p2p] Scanning USDT/COP...
  [scanner_p2p] USDT/COP: Buy $3756.8000 | Spread +0.475% | EdgeNet -0.396% ✗ | Logged
  [scanner_p2p] Scanning USDT/VES...
  [scanner_p2p] USDT/VES: Buy $612.8000 | Spread -0.803% | EdgeNet -0.537% ✗ | Logged
  [scanner_p2p] Scanning USDT/ARS...
  [scanner_p2p] USDT/ARS: Buy $1467.3520 | Spread +0.330% | EdgeNet +0.640% ✓ | Logged
📡 P2P scan complete: 4/4 pairs successful
[scanner_basis] Scanning BTCUSDT...
  [scanner_basis] Spot: $68076.81 | Futures: $68042.00 | Basis: -0.0511%
  [scanner_basis] Logged (basis 0.0511% >= threshold 0.02%)
Report saved: storage/reports/2026-03-07_12-05-06.json
Hash: 0442b26adea5133f5abce2026539e07b70fb2e4ffa0f3895af6a90a6a0a80dbd
Ollama: AVAILABLE
Data Quality: 100.00% (OK)
[2026-03-07 12:05:06 UTC] STDERR:
2026-03-07 07:04:41,906 [INFO] engine — ✓ equity QQQ
2026-03-07 07:04:42,190 [INFO] engine — ✓ equity IWM
2026-03-07 07:04:42,433 [INFO] engine — ✓ equity XLF
2026-03-07 07:04:42,670 [INFO] engine — ✓ equity XLK
2026-03-07 07:04:42,919 [INFO] engine — ✓ equity XLE
2026-03-07 07:04:43,159 [INFO] engine — ✓ equity XLY
2026-03-07 07:04:43,403 [INFO] engine — ✓ equity XLP
2026-03-07 07:04:43,684 [INFO] engine — ✓ equity GLD
2026-03-07 07:04:46,103 [INFO] engine — ✓ equity TLT
2026-03-07 07:04:46,435 [INFO] engine — ✓ equity HYG
2026-03-07 07:04:46,681 [INFO] engine — ✓ equity MAR
2026-03-07 07:04:46,969 [INFO] engine — ✓ equity HLT
2026-03-07 07:04:47,257 [INFO] engine — ✓ equity DAL
2026-03-07 07:04:47,558 [INFO] engine — ✓ equity UAL
2026-03-07 07:04:47,847 [INFO] engine — ✓ equity DIS
2026-03-07 07:04:48,156 [INFO] engine — ✓ equity FOXA
2026-03-07 07:04:49,990 [INFO] engine — ✓ crypto BTC/USDT
2026-03-07 07:04:49,993 [INFO] engine — ✓ equity MCD
2026-03-07 07:04:50,175 [INFO] engine — ✓ crypto SOL/USDT
2026-03-07 07:04:50,285 [INFO] engine — ✓ equity KO
2026-03-07 07:04:50,519 [INFO] engine — ✓ crypto ETH/USDT
2026-03-07 07:04:50,622 [INFO] engine — ✓ equity PEP
2026-03-07 07:04:50,909 [INFO] engine — ✓ equity DKNG
2026-03-07 07:04:58,298 [INFO] scanner_p2p — Pre-fetching spot rates for all LATAM currencies...
2026-03-07 07:04:58,298 [INFO] scanner_p2p — Fetching fresh spot rates for: MXN, COP, VES, ARS
2026-03-07 07:04:58,588 [INFO] scanner_p2p — Fetched 3/4 rates from open.er-api.com
2026-03-07 07:04:58,932 [INFO] scanner_p2p — VES parallel rate: 613.95 (dolarapi.com)
2026-03-07 07:04:59,620 [INFO] scanner_p2p — Using cached spot rates (age: 1s)
2026-03-07 07:05:00,249 [INFO] scanner_p2p — Using cached spot rates (age: 2s)
2026-03-07 07:05:00,885 [INFO] scanner_p2p — Using cached spot rates (age: 3s)
2026-03-07 07:05:01,796 [INFO] scanner_p2p — Using cached spot rates (age: 3s)
2026-03-07 07:05:02,314 [INFO] runner — Generating market intelligence with Ollama...
2026-03-07 07:05:02,315 [INFO] ollama_intel — Generating market intelligence for 2026-03-07...
2026-03-07 07:05:02,317 [INFO] ollama_intel — Read 173 opportunities for 2026-03-07
2026-03-07 07:05:02,317 [INFO] ollama_intel — Calling Ollama (attempt 1/2)...
2026-03-07 07:05:06,185 [INFO] ollama_intel — Successfully received AI analysis from Ollama
2026-03-07 07:05:06,185 [INFO] ollama_intel — Market intelligence generated: ok
2026-03-07 07:05:06,186 [INFO] runner — Intelligence generated: ok
2026-03-07 07:05:06,187 [INFO] runner — Running ALFRED data quality check...
2026-03-07 07:05:06,187 [INFO] alfred — ALFRED: Running quality check on last 50 records...
2026-03-07 07:05:06,188 [INFO] alfred — ALFRED: dq_score 100.00% - OK
2026-03-07 07:05:06,189 [INFO] runner — Data quality: 100.00% (OK)
[2026-03-07 12:05:06 UTC] ✓ CYCLE #47 COMPLETED SUCCESSFULLY
[2026-03-07 12:05:06 UTC] ⏳ Waiting 20 minutes until next cycle...
[2026-03-07 12:05:06 UTC]    Next run at: 12:25:06 UTC
[2026-03-07 12:25:15 UTC] ─── CYCLE #48 START ───
[2026-03-07 12:25:45 UTC] STDOUT:
✅ DB inicializada: storage/batman.db

🦇 RISK SCORES TOP 10
SYM       VOL_Z   RISK REGIME
-----------------------------------
HLT        3.74   3.86 EXTREME
MAR        3.82   3.85 EXTREME
UAL        3.33   3.76 EXTREME
XLY        3.89   3.60 EXTREME
DKNG       3.71   3.35 EXTREME
XLK        3.49   3.31 EXTREME
TLT        4.09   3.25 EXTREME
DIS        3.92   3.19 EXTREME
PEP        4.17   3.17 EXTREME
FOXA       3.91   3.06 EXTREME
[scanner_cross] Scanning 3 pairs (threshold: 0.05%)...
  [scanner_cross] BTC: Binance $68072.93 | OKX $68067.00 | spread -0.0087%
  [scanner_cross] BTC: Skipped (spread 0.0087% < threshold 0.05%)
  [scanner_cross] ETH: Binance $1989.60 | OKX $1989.26 | spread -0.0171%
  [scanner_cross] ETH: Skipped (spread 0.0171% < threshold 0.05%)
  [scanner_cross] SOL: Binance $84.71 | OKX $84.70 | spread -0.0118%
  [scanner_cross] SOL: Skipped (spread 0.0118% < threshold 0.05%)
📡 Scanning P2P markets across LATAM...
  [scanner_p2p] Scanning USDT/MXN...
  [scanner_p2p] USDT/MXN: Buy $17.9260 | Spread +0.505% | EdgeNet +0.530% ✓ | Logged
  [scanner_p2p] Scanning USDT/COP...
  [scanner_p2p] USDT/COP: Buy $3758.2000 | Spread +0.510% | EdgeNet -0.359% ✗ | Logged
  [scanner_p2p] Scanning USDT/VES...
  [scanner_p2p] USDT/VES: Buy $612.7970 | Spread -0.784% | EdgeNet -0.538% ✗ | Logged
  [scanner_p2p] Scanning USDT/ARS...
  [scanner_p2p] USDT/ARS: Buy $1467.2680 | Spread +0.335% | EdgeNet +0.634% ✓ | Logged
📡 P2P scan complete: 4/4 pairs successful
[scanner_basis] Scanning BTCUSDT...
  [scanner_basis] Spot: $68072.94 | Futures: $68026.30 | Basis: -0.0685%
  [scanner_basis] Logged (basis 0.0685% >= threshold 0.02%)
Report saved: storage/reports/2026-03-07_12-25-44.json
Hash: 6531bb5d0755eca9461b4d5e5e69ce3ef810e748f642d307c2caf61bddb135d4
Ollama: AVAILABLE
Data Quality: 100.00% (OK)
[2026-03-07 12:25:45 UTC] STDERR:
2026-03-07 07:25:18,915 [INFO] engine — ✓ equity QQQ
2026-03-07 07:25:19,203 [INFO] engine — ✓ equity IWM
2026-03-07 07:25:19,456 [INFO] engine — ✓ equity XLF
2026-03-07 07:25:19,705 [INFO] engine — ✓ equity XLK
2026-03-07 07:25:20,001 [INFO] engine — ✓ equity XLE
2026-03-07 07:25:20,278 [INFO] engine — ✓ equity XLY
2026-03-07 07:25:20,533 [INFO] engine — ✓ equity XLP
2026-03-07 07:25:20,824 [INFO] engine — ✓ equity GLD
2026-03-07 07:25:23,147 [INFO] engine — ✓ equity TLT
2026-03-07 07:25:23,420 [INFO] engine — ✓ equity HYG
2026-03-07 07:25:23,713 [INFO] engine — ✓ equity MAR
2026-03-07 07:25:24,045 [INFO] engine — ✓ equity HLT
2026-03-07 07:25:24,338 [INFO] engine — ✓ equity DAL
2026-03-07 07:25:24,632 [INFO] engine — ✓ equity UAL
2026-03-07 07:25:24,952 [INFO] engine — ✓ equity DIS
2026-03-07 07:25:25,305 [INFO] engine — ✓ equity FOXA
2026-03-07 07:25:26,984 [INFO] engine — ✓ equity MCD
2026-03-07 07:25:27,137 [INFO] engine — ✓ crypto BTC/USDT
2026-03-07 07:25:27,290 [INFO] engine — ✓ equity KO
2026-03-07 07:25:27,619 [INFO] engine — ✓ equity PEP
2026-03-07 07:25:27,872 [INFO] engine — ✓ equity DKNG
2026-03-07 07:25:28,080 [INFO] engine — ✓ crypto SOL/USDT
2026-03-07 07:25:28,104 [INFO] engine — ✓ crypto ETH/USDT
2026-03-07 07:25:37,455 [INFO] scanner_p2p — Pre-fetching spot rates for all LATAM currencies...
2026-03-07 07:25:37,455 [INFO] scanner_p2p — Fetching fresh spot rates for: MXN, COP, VES, ARS
2026-03-07 07:25:37,714 [INFO] scanner_p2p — Fetched 3/4 rates from open.er-api.com
2026-03-07 07:25:38,047 [INFO] scanner_p2p — VES parallel rate: 613.95 (dolarapi.com)
2026-03-07 07:25:38,764 [INFO] scanner_p2p — Using cached spot rates (age: 1s)
2026-03-07 07:25:39,389 [INFO] scanner_p2p — Using cached spot rates (age: 2s)
2026-03-07 07:25:40,020 [INFO] scanner_p2p — Using cached spot rates (age: 3s)
2026-03-07 07:25:40,932 [INFO] scanner_p2p — Using cached spot rates (age: 3s)
2026-03-07 07:25:41,442 [INFO] runner — Generating market intelligence with Ollama...
2026-03-07 07:25:41,442 [INFO] ollama_intel — Generating market intelligence for 2026-03-07...
2026-03-07 07:25:41,445 [INFO] ollama_intel — Read 178 opportunities for 2026-03-07
2026-03-07 07:25:41,446 [INFO] ollama_intel — Calling Ollama (attempt 1/2)...
2026-03-07 07:25:44,959 [INFO] ollama_intel — Successfully received AI analysis from Ollama
2026-03-07 07:25:44,960 [INFO] ollama_intel — Market intelligence generated: ok
2026-03-07 07:25:44,960 [INFO] runner — Intelligence generated: ok
2026-03-07 07:25:44,961 [INFO] runner — Running ALFRED data quality check...
2026-03-07 07:25:44,961 [INFO] alfred — ALFRED: Running quality check on last 50 records...
2026-03-07 07:25:44,962 [INFO] alfred — ALFRED: dq_score 100.00% - OK
2026-03-07 07:25:44,964 [INFO] runner — Data quality: 100.00% (OK)
[2026-03-07 12:25:45 UTC] ✓ CYCLE #48 COMPLETED SUCCESSFULLY
[2026-03-07 12:25:45 UTC] ⏳ Waiting 20 minutes until next cycle...
[2026-03-07 12:25:45 UTC]    Next run at: 12:45:45 UTC
[2026-03-07 12:45:54 UTC] ─── CYCLE #49 START ───
[2026-03-07 12:46:29 UTC] STDOUT:
✅ DB inicializada: storage/batman.db

🦇 RISK SCORES TOP 10
SYM       VOL_Z   RISK REGIME
-----------------------------------
HLT        3.74   3.86 EXTREME
MAR        3.82   3.85 EXTREME
UAL        3.33   3.76 EXTREME
XLY        3.89   3.60 EXTREME
DKNG       3.71   3.35 EXTREME
XLK        3.49   3.31 EXTREME
TLT        4.09   3.25 EXTREME
DIS        3.92   3.19 EXTREME
PEP        4.17   3.17 EXTREME
FOXA       3.91   3.06 EXTREME
[scanner_cross] Scanning 3 pairs (threshold: 0.05%)...
  [scanner_cross] BTC: Binance $67956.18 | OKX $67951.20 | spread -0.0073%
  [scanner_cross] BTC: Skipped (spread 0.0073% < threshold 0.05%)
  [scanner_cross] ETH: Binance $1984.66 | OKX $1984.40 | spread -0.0131%
  [scanner_cross] ETH: Skipped (spread 0.0131% < threshold 0.05%)
  [scanner_cross] SOL: Binance $84.49 | OKX $84.48 | spread -0.0118%
  [scanner_cross] SOL: Skipped (spread 0.0118% < threshold 0.05%)
📡 Scanning P2P markets across LATAM...
  [scanner_p2p] Scanning USDT/MXN...
  [scanner_p2p] USDT/MXN: Buy $17.9280 | Spread +0.516% | EdgeNet +0.542% ✓ | Logged
  [scanner_p2p] Scanning USDT/COP...
  [scanner_p2p] USDT/COP: Buy $3756.6000 | Spread +0.446% | EdgeNet -0.402% ✗ | Logged
  [scanner_p2p] Scanning USDT/VES...
  [scanner_p2p] USDT/VES: Buy $612.2808 | Spread -0.813% | EdgeNet -0.622% ✗ | Logged
  [scanner_p2p] Scanning USDT/ARS...
  [scanner_p2p] USDT/ARS: Buy $1466.8780 | Spread +0.250% | EdgeNet +0.607% ✓ | Logged
📡 P2P scan complete: 4/4 pairs successful
[scanner_basis] Scanning BTCUSDT...
  [scanner_basis] Spot: $67956.18 | Futures: $67914.50 | Basis: -0.0613%
  [scanner_basis] Logged (basis 0.0613% >= threshold 0.02%)
Report saved: storage/reports/2026-03-07_12-46-28.json
Hash: d5666cdee67ef23d99ca1fb3c5e896a8a48f1b259bc833aad835e3d5e0582716
Ollama: AVAILABLE
Data Quality: 100.00% (OK)
[2026-03-07 12:46:29 UTC] STDERR:
2026-03-07 07:45:57,976 [INFO] engine — ✓ equity QQQ
2026-03-07 07:45:58,279 [INFO] engine — ✓ equity IWM
2026-03-07 07:45:58,589 [INFO] engine — ✓ equity XLF
2026-03-07 07:45:58,921 [INFO] engine — ✓ equity XLK
2026-03-07 07:45:59,226 [INFO] engine — ✓ equity XLE
2026-03-07 07:45:59,470 [INFO] engine — ✓ equity XLY
2026-03-07 07:45:59,722 [INFO] engine — ✓ equity XLP
2026-03-07 07:46:00,026 [INFO] engine — ✓ equity GLD
2026-03-07 07:46:02,486 [INFO] engine — ✓ equity TLT
2026-03-07 07:46:02,749 [INFO] engine — ✓ equity HYG
2026-03-07 07:46:03,042 [INFO] engine — ✓ equity MAR
2026-03-07 07:46:03,296 [INFO] engine — ✓ equity HLT
2026-03-07 07:46:03,603 [INFO] engine — ✓ equity DAL
2026-03-07 07:46:03,952 [INFO] engine — ✓ equity UAL
2026-03-07 07:46:04,227 [INFO] engine — ✓ equity DIS
2026-03-07 07:46:04,605 [INFO] engine — ✓ equity FOXA
2026-03-07 07:46:06,580 [INFO] engine — ✓ equity MCD
2026-03-07 07:46:06,868 [INFO] engine — ✓ equity KO
2026-03-07 07:46:07,046 [INFO] engine — ✓ crypto ETH/USDT
2026-03-07 07:46:07,071 [INFO] engine — ✓ crypto BTC/USDT
2026-03-07 07:46:07,086 [INFO] engine — ✓ crypto SOL/USDT
2026-03-07 07:46:07,145 [INFO] engine — ✓ equity PEP
2026-03-07 07:46:07,400 [INFO] engine — ✓ equity DKNG
2026-03-07 07:46:18,558 [INFO] scanner_p2p — Pre-fetching spot rates for all LATAM currencies...
2026-03-07 07:46:18,558 [INFO] scanner_p2p — Fetching fresh spot rates for: MXN, COP, VES, ARS
2026-03-07 07:46:18,792 [INFO] scanner_p2p — Fetched 3/4 rates from open.er-api.com
2026-03-07 07:46:19,111 [INFO] scanner_p2p — VES parallel rate: 613.95 (dolarapi.com)
2026-03-07 07:46:19,749 [INFO] scanner_p2p — Using cached spot rates (age: 1s)
2026-03-07 07:46:20,405 [INFO] scanner_p2p — Using cached spot rates (age: 2s)
2026-03-07 07:46:21,229 [INFO] scanner_p2p — Using cached spot rates (age: 3s)
2026-03-07 07:46:22,132 [INFO] scanner_p2p — Using cached spot rates (age: 4s)
2026-03-07 07:46:22,647 [INFO] runner — Generating market intelligence with Ollama...
2026-03-07 07:46:22,647 [INFO] ollama_intel — Generating market intelligence for 2026-03-07...
2026-03-07 07:46:22,651 [INFO] ollama_intel — Read 183 opportunities for 2026-03-07
2026-03-07 07:46:22,651 [INFO] ollama_intel — Calling Ollama (attempt 1/2)...
2026-03-07 07:46:28,852 [INFO] ollama_intel — Successfully received AI analysis from Ollama
2026-03-07 07:46:28,854 [INFO] ollama_intel — Market intelligence generated: ok
2026-03-07 07:46:28,854 [INFO] runner — Intelligence generated: ok
2026-03-07 07:46:28,855 [INFO] runner — Running ALFRED data quality check...
2026-03-07 07:46:28,855 [INFO] alfred — ALFRED: Running quality check on last 50 records...
2026-03-07 07:46:28,856 [INFO] alfred — ALFRED: dq_score 100.00% - OK
2026-03-07 07:46:28,857 [INFO] runner — Data quality: 100.00% (OK)
[2026-03-07 12:46:29 UTC] ✓ CYCLE #49 COMPLETED SUCCESSFULLY
[2026-03-07 12:46:29 UTC] ⏳ Waiting 20 minutes until next cycle...
[2026-03-07 12:46:29 UTC]    Next run at: 13:06:29 UTC
[2026-03-07 13:06:37 UTC] ─── CYCLE #50 START ───
[2026-03-07 13:07:05 UTC] STDOUT:
✅ DB inicializada: storage/batman.db

🦇 RISK SCORES TOP 10
SYM       VOL_Z   RISK REGIME
-----------------------------------
HLT        3.74   3.86 EXTREME
MAR        3.82   3.85 EXTREME
UAL        3.33   3.76 EXTREME
XLY        3.89   3.60 EXTREME
DKNG       3.71   3.35 EXTREME
XLK        3.49   3.31 EXTREME
TLT        4.09   3.25 EXTREME
DIS        3.92   3.19 EXTREME
PEP        4.17   3.17 EXTREME
FOXA       3.91   3.06 EXTREME
[scanner_cross] Scanning 3 pairs (threshold: 0.05%)...
  [scanner_cross] BTC: Binance $67957.72 | OKX $67953.30 | spread -0.0065%
  [scanner_cross] BTC: Skipped (spread 0.0065% < threshold 0.05%)
  [scanner_cross] ETH: Binance $1980.65 | OKX $1980.41 | spread -0.0121%
  [scanner_cross] ETH: Skipped (spread 0.0121% < threshold 0.05%)
  [scanner_cross] SOL: Binance $84.35 | OKX $84.34 | spread -0.0119%
  [scanner_cross] SOL: Skipped (spread 0.0119% < threshold 0.05%)
📡 Scanning P2P markets across LATAM...
  [scanner_p2p] Scanning USDT/MXN...
  [scanner_p2p] USDT/MXN: Buy $17.9320 | Spread +0.516% | EdgeNet +0.564% ✓ | Logged
  [scanner_p2p] Scanning USDT/COP...
  [scanner_p2p] USDT/COP: Buy $3755.0000 | Spread +0.390% | EdgeNet -0.444% ✗ | Logged
  [scanner_p2p] Scanning USDT/VES...
  [scanner_p2p] USDT/VES: Buy $612.4200 | Spread -0.686% | EdgeNet -0.599% ✗ | Logged
  [scanner_p2p] Scanning USDT/ARS...
  [scanner_p2p] USDT/ARS: Buy $1465.9280 | Spread +0.249% | EdgeNet +0.542% ✓ | Logged
📡 P2P scan complete: 4/4 pairs successful
[scanner_basis] Scanning BTCUSDT...
  [scanner_basis] Spot: $67966.83 | Futures: $67919.10 | Basis: -0.0702%
  [scanner_basis] Logged (basis 0.0702% >= threshold 0.02%)
Report saved: storage/reports/2026-03-07_13-07-05.json
Hash: ce24bbc5e114b2f018e347d1832d726683f82675ab0cfbd47d70a0ab04ff5b25
Ollama: AVAILABLE
Data Quality: 100.00% (OK)
[2026-03-07 13:07:05 UTC] STDERR:
2026-03-07 08:06:41,305 [INFO] engine — ✓ equity QQQ
2026-03-07 08:06:41,558 [INFO] engine — ✓ equity IWM
2026-03-07 08:06:41,807 [INFO] engine — ✓ equity XLF
2026-03-07 08:06:42,057 [INFO] engine — ✓ equity XLK
2026-03-07 08:06:42,348 [INFO] engine — ✓ equity XLE
2026-03-07 08:06:42,591 [INFO] engine — ✓ equity XLY
2026-03-07 08:06:42,832 [INFO] engine — ✓ equity XLP
2026-03-07 08:06:43,093 [INFO] engine — ✓ equity GLD
2026-03-07 08:06:45,495 [INFO] engine — ✓ equity TLT
2026-03-07 08:06:45,748 [INFO] engine — ✓ equity HYG
2026-03-07 08:06:46,002 [INFO] engine — ✓ equity MAR
2026-03-07 08:06:46,284 [INFO] engine — ✓ equity HLT
2026-03-07 08:06:46,538 [INFO] engine — ✓ equity DAL
2026-03-07 08:06:46,848 [INFO] engine — ✓ equity UAL
2026-03-07 08:06:47,088 [INFO] engine — ✓ equity DIS
2026-03-07 08:06:47,329 [INFO] engine — ✓ equity FOXA
2026-03-07 08:06:48,716 [INFO] engine — ✓ crypto BTC/USDT
2026-03-07 08:06:49,154 [INFO] engine — ✓ crypto SOL/USDT
2026-03-07 08:06:49,209 [INFO] engine — ✓ crypto ETH/USDT
2026-03-07 08:06:49,311 [INFO] engine — ✓ equity MCD
2026-03-07 08:06:49,655 [INFO] engine — ✓ equity KO
2026-03-07 08:06:49,919 [INFO] engine — ✓ equity PEP
2026-03-07 08:06:50,213 [INFO] engine — ✓ equity DKNG
2026-03-07 08:06:57,716 [INFO] scanner_p2p — Pre-fetching spot rates for all LATAM currencies...
2026-03-07 08:06:57,716 [INFO] scanner_p2p — Fetching fresh spot rates for: MXN, COP, VES, ARS
2026-03-07 08:06:57,998 [INFO] scanner_p2p — Fetched 3/4 rates from open.er-api.com
2026-03-07 08:06:58,343 [INFO] scanner_p2p — VES parallel rate: 613.95 (dolarapi.com)
2026-03-07 08:06:58,994 [INFO] scanner_p2p — Using cached spot rates (age: 1s)
2026-03-07 08:06:59,672 [INFO] scanner_p2p — Using cached spot rates (age: 2s)
2026-03-07 08:07:00,304 [INFO] scanner_p2p — Using cached spot rates (age: 3s)
2026-03-07 08:07:01,310 [INFO] scanner_p2p — Using cached spot rates (age: 4s)
2026-03-07 08:07:01,827 [INFO] runner — Generating market intelligence with Ollama...
2026-03-07 08:07:01,827 [INFO] ollama_intel — Generating market intelligence for 2026-03-07...
2026-03-07 08:07:01,831 [INFO] ollama_intel — Read 188 opportunities for 2026-03-07
2026-03-07 08:07:01,831 [INFO] ollama_intel — Calling Ollama (attempt 1/2)...
2026-03-07 08:07:05,639 [INFO] ollama_intel — Successfully received AI analysis from Ollama
2026-03-07 08:07:05,640 [INFO] ollama_intel — Market intelligence generated: ok
2026-03-07 08:07:05,640 [INFO] runner — Intelligence generated: ok
2026-03-07 08:07:05,641 [INFO] runner — Running ALFRED data quality check...
2026-03-07 08:07:05,641 [INFO] alfred — ALFRED: Running quality check on last 50 records...
2026-03-07 08:07:05,642 [INFO] alfred — ALFRED: dq_score 100.00% - OK
2026-03-07 08:07:05,643 [INFO] runner — Data quality: 100.00% (OK)
[2026-03-07 13:07:05 UTC] ✓ CYCLE #50 COMPLETED SUCCESSFULLY
[2026-03-07 13:07:05 UTC] ⏳ Waiting 20 minutes until next cycle...
[2026-03-07 13:07:05 UTC]    Next run at: 13:27:05 UTC
[2026-03-07 13:27:14 UTC] ─── CYCLE #51 START ───
[2026-03-07 13:27:51 UTC] STDOUT:
✅ DB inicializada: storage/batman.db

🦇 RISK SCORES TOP 10
SYM       VOL_Z   RISK REGIME
-----------------------------------
HLT        3.74   3.86 EXTREME
MAR        3.82   3.85 EXTREME
UAL        3.33   3.76 EXTREME
XLY        3.89   3.60 EXTREME
DKNG       3.71   3.35 EXTREME
XLK        3.49   3.31 EXTREME
TLT        4.09   3.25 EXTREME
DIS        3.92   3.19 EXTREME
PEP        4.17   3.17 EXTREME
FOXA       3.91   3.06 EXTREME
[scanner_cross] Scanning 3 pairs (threshold: 0.05%)...
  [scanner_cross] BTC: Binance $68007.46 | OKX $68009.20 | spread +0.0026%
  [scanner_cross] BTC: Skipped (spread 0.0026% < threshold 0.05%)
  [scanner_cross] ETH: Binance $1981.61 | OKX $1981.64 | spread +0.0015%
  [scanner_cross] ETH: Skipped (spread 0.0015% < threshold 0.05%)
  [scanner_cross] SOL: Binance $84.46 | OKX $84.46 | spread +0.0000%
  [scanner_cross] SOL: Skipped (spread 0.0000% < threshold 0.05%)
📡 Scanning P2P markets across LATAM...
  [scanner_p2p] Scanning USDT/MXN...
  [scanner_p2p] USDT/MXN: Buy $17.9300 | Spread +0.369% | EdgeNet +0.553% ✓ | Logged
  [scanner_p2p] Scanning USDT/COP...
  [scanner_p2p] USDT/COP: Buy $3752.4000 | Spread +0.176% | EdgeNet -0.513% ✗ | Logged (below threshold)
  [scanner_p2p] Scanning USDT/VES...
  [scanner_p2p] USDT/VES: Buy $611.7976 | Spread -9.132% | EdgeNet -0.701% ✗ | Logged
  [scanner_p2p] Scanning USDT/ARS...
  [scanner_p2p] USDT/ARS: Buy $1465.1660 | Spread +0.183% | EdgeNet +0.489% ✓ | Logged (below threshold)
📡 P2P scan complete: 4/4 pairs successful
[scanner_basis] Scanning BTCUSDT...
  [scanner_basis] Spot: $68007.46 | Futures: $67975.10 | Basis: -0.0476%
  [scanner_basis] Logged (basis 0.0476% >= threshold 0.02%)
Report saved: storage/reports/2026-03-07_13-27-51.json
Hash: bab0460f0fad2c690dcb70d8e7aabb871efcefffab3782615941f3ef40823822
Ollama: AVAILABLE
Data Quality: 100.00% (OK)
[2026-03-07 13:27:51 UTC] STDERR:
2026-03-07 08:27:18,312 [INFO] engine — ✓ equity QQQ
2026-03-07 08:27:18,556 [INFO] engine — ✓ equity IWM
2026-03-07 08:27:18,844 [INFO] engine — ✓ equity XLF
2026-03-07 08:27:19,108 [INFO] engine — ✓ equity XLK
2026-03-07 08:27:19,363 [INFO] engine — ✓ equity XLE
2026-03-07 08:27:19,598 [INFO] engine — ✓ equity XLY
2026-03-07 08:27:19,840 [INFO] engine — ✓ equity XLP
2026-03-07 08:27:20,132 [INFO] engine — ✓ equity GLD
2026-03-07 08:27:22,787 [INFO] engine — ✓ equity TLT
2026-03-07 08:27:23,042 [INFO] engine — ✓ equity HYG
2026-03-07 08:27:23,319 [INFO] engine — ✓ equity MAR
2026-03-07 08:27:23,558 [INFO] engine — ✓ equity HLT
2026-03-07 08:27:23,843 [INFO] engine — ✓ equity DAL
2026-03-07 08:27:24,143 [INFO] engine — ✓ equity UAL
2026-03-07 08:27:24,403 [INFO] engine — ✓ equity DIS
2026-03-07 08:27:24,844 [INFO] engine — ✓ equity FOXA
2026-03-07 08:27:26,695 [INFO] engine — ✓ equity MCD
2026-03-07 08:27:26,976 [INFO] engine — ✓ equity KO
2026-03-07 08:27:27,145 [INFO] engine — ✓ crypto SOL/USDT
2026-03-07 08:27:27,170 [INFO] engine — ✓ crypto ETH/USDT
2026-03-07 08:27:27,254 [INFO] engine — ✓ equity PEP
2026-03-07 08:27:27,296 [INFO] engine — ✓ crypto BTC/USDT
2026-03-07 08:27:27,552 [INFO] engine — ✓ equity DKNG
2026-03-07 08:27:43,026 [INFO] scanner_p2p — Pre-fetching spot rates for all LATAM currencies...
2026-03-07 08:27:43,026 [INFO] scanner_p2p — Fetching fresh spot rates for: MXN, COP, VES, ARS
2026-03-07 08:27:43,274 [INFO] scanner_p2p — Fetched 3/4 rates from open.er-api.com
2026-03-07 08:27:43,585 [INFO] scanner_p2p — VES parallel rate: 613.95 (dolarapi.com)
2026-03-07 08:27:44,348 [INFO] scanner_p2p — Using cached spot rates (age: 1s)
2026-03-07 08:27:45,063 [INFO] scanner_p2p — Using cached spot rates (age: 2s)
2026-03-07 08:27:45,781 [INFO] scanner_p2p — Using cached spot rates (age: 3s)
2026-03-07 08:27:46,669 [INFO] scanner_p2p — Using cached spot rates (age: 4s)
2026-03-07 08:27:47,176 [INFO] runner — Generating market intelligence with Ollama...
2026-03-07 08:27:47,176 [INFO] ollama_intel — Generating market intelligence for 2026-03-07...
2026-03-07 08:27:47,180 [INFO] ollama_intel — Read 193 opportunities for 2026-03-07
2026-03-07 08:27:47,180 [INFO] ollama_intel — Calling Ollama (attempt 1/2)...
2026-03-07 08:27:51,544 [INFO] ollama_intel — Successfully received AI analysis from Ollama
2026-03-07 08:27:51,546 [INFO] ollama_intel — Market intelligence generated: ok
2026-03-07 08:27:51,547 [INFO] runner — Intelligence generated: ok
2026-03-07 08:27:51,547 [INFO] runner — Running ALFRED data quality check...
2026-03-07 08:27:51,547 [INFO] alfred — ALFRED: Running quality check on last 50 records...
2026-03-07 08:27:51,548 [INFO] alfred — ALFRED: dq_score 100.00% - OK
2026-03-07 08:27:51,549 [INFO] runner — Data quality: 100.00% (OK)
[2026-03-07 13:27:51 UTC] ✓ CYCLE #51 COMPLETED SUCCESSFULLY
[2026-03-07 13:27:51 UTC] ⏳ Waiting 20 minutes until next cycle...
[2026-03-07 13:27:51 UTC]    Next run at: 13:47:51 UTC
[2026-03-07 13:48:00 UTC] ─── CYCLE #52 START ───
[2026-03-07 13:48:39 UTC] STDOUT:
✅ DB inicializada: storage/batman.db

🦇 RISK SCORES TOP 10
SYM       VOL_Z   RISK REGIME
-----------------------------------
HLT        3.74   3.86 EXTREME
MAR        3.82   3.85 EXTREME
UAL        3.33   3.76 EXTREME
XLY        3.89   3.60 EXTREME
DKNG       3.71   3.35 EXTREME
XLK        3.49   3.31 EXTREME
TLT        4.09   3.25 EXTREME
DIS        3.92   3.19 EXTREME
PEP        4.17   3.17 EXTREME
FOXA       3.91   3.06 EXTREME
[scanner_cross] Scanning 3 pairs (threshold: 0.05%)...
  [scanner_cross] BTC: Binance $67907.91 | OKX $67904.10 | spread -0.0056%
  [scanner_cross] BTC: Skipped (spread 0.0056% < threshold 0.05%)
  [scanner_cross] ETH: Binance $1982.00 | OKX $1981.73 | spread -0.0136%
  [scanner_cross] ETH: Skipped (spread 0.0136% < threshold 0.05%)
  [scanner_cross] SOL: Binance $84.31 | OKX $84.29 | spread -0.0237%
  [scanner_cross] SOL: Skipped (spread 0.0237% < threshold 0.05%)
📡 Scanning P2P markets across LATAM...
  [scanner_p2p] Scanning USDT/MXN...
  [scanner_p2p] USDT/MXN: Buy $17.9260 | Spread +0.482% | EdgeNet +0.530% ✓ | Logged
  [scanner_p2p] Scanning USDT/COP...
  [scanner_p2p] USDT/COP: Buy $3754.8000 | Spread +0.274% | EdgeNet -0.449% ✗ | Logged
  [scanner_p2p] Scanning USDT/VES...
  [scanner_p2p] USDT/VES: Buy $611.3360 | Spread -9.324% | EdgeNet -0.776% ✗ | Logged
  [scanner_p2p] Scanning USDT/ARS...
  [scanner_p2p] USDT/ARS: Buy $1464.6780 | Spread +0.160% | EdgeNet +0.456% ✓ | Logged (below threshold)
📡 P2P scan complete: 4/4 pairs successful
[scanner_basis] Scanning BTCUSDT...
  [scanner_basis] Spot: $67907.92 | Futures: $67870.60 | Basis: -0.0550%
  [scanner_basis] Logged (basis 0.0550% >= threshold 0.02%)
Report saved: storage/reports/2026-03-07_13-48-39.json
Hash: 93fed26b677d31b735a4c67fa7558c72071221c3e2577879e6ff8ae4dd0b398f
Ollama: AVAILABLE
Data Quality: 100.00% (OK)
[2026-03-07 13:48:39 UTC] STDERR:
2026-03-07 08:48:04,183 [INFO] engine — ✓ equity QQQ
2026-03-07 08:48:04,480 [INFO] engine — ✓ equity IWM
2026-03-07 08:48:04,767 [INFO] engine — ✓ equity XLF
2026-03-07 08:48:05,028 [INFO] engine — ✓ equity XLK
2026-03-07 08:48:05,312 [INFO] engine — ✓ equity XLE
2026-03-07 08:48:05,557 [INFO] engine — ✓ equity XLY
2026-03-07 08:48:05,809 [INFO] engine — ✓ equity XLP
2026-03-07 08:48:06,072 [INFO] engine — ✓ equity GLD
2026-03-07 08:48:08,481 [INFO] engine — ✓ equity TLT
2026-03-07 08:48:08,767 [INFO] engine — ✓ equity HYG
2026-03-07 08:48:09,047 [INFO] engine — ✓ equity MAR
2026-03-07 08:48:09,329 [INFO] engine — ✓ equity HLT
2026-03-07 08:48:09,627 [INFO] engine — ✓ equity DAL
2026-03-07 08:48:10,025 [INFO] engine — ✓ equity UAL
2026-03-07 08:48:10,314 [INFO] engine — ✓ equity DIS
2026-03-07 08:48:10,610 [INFO] engine — ✓ equity FOXA
2026-03-07 08:48:12,165 [INFO] engine — ✓ crypto BTC/USDT
2026-03-07 08:48:12,294 [INFO] engine — ✓ equity MCD
2026-03-07 08:48:12,547 [INFO] engine — ✓ equity KO
2026-03-07 08:48:12,717 [INFO] engine — ✓ crypto ETH/USDT
2026-03-07 08:48:12,741 [INFO] engine — ✓ crypto SOL/USDT
2026-03-07 08:48:12,825 [INFO] engine — ✓ equity PEP
2026-03-07 08:48:13,076 [INFO] engine — ✓ equity DKNG
2026-03-07 08:48:31,742 [INFO] scanner_p2p — Pre-fetching spot rates for all LATAM currencies...
2026-03-07 08:48:31,742 [INFO] scanner_p2p — Fetching fresh spot rates for: MXN, COP, VES, ARS
2026-03-07 08:48:32,064 [INFO] scanner_p2p — Fetched 3/4 rates from open.er-api.com
2026-03-07 08:48:32,357 [INFO] scanner_p2p — VES parallel rate: 613.95 (dolarapi.com)
2026-03-07 08:48:33,137 [INFO] scanner_p2p — Using cached spot rates (age: 1s)
2026-03-07 08:48:33,754 [INFO] scanner_p2p — Using cached spot rates (age: 2s)
2026-03-07 08:48:34,396 [INFO] scanner_p2p — Using cached spot rates (age: 3s)
2026-03-07 08:48:35,296 [INFO] scanner_p2p — Using cached spot rates (age: 4s)
2026-03-07 08:48:35,813 [INFO] runner — Generating market intelligence with Ollama...
2026-03-07 08:48:35,814 [INFO] ollama_intel — Generating market intelligence for 2026-03-07...
2026-03-07 08:48:35,817 [INFO] ollama_intel — Read 198 opportunities for 2026-03-07
2026-03-07 08:48:35,818 [INFO] ollama_intel — Calling Ollama (attempt 1/2)...
2026-03-07 08:48:39,450 [INFO] ollama_intel — Successfully received AI analysis from Ollama
2026-03-07 08:48:39,451 [INFO] ollama_intel — Market intelligence generated: ok
2026-03-07 08:48:39,451 [INFO] runner — Intelligence generated: ok
2026-03-07 08:48:39,452 [INFO] runner — Running ALFRED data quality check...
2026-03-07 08:48:39,452 [INFO] alfred — ALFRED: Running quality check on last 50 records...
2026-03-07 08:48:39,453 [INFO] alfred — ALFRED: dq_score 100.00% - OK
2026-03-07 08:48:39,453 [INFO] runner — Data quality: 100.00% (OK)
[2026-03-07 13:48:39 UTC] ✓ CYCLE #52 COMPLETED SUCCESSFULLY
[2026-03-07 13:48:39 UTC] ⏳ Waiting 20 minutes until next cycle...
[2026-03-07 13:48:39 UTC]    Next run at: 14:08:39 UTC
[2026-03-07 14:08:48 UTC] ─── CYCLE #53 START ───
[2026-03-07 14:09:22 UTC] STDOUT:
✅ DB inicializada: storage/batman.db

🦇 RISK SCORES TOP 10
SYM       VOL_Z   RISK REGIME
-----------------------------------
HLT        3.74   3.86 EXTREME
MAR        3.82   3.85 EXTREME
UAL        3.33   3.76 EXTREME
XLY        3.89   3.60 EXTREME
DKNG       3.71   3.35 EXTREME
XLK        3.49   3.31 EXTREME
TLT        4.09   3.25 EXTREME
DIS        3.92   3.19 EXTREME
PEP        4.17   3.17 EXTREME
FOXA       3.91   3.06 EXTREME
[scanner_cross] Scanning 3 pairs (threshold: 0.05%)...
  [scanner_cross] BTC: Binance $67774.62 | OKX $67778.30 | spread +0.0054%
  [scanner_cross] BTC: Skipped (spread 0.0054% < threshold 0.05%)
  [scanner_cross] ETH: Binance $1975.30 | OKX $1975.32 | spread +0.0010%
  [scanner_cross] ETH: Skipped (spread 0.0010% < threshold 0.05%)
  [scanner_cross] SOL: Binance $83.98 | OKX $83.98 | spread +0.0000%
  [scanner_cross] SOL: Skipped (spread 0.0000% < threshold 0.05%)
📡 Scanning P2P markets across LATAM...
  [scanner_p2p] Scanning USDT/MXN...
  [scanner_p2p] USDT/MXN: Buy $17.9240 | Spread +0.426% | EdgeNet +0.519% ✓ | Logged
  [scanner_p2p] Scanning USDT/COP...
  [scanner_p2p] USDT/COP: Buy $3751.4000 | Spread +0.130% | EdgeNet -0.540% ✗ | Logged (below threshold)
  [scanner_p2p] Scanning USDT/VES...
  [scanner_p2p] USDT/VES: Buy $611.7398 | Spread -9.170% | EdgeNet -0.710% ✗ | Logged
  [scanner_p2p] Scanning USDT/ARS...
  [scanner_p2p] USDT/ARS: Buy $1464.2580 | Spread +0.177% | EdgeNet +0.427% ✓ | Logged (below threshold)
📡 P2P scan complete: 4/4 pairs successful
[scanner_basis] Scanning BTCUSDT...
  [scanner_basis] Spot: $67762.25 | Futures: $67747.50 | Basis: -0.0218%
  [scanner_basis] Logged (basis 0.0218% >= threshold 0.02%)
Report saved: storage/reports/2026-03-07_14-09-22.json
Hash: f4bf9fa953fd1c358371ac1466f7a07ed9a3678a1b4d019133ea2c5cfe9698a2
Ollama: AVAILABLE
Data Quality: 100.00% (OK)
[2026-03-07 14:09:22 UTC] STDERR:
2026-03-07 09:08:52,522 [INFO] engine — ✓ equity QQQ
2026-03-07 09:08:52,777 [INFO] engine — ✓ equity IWM
2026-03-07 09:08:53,031 [INFO] engine — ✓ equity XLF
2026-03-07 09:08:53,320 [INFO] engine — ✓ equity XLK
2026-03-07 09:08:53,605 [INFO] engine — ✓ equity XLE
2026-03-07 09:08:53,867 [INFO] engine — ✓ equity XLY
2026-03-07 09:08:54,126 [INFO] engine — ✓ equity XLP
2026-03-07 09:08:54,443 [INFO] engine — ✓ equity GLD
2026-03-07 09:08:56,950 [INFO] engine — ✓ equity TLT
2026-03-07 09:08:57,206 [INFO] engine — ✓ equity HYG
2026-03-07 09:08:57,458 [INFO] engine — ✓ equity MAR
2026-03-07 09:08:57,751 [INFO] engine — ✓ equity HLT
2026-03-07 09:08:58,019 [INFO] engine — ✓ equity DAL
2026-03-07 09:08:58,321 [INFO] engine — ✓ equity UAL
2026-03-07 09:08:58,608 [INFO] engine — ✓ equity DIS
2026-03-07 09:08:58,921 [INFO] engine — ✓ equity FOXA
2026-03-07 09:09:00,626 [INFO] engine — ✓ equity MCD
2026-03-07 09:09:00,875 [INFO] engine — ✓ equity KO
2026-03-07 09:09:01,070 [INFO] engine — ✓ crypto SOL/USDT
2026-03-07 09:09:01,094 [INFO] engine — ✓ crypto BTC/USDT
2026-03-07 09:09:01,168 [INFO] engine — ✓ equity PEP
2026-03-07 09:09:01,420 [INFO] engine — ✓ crypto ETH/USDT
2026-03-07 09:09:01,429 [INFO] engine — ✓ equity DKNG
2026-03-07 09:09:14,128 [INFO] scanner_p2p — Pre-fetching spot rates for all LATAM currencies...
2026-03-07 09:09:14,129 [INFO] scanner_p2p — Fetching fresh spot rates for: MXN, COP, VES, ARS
2026-03-07 09:09:14,426 [INFO] scanner_p2p — Fetched 3/4 rates from open.er-api.com
2026-03-07 09:09:14,742 [INFO] scanner_p2p — VES parallel rate: 613.95 (dolarapi.com)
2026-03-07 09:09:15,411 [INFO] scanner_p2p — Using cached spot rates (age: 1s)
2026-03-07 09:09:16,068 [INFO] scanner_p2p — Using cached spot rates (age: 2s)
2026-03-07 09:09:16,794 [INFO] scanner_p2p — Using cached spot rates (age: 3s)
2026-03-07 09:09:17,696 [INFO] scanner_p2p — Using cached spot rates (age: 4s)
2026-03-07 09:09:18,213 [INFO] runner — Generating market intelligence with Ollama...
2026-03-07 09:09:18,214 [INFO] ollama_intel — Generating market intelligence for 2026-03-07...
2026-03-07 09:09:18,216 [INFO] ollama_intel — Read 203 opportunities for 2026-03-07
2026-03-07 09:09:18,217 [INFO] ollama_intel — Calling Ollama (attempt 1/2)...
2026-03-07 09:09:22,122 [INFO] ollama_intel — Successfully received AI analysis from Ollama
2026-03-07 09:09:22,123 [INFO] ollama_intel — Market intelligence generated: ok
2026-03-07 09:09:22,124 [INFO] runner — Intelligence generated: ok
2026-03-07 09:09:22,124 [INFO] runner — Running ALFRED data quality check...
2026-03-07 09:09:22,124 [INFO] alfred — ALFRED: Running quality check on last 50 records...
2026-03-07 09:09:22,126 [INFO] alfred — ALFRED: dq_score 100.00% - OK
2026-03-07 09:09:22,127 [INFO] runner — Data quality: 100.00% (OK)
[2026-03-07 14:09:22 UTC] ✓ CYCLE #53 COMPLETED SUCCESSFULLY
[2026-03-07 14:09:22 UTC] ⏳ Waiting 20 minutes until next cycle...
[2026-03-07 14:09:22 UTC]    Next run at: 14:29:22 UTC
[2026-03-07 14:29:28 UTC] ─── CYCLE #54 START ───
[2026-03-07 14:30:10 UTC] STDOUT:
✅ DB inicializada: storage/batman.db

🦇 RISK SCORES TOP 10
SYM       VOL_Z   RISK REGIME
-----------------------------------
HLT        3.74   3.86 EXTREME
MAR        3.82   3.85 EXTREME
UAL        3.33   3.76 EXTREME
XLY        3.89   3.60 EXTREME
DKNG       3.71   3.35 EXTREME
XLK        3.49   3.31 EXTREME
TLT        4.09   3.25 EXTREME
DIS        3.92   3.19 EXTREME
PEP        4.17   3.17 EXTREME
FOXA       3.91   3.06 EXTREME
[scanner_cross] Scanning 3 pairs (threshold: 0.05%)...
  [scanner_cross] BTC: Binance $67807.42 | OKX $67809.70 | spread +0.0034%
  [scanner_cross] BTC: Skipped (spread 0.0034% < threshold 0.05%)
  [scanner_cross] ETH: Binance $1975.29 | OKX $1975.20 | spread -0.0046%
  [scanner_cross] ETH: Skipped (spread 0.0046% < threshold 0.05%)
  [scanner_cross] SOL: Binance $83.85 | OKX $83.85 | spread +0.0000%
  [scanner_cross] SOL: Skipped (spread 0.0000% < threshold 0.05%)
📡 Scanning P2P markets across LATAM...
  [scanner_p2p] Scanning USDT/MXN...
  [scanner_p2p] USDT/MXN: Buy $17.9160 | Spread +0.359% | EdgeNet +0.474% ✓ | Logged
  [scanner_p2p] Scanning USDT/COP...
  [scanner_p2p] USDT/COP: Buy $3748.9980 | Spread -0.198% | EdgeNet -0.604% ✗ | Logged (below threshold)
  [scanner_p2p] Scanning USDT/VES...
  [scanner_p2p] USDT/VES: Buy $611.8798 | Spread -9.148% | EdgeNet -0.687% ✗ | Logged
  [scanner_p2p] Scanning USDT/ARS...
  [scanner_p2p] USDT/ARS: Buy $1463.2660 | Spread +0.196% | EdgeNet +0.359% ✓ | Logged (below threshold)
📡 P2P scan complete: 4/4 pairs successful
[scanner_basis] Scanning BTCUSDT...
  [scanner_basis] Spot: $67807.42 | Futures: $67764.90 | Basis: -0.0627%
  [scanner_basis] Logged (basis 0.0627% >= threshold 0.02%)
Report saved: storage/reports/2026-03-07_14-30-10.json
Hash: 4004615d983efa27d894054d65d575eccbbfecef4c3bbbb9d711c13042246f32
Ollama: AVAILABLE
Data Quality: 100.00% (OK)
[2026-03-07 14:30:10 UTC] STDERR:
2026-03-07 09:29:32,150 [INFO] engine — ✓ equity QQQ
2026-03-07 09:29:32,448 [INFO] engine — ✓ equity IWM
2026-03-07 09:29:32,708 [INFO] engine — ✓ equity XLF
2026-03-07 09:29:32,961 [INFO] engine — ✓ equity XLK
2026-03-07 09:29:33,266 [INFO] engine — ✓ equity XLE
2026-03-07 09:29:33,514 [INFO] engine — ✓ equity XLY
2026-03-07 09:29:33,770 [INFO] engine — ✓ equity XLP
2026-03-07 09:29:34,032 [INFO] engine — ✓ equity GLD
2026-03-07 09:29:36,395 [INFO] engine — ✓ equity TLT
2026-03-07 09:29:36,664 [INFO] engine — ✓ equity HYG
2026-03-07 09:29:36,963 [INFO] engine — ✓ equity MAR
2026-03-07 09:29:37,306 [INFO] engine — ✓ equity HLT
2026-03-07 09:29:37,561 [INFO] engine — ✓ equity DAL
2026-03-07 09:29:37,871 [INFO] engine — ✓ equity UAL
2026-03-07 09:29:38,140 [INFO] engine — ✓ equity DIS
2026-03-07 09:29:38,477 [INFO] engine — ✓ equity FOXA
2026-03-07 09:29:40,325 [INFO] engine — ✓ equity MCD
2026-03-07 09:29:40,648 [INFO] engine — ✓ crypto ETH/USDT
2026-03-07 09:29:40,736 [INFO] engine — ✓ equity KO
2026-03-07 09:29:40,985 [INFO] engine — ✓ equity PEP
2026-03-07 09:29:41,177 [INFO] engine — ✓ crypto BTC/USDT
2026-03-07 09:29:41,201 [INFO] engine — ✓ crypto SOL/USDT
2026-03-07 09:29:41,267 [INFO] engine — ✓ equity DKNG
2026-03-07 09:29:59,551 [INFO] scanner_p2p — Pre-fetching spot rates for all LATAM currencies...
2026-03-07 09:29:59,551 [INFO] scanner_p2p — Fetching fresh spot rates for: MXN, COP, VES, ARS
2026-03-07 09:29:59,828 [INFO] scanner_p2p — Fetched 3/4 rates from open.er-api.com
2026-03-07 09:30:00,143 [INFO] scanner_p2p — VES parallel rate: 613.95 (dolarapi.com)
2026-03-07 09:30:00,799 [INFO] scanner_p2p — Using cached spot rates (age: 1s)
2026-03-07 09:30:01,447 [INFO] scanner_p2p — Using cached spot rates (age: 2s)
2026-03-07 09:30:02,097 [INFO] scanner_p2p — Using cached spot rates (age: 3s)
2026-03-07 09:30:03,020 [INFO] scanner_p2p — Using cached spot rates (age: 3s)
2026-03-07 09:30:03,540 [INFO] runner — Generating market intelligence with Ollama...
2026-03-07 09:30:03,541 [INFO] ollama_intel — Generating market intelligence for 2026-03-07...
2026-03-07 09:30:03,545 [INFO] ollama_intel — Read 208 opportunities for 2026-03-07
2026-03-07 09:30:03,546 [INFO] ollama_intel — Calling Ollama (attempt 1/2)...
2026-03-07 09:30:10,729 [INFO] ollama_intel — Successfully received AI analysis from Ollama
2026-03-07 09:30:10,730 [INFO] ollama_intel — Market intelligence generated: ok
2026-03-07 09:30:10,730 [INFO] runner — Intelligence generated: ok
2026-03-07 09:30:10,731 [INFO] runner — Running ALFRED data quality check...
2026-03-07 09:30:10,731 [INFO] alfred — ALFRED: Running quality check on last 50 records...
2026-03-07 09:30:10,732 [INFO] alfred — ALFRED: dq_score 100.00% - OK
2026-03-07 09:30:10,733 [INFO] runner — Data quality: 100.00% (OK)
[2026-03-07 14:30:10 UTC] ✓ CYCLE #54 COMPLETED SUCCESSFULLY
[2026-03-07 14:30:10 UTC] ⏳ Waiting 20 minutes until next cycle...
[2026-03-07 14:30:10 UTC]    Next run at: 14:50:10 UTC
[2026-03-07 14:50:16 UTC] ─── CYCLE #55 START ───
[2026-03-07 14:51:06 UTC] STDOUT:
✅ DB inicializada: storage/batman.db

🦇 RISK SCORES TOP 10
SYM       VOL_Z   RISK REGIME
-----------------------------------
HLT        3.74   3.86 EXTREME
MAR        3.82   3.85 EXTREME
UAL        3.33   3.76 EXTREME
XLY        3.89   3.60 EXTREME
DKNG       3.71   3.35 EXTREME
XLK        3.49   3.31 EXTREME
TLT        4.09   3.25 EXTREME
DIS        3.92   3.19 EXTREME
PEP        4.17   3.17 EXTREME
FOXA       3.91   3.06 EXTREME
[scanner_cross] Scanning 3 pairs (threshold: 0.05%)...
  [scanner_cross] BTC: Binance $68028.84 | OKX $68033.10 | spread +0.0063%
  [scanner_cross] BTC: Skipped (spread 0.0063% < threshold 0.05%)
  [scanner_cross] ETH: Binance $1987.76 | OKX $1987.73 | spread -0.0015%
  [scanner_cross] ETH: Skipped (spread 0.0015% < threshold 0.05%)
  [scanner_cross] SOL: Binance $84.17 | OKX $84.20 | spread +0.0356%
  [scanner_cross] SOL: Skipped (spread 0.0356% < threshold 0.05%)
📡 Scanning P2P markets across LATAM...
  [scanner_p2p] Scanning USDT/MXN...
  [scanner_p2p] USDT/MXN: Buy $17.9160 | Spread +0.257% | EdgeNet +0.474% ✓ | Logged
  [scanner_p2p] Scanning USDT/COP...
  [scanner_p2p] USDT/COP: Buy $3753.0000 | Spread -0.050% | EdgeNet -0.497% ✗ | Logged (below threshold)
  [scanner_p2p] Scanning USDT/VES...
  [scanner_p2p] USDT/VES: Buy $611.2800 | Spread -9.114% | EdgeNet -0.785% ✗ | Logged
  [scanner_p2p] Scanning USDT/ARS...
  [scanner_p2p] USDT/ARS: Buy $1463.5880 | Spread +0.121% | EdgeNet +0.381% ✓ | Logged (below threshold)
📡 P2P scan complete: 4/4 pairs successful
[scanner_basis] Scanning BTCUSDT...
  [scanner_basis] Spot: $68029.51 | Futures: $67989.20 | Basis: -0.0593%
  [scanner_basis] Logged (basis 0.0593% >= threshold 0.02%)
Report saved: storage/reports/2026-03-07_14-51-05.json
Hash: c2138290bc77ab85d6d558fb1163cddf2c62790526adf368997313d61abbad76
Ollama: AVAILABLE
Data Quality: 100.00% (OK)
[2026-03-07 14:51:06 UTC] STDERR:
2026-03-07 09:50:20,974 [INFO] engine — ✓ equity QQQ
2026-03-07 09:50:21,267 [INFO] engine — ✓ equity IWM
2026-03-07 09:50:21,531 [INFO] engine — ✓ equity XLF
2026-03-07 09:50:21,793 [INFO] engine — ✓ equity XLK
2026-03-07 09:50:22,053 [INFO] engine — ✓ equity XLE
2026-03-07 09:50:22,307 [INFO] engine — ✓ equity XLY
2026-03-07 09:50:22,594 [INFO] engine — ✓ equity XLP
2026-03-07 09:50:22,888 [INFO] engine — ✓ equity GLD
2026-03-07 09:50:25,384 [INFO] engine — ✓ equity TLT
2026-03-07 09:50:25,667 [INFO] engine — ✓ equity HYG
2026-03-07 09:50:25,972 [INFO] engine — ✓ equity MAR
2026-03-07 09:50:26,291 [INFO] engine — ✓ equity HLT
2026-03-07 09:50:26,548 [INFO] engine — ✓ equity DAL
2026-03-07 09:50:26,823 [INFO] engine — ✓ equity UAL
2026-03-07 09:50:27,093 [INFO] engine — ✓ equity DIS
2026-03-07 09:50:27,357 [INFO] engine — ✓ equity FOXA
2026-03-07 09:50:29,034 [INFO] engine — ✓ equity MCD
2026-03-07 09:50:29,340 [INFO] engine — ✓ equity KO
2026-03-07 09:50:29,556 [INFO] engine — ✓ crypto SOL/USDT
2026-03-07 09:50:29,633 [INFO] engine — ✓ equity PEP
2026-03-07 09:50:29,810 [INFO] engine — ✓ crypto BTC/USDT
2026-03-07 09:50:29,917 [INFO] engine — ✓ crypto ETH/USDT
2026-03-07 09:50:29,926 [INFO] engine — ✓ equity DKNG
2026-03-07 09:50:56,468 [INFO] scanner_p2p — Pre-fetching spot rates for all LATAM currencies...
2026-03-07 09:50:56,468 [INFO] scanner_p2p — Fetching fresh spot rates for: MXN, COP, VES, ARS
2026-03-07 09:50:56,745 [INFO] scanner_p2p — Fetched 3/4 rates from open.er-api.com
2026-03-07 09:50:57,051 [INFO] scanner_p2p — VES parallel rate: 613.95 (dolarapi.com)
2026-03-07 09:50:57,688 [INFO] scanner_p2p — Using cached spot rates (age: 1s)
2026-03-07 09:50:58,329 [INFO] scanner_p2p — Using cached spot rates (age: 2s)
2026-03-07 09:50:58,973 [INFO] scanner_p2p — Using cached spot rates (age: 3s)
2026-03-07 09:50:59,875 [INFO] scanner_p2p — Using cached spot rates (age: 3s)
2026-03-07 09:51:00,398 [INFO] runner — Generating market intelligence with Ollama...
2026-03-07 09:51:00,399 [INFO] ollama_intel — Generating market intelligence for 2026-03-07...
2026-03-07 09:51:00,403 [INFO] ollama_intel — Read 213 opportunities for 2026-03-07
2026-03-07 09:51:00,403 [INFO] ollama_intel — Calling Ollama (attempt 1/2)...
2026-03-07 09:51:05,831 [INFO] ollama_intel — Successfully received AI analysis from Ollama
2026-03-07 09:51:05,832 [INFO] ollama_intel — Market intelligence generated: ok
2026-03-07 09:51:05,833 [INFO] runner — Intelligence generated: ok
2026-03-07 09:51:05,834 [INFO] runner — Running ALFRED data quality check...
2026-03-07 09:51:05,834 [INFO] alfred — ALFRED: Running quality check on last 50 records...
2026-03-07 09:51:05,837 [INFO] alfred — ALFRED: dq_score 100.00% - OK
2026-03-07 09:51:05,838 [INFO] runner — Data quality: 100.00% (OK)
[2026-03-07 14:51:06 UTC] ✓ CYCLE #55 COMPLETED SUCCESSFULLY
[2026-03-07 14:51:06 UTC] ⏳ Waiting 20 minutes until next cycle...
[2026-03-07 14:51:06 UTC]    Next run at: 15:11:06 UTC
[2026-03-07 15:11:11 UTC] ─── CYCLE #56 START ───
[2026-03-07 15:12:00 UTC] STDOUT:
✅ DB inicializada: storage/batman.db

🦇 RISK SCORES TOP 10
SYM       VOL_Z   RISK REGIME
-----------------------------------
HLT        3.74   3.86 EXTREME
MAR        3.82   3.85 EXTREME
UAL        3.33   3.76 EXTREME
XLY        3.89   3.60 EXTREME
DKNG       3.71   3.35 EXTREME
XLK        3.49   3.31 EXTREME
TLT        4.09   3.25 EXTREME
DIS        3.92   3.19 EXTREME
PEP        4.17   3.17 EXTREME
FOXA       3.91   3.06 EXTREME
[scanner_cross] Scanning 3 pairs (threshold: 0.05%)...
  [scanner_cross] BTC: Binance $67939.73 | OKX $67943.70 | spread +0.0058%
  [scanner_cross] BTC: Skipped (spread 0.0058% < threshold 0.05%)
  [scanner_cross] ETH: Binance $1984.24 | OKX $1984.00 | spread -0.0121%
  [scanner_cross] ETH: Skipped (spread 0.0121% < threshold 0.05%)
  [scanner_cross] SOL: Binance $84.00 | OKX $83.98 | spread -0.0238%
  [scanner_cross] SOL: Skipped (spread 0.0238% < threshold 0.05%)
📡 Scanning P2P markets across LATAM...
  [scanner_p2p] Scanning USDT/MXN...
  [scanner_p2p] USDT/MXN: Buy $17.9080 | Spread +0.213% | EdgeNet +0.429% ✓ | Logged
  [scanner_p2p] Scanning USDT/COP...
  [scanner_p2p] USDT/COP: Buy $3750.4000 | Spread -0.035% | EdgeNet -0.566% ✗ | Logged (below threshold)
  [scanner_p2p] Scanning USDT/VES...
  [scanner_p2p] USDT/VES: Buy $611.3578 | Spread -9.100% | EdgeNet -0.510% ✗ | Logged
  [scanner_p2p] Scanning USDT/ARS...
  [scanner_p2p] USDT/ARS: Buy $1463.7700 | Spread +0.305% | EdgeNet +0.393% ✓ | Logged
📡 P2P scan complete: 4/4 pairs successful
[scanner_basis] Scanning BTCUSDT...
  [scanner_basis] Spot: $67939.72 | Futures: $67909.80 | Basis: -0.0440%
  [scanner_basis] Logged (basis 0.0440% >= threshold 0.02%)
Report saved: storage/reports/2026-03-07_15-12-00.json
Hash: 5ba2225e3ed0ef031c308b2e3071c8e186826cfef713fa00cc886b9eb19f12a3
Ollama: AVAILABLE
Data Quality: 100.00% (OK)
[2026-03-07 15:12:00 UTC] STDERR:
2026-03-07 10:11:14,937 [INFO] engine — ✓ equity QQQ
2026-03-07 10:11:15,253 [INFO] engine — ✓ equity IWM
2026-03-07 10:11:15,542 [INFO] engine — ✓ equity XLF
2026-03-07 10:11:15,895 [INFO] engine — ✓ equity XLK
2026-03-07 10:11:16,187 [INFO] engine — ✓ equity XLE
2026-03-07 10:11:16,451 [INFO] engine — ✓ equity XLY
2026-03-07 10:11:16,712 [INFO] engine — ✓ equity XLP
2026-03-07 10:11:17,003 [INFO] engine — ✓ equity GLD
2026-03-07 10:11:19,580 [INFO] engine — ✓ equity TLT
2026-03-07 10:11:19,929 [INFO] engine — ✓ equity HYG
2026-03-07 10:11:20,194 [INFO] engine — ✓ equity MAR
2026-03-07 10:11:20,446 [INFO] engine — ✓ equity HLT
2026-03-07 10:11:20,730 [INFO] engine — ✓ equity DAL
2026-03-07 10:11:21,036 [INFO] engine — ✓ equity UAL
2026-03-07 10:11:21,296 [INFO] engine — ✓ equity DIS
2026-03-07 10:11:22,075 [INFO] engine — ✓ equity FOXA
2026-03-07 10:11:25,328 [INFO] engine — ✓ equity MCD
2026-03-07 10:11:25,506 [INFO] engine — ✓ crypto BTC/USDT
2026-03-07 10:11:25,527 [INFO] engine — ✓ crypto SOL/USDT
2026-03-07 10:11:25,574 [INFO] engine — ✓ equity KO
2026-03-07 10:11:25,665 [INFO] engine — ✓ crypto ETH/USDT
2026-03-07 10:11:25,858 [INFO] engine — ✓ equity PEP
2026-03-07 10:11:26,147 [INFO] engine — ✓ equity DKNG
2026-03-07 10:11:51,812 [INFO] scanner_p2p — Pre-fetching spot rates for all LATAM currencies...
2026-03-07 10:11:51,812 [INFO] scanner_p2p — Fetching fresh spot rates for: MXN, COP, VES, ARS
2026-03-07 10:11:52,063 [INFO] scanner_p2p — Fetched 3/4 rates from open.er-api.com
2026-03-07 10:11:52,338 [INFO] scanner_p2p — VES parallel rate: 612.34 (dolarapi.com)
2026-03-07 10:11:53,068 [INFO] scanner_p2p — Using cached spot rates (age: 1s)
2026-03-07 10:11:53,693 [INFO] scanner_p2p — Using cached spot rates (age: 2s)
2026-03-07 10:11:54,332 [INFO] scanner_p2p — Using cached spot rates (age: 3s)
2026-03-07 10:11:55,323 [INFO] scanner_p2p — Using cached spot rates (age: 4s)
2026-03-07 10:11:55,834 [INFO] runner — Generating market intelligence with Ollama...
2026-03-07 10:11:55,835 [INFO] ollama_intel — Generating market intelligence for 2026-03-07...
2026-03-07 10:11:55,838 [INFO] ollama_intel — Read 219 opportunities for 2026-03-07
2026-03-07 10:11:55,839 [INFO] ollama_intel — Calling Ollama (attempt 1/2)...
2026-03-07 10:12:00,669 [INFO] ollama_intel — Successfully received AI analysis from Ollama
2026-03-07 10:12:00,670 [INFO] ollama_intel — Market intelligence generated: ok
2026-03-07 10:12:00,670 [INFO] runner — Intelligence generated: ok
2026-03-07 10:12:00,670 [INFO] runner — Running ALFRED data quality check...
2026-03-07 10:12:00,670 [INFO] alfred — ALFRED: Running quality check on last 50 records...
2026-03-07 10:12:00,671 [INFO] alfred — ALFRED: dq_score 100.00% - OK
2026-03-07 10:12:00,672 [INFO] runner — Data quality: 100.00% (OK)
[2026-03-07 15:12:00 UTC] ✓ CYCLE #56 COMPLETED SUCCESSFULLY
[2026-03-07 15:12:00 UTC] ⏳ Waiting 20 minutes until next cycle...
[2026-03-07 15:12:00 UTC]    Next run at: 15:32:00 UTC
[2026-03-07 15:32:05 UTC] ─── CYCLE #57 START ───
[2026-03-07 15:32:54 UTC] STDOUT:
✅ DB inicializada: storage/batman.db

🦇 RISK SCORES TOP 10
SYM       VOL_Z   RISK REGIME
-----------------------------------
HLT        3.74   3.86 EXTREME
MAR        3.82   3.85 EXTREME
UAL        3.33   3.76 EXTREME
XLY        3.89   3.60 EXTREME
DKNG       3.71   3.35 EXTREME
XLK        3.49   3.31 EXTREME
TLT        4.09   3.25 EXTREME
DIS        3.92   3.19 EXTREME
PEP        4.17   3.17 EXTREME
FOXA       3.91   3.06 EXTREME
[scanner_cross] Scanning 3 pairs (threshold: 0.05%)...
  [scanner_cross] BTC: Binance $67952.00 | OKX $67955.70 | spread +0.0054%
  [scanner_cross] BTC: Skipped (spread 0.0054% < threshold 0.05%)
  [scanner_cross] ETH: Binance $1981.97 | OKX $1982.06 | spread +0.0045%
  [scanner_cross] ETH: Skipped (spread 0.0045% < threshold 0.05%)
  [scanner_cross] SOL: Binance $83.98 | OKX $83.98 | spread +0.0000%
  [scanner_cross] SOL: Skipped (spread 0.0000% < threshold 0.05%)
📡 Scanning P2P markets across LATAM...
  [scanner_p2p] Scanning USDT/MXN...
  [scanner_p2p] USDT/MXN: Buy $17.9080 | Spread +0.067% | EdgeNet +0.429% ✓ | Logged (below threshold)
  [scanner_p2p] Scanning USDT/COP...
  [scanner_p2p] USDT/COP: Buy $3749.9980 | Spread -0.070% | EdgeNet -0.577% ✗ | Logged (below threshold)
  [scanner_p2p] Scanning USDT/VES...
  [scanner_p2p] USDT/VES: Buy $610.6138 | Spread -9.138% | EdgeNet -0.632% ✗ | Logged
  [scanner_p2p] Scanning USDT/ARS...
  [scanner_p2p] USDT/ARS: Buy $1463.6940 | Spread +0.296% | EdgeNet +0.388% ✓ | Logged
📡 P2P scan complete: 4/4 pairs successful
[scanner_basis] Scanning BTCUSDT...
  [scanner_basis] Spot: $67959.08 | Futures: $67921.90 | Basis: -0.0547%
  [scanner_basis] Logged (basis 0.0547% >= threshold 0.02%)
Report saved: storage/reports/2026-03-07_15-32-53.json
Hash: 9b11dbe78884da319a058b690bfba2956c8d81c431ead6dfa7eae9fb5f8e14f2
Ollama: AVAILABLE
Data Quality: 100.00% (OK)
[2026-03-07 15:32:54 UTC] STDERR:
2026-03-07 10:32:09,460 [INFO] engine — ✓ equity QQQ
2026-03-07 10:32:09,768 [INFO] engine — ✓ equity IWM
2026-03-07 10:32:10,048 [INFO] engine — ✓ equity XLF
2026-03-07 10:32:10,309 [INFO] engine — ✓ equity XLK
2026-03-07 10:32:10,579 [INFO] engine — ✓ equity XLE
2026-03-07 10:32:10,851 [INFO] engine — ✓ equity XLY
2026-03-07 10:32:11,126 [INFO] engine — ✓ equity XLP
2026-03-07 10:32:11,398 [INFO] engine — ✓ equity GLD
2026-03-07 10:32:14,012 [INFO] engine — ✓ equity TLT
2026-03-07 10:32:14,287 [INFO] engine — ✓ equity HYG
2026-03-07 10:32:14,590 [INFO] engine — ✓ equity MAR
2026-03-07 10:32:14,851 [INFO] engine — ✓ equity HLT
2026-03-07 10:32:15,126 [INFO] engine — ✓ equity DAL
2026-03-07 10:32:15,449 [INFO] engine — ✓ equity UAL
2026-03-07 10:32:15,759 [INFO] engine — ✓ equity DIS
2026-03-07 10:32:16,023 [INFO] engine — ✓ equity FOXA
2026-03-07 10:32:17,728 [INFO] engine — ✓ equity MCD
2026-03-07 10:32:17,916 [INFO] engine — ✓ crypto BTC/USDT
2026-03-07 10:32:17,979 [INFO] engine — ✓ equity KO
2026-03-07 10:32:18,145 [INFO] engine — ✓ crypto ETH/USDT
2026-03-07 10:32:18,246 [INFO] engine — ✓ equity PEP
2026-03-07 10:32:18,338 [INFO] engine — ✓ crypto SOL/USDT
2026-03-07 10:32:18,557 [INFO] engine — ✓ equity DKNG
2026-03-07 10:32:43,586 [INFO] scanner_p2p — Pre-fetching spot rates for all LATAM currencies...
2026-03-07 10:32:43,587 [INFO] scanner_p2p — Fetching fresh spot rates for: MXN, COP, VES, ARS
2026-03-07 10:32:43,872 [INFO] scanner_p2p — Fetched 3/4 rates from open.er-api.com
2026-03-07 10:32:44,173 [INFO] scanner_p2p — VES parallel rate: 612.34 (dolarapi.com)
2026-03-07 10:32:45,044 [INFO] scanner_p2p — Using cached spot rates (age: 1s)
2026-03-07 10:32:45,649 [INFO] scanner_p2p — Using cached spot rates (age: 2s)
2026-03-07 10:32:46,271 [INFO] scanner_p2p — Using cached spot rates (age: 3s)
2026-03-07 10:32:47,175 [INFO] scanner_p2p — Using cached spot rates (age: 4s)
2026-03-07 10:32:47,690 [INFO] runner — Generating market intelligence with Ollama...
2026-03-07 10:32:47,691 [INFO] ollama_intel — Generating market intelligence for 2026-03-07...
2026-03-07 10:32:47,695 [INFO] ollama_intel — Read 224 opportunities for 2026-03-07
2026-03-07 10:32:47,695 [INFO] ollama_intel — Calling Ollama (attempt 1/2)...
2026-03-07 10:32:53,924 [INFO] ollama_intel — Successfully received AI analysis from Ollama
2026-03-07 10:32:53,925 [INFO] ollama_intel — Market intelligence generated: ok
2026-03-07 10:32:53,925 [INFO] runner — Intelligence generated: ok
2026-03-07 10:32:53,926 [INFO] runner — Running ALFRED data quality check...
2026-03-07 10:32:53,926 [INFO] alfred — ALFRED: Running quality check on last 50 records...
2026-03-07 10:32:53,927 [INFO] alfred — ALFRED: dq_score 100.00% - OK
2026-03-07 10:32:53,928 [INFO] runner — Data quality: 100.00% (OK)
[2026-03-07 15:32:54 UTC] ✓ CYCLE #57 COMPLETED SUCCESSFULLY
[2026-03-07 15:32:54 UTC] ⏳ Waiting 20 minutes until next cycle...
[2026-03-07 15:32:54 UTC]    Next run at: 15:52:54 UTC
[2026-03-07 15:52:58 UTC] ─── CYCLE #58 START ───
[2026-03-07 15:53:48 UTC] STDOUT:
✅ DB inicializada: storage/batman.db

🦇 RISK SCORES TOP 10
SYM       VOL_Z   RISK REGIME
-----------------------------------
HLT        3.74   3.86 EXTREME
MAR        3.82   3.85 EXTREME
UAL        3.33   3.76 EXTREME
XLY        3.89   3.60 EXTREME
DKNG       3.71   3.35 EXTREME
XLK        3.49   3.31 EXTREME
TLT        4.09   3.25 EXTREME
DIS        3.92   3.19 EXTREME
PEP        4.17   3.17 EXTREME
FOXA       3.91   3.06 EXTREME
[scanner_cross] Scanning 3 pairs (threshold: 0.05%)...
  [scanner_cross] BTC: Binance $67884.91 | OKX $67893.30 | spread +0.0124%
  [scanner_cross] BTC: Skipped (spread 0.0124% < threshold 0.05%)
  [scanner_cross] ETH: Binance $1981.04 | OKX $1981.07 | spread +0.0015%
  [scanner_cross] ETH: Skipped (spread 0.0015% < threshold 0.05%)
  [scanner_cross] SOL: Binance $83.75 | OKX $83.75 | spread +0.0000%
  [scanner_cross] SOL: Skipped (spread 0.0000% < threshold 0.05%)
📡 Scanning P2P markets across LATAM...
  [scanner_p2p] Scanning USDT/MXN...
  [scanner_p2p] USDT/MXN: Buy $17.9120 | Spread +0.246% | EdgeNet +0.452% ✓ | Logged
  [scanner_p2p] Scanning USDT/COP...
  [scanner_p2p] USDT/COP: Buy $3748.9940 | Spread -0.253% | EdgeNet -0.604% ✗ | Logged
  [scanner_p2p] Scanning USDT/VES...
  [scanner_p2p] USDT/VES: Buy $610.3976 | Spread -9.052% | EdgeNet -0.667% ✗ | Logged
  [scanner_p2p] Scanning USDT/ARS...
  [scanner_p2p] USDT/ARS: Buy $1463.7320 | Spread +0.296% | EdgeNet +0.391% ✓ | Logged
📡 P2P scan complete: 4/4 pairs successful
[scanner_basis] Scanning BTCUSDT...
  [scanner_basis] Spot: $67884.91 | Futures: $67856.80 | Basis: -0.0414%
  [scanner_basis] Logged (basis 0.0414% >= threshold 0.02%)
Report saved: storage/reports/2026-03-07_15-53-47.json
Hash: fa08f82e4c6f612c8aaa0aa2d6f8ec1e0a07a9b767bd5993c520d3394fdd93d2
Ollama: AVAILABLE
Data Quality: 100.00% (OK)
[2026-03-07 15:53:48 UTC] STDERR:
2026-03-07 10:53:02,853 [INFO] engine — ✓ equity QQQ
2026-03-07 10:53:03,185 [INFO] engine — ✓ equity IWM
2026-03-07 10:53:03,440 [INFO] engine — ✓ equity XLF
2026-03-07 10:53:03,709 [INFO] engine — ✓ equity XLK
2026-03-07 10:53:03,980 [INFO] engine — ✓ equity XLE
2026-03-07 10:53:04,343 [INFO] engine — ✓ equity XLY
2026-03-07 10:53:04,604 [INFO] engine — ✓ equity XLP
2026-03-07 10:53:04,919 [INFO] engine — ✓ equity GLD
2026-03-07 10:53:07,537 [INFO] engine — ✓ equity TLT
2026-03-07 10:53:07,813 [INFO] engine — ✓ equity HYG
2026-03-07 10:53:08,082 [INFO] engine — ✓ equity MAR
2026-03-07 10:53:08,354 [INFO] engine — ✓ equity HLT
2026-03-07 10:53:08,754 [INFO] engine — ✓ equity DAL
2026-03-07 10:53:09,024 [INFO] engine — ✓ equity UAL
2026-03-07 10:53:09,306 [INFO] engine — ✓ equity DIS
2026-03-07 10:53:09,600 [INFO] engine — ✓ equity FOXA
2026-03-07 10:53:15,891 [INFO] engine — ✓ crypto BTC/USDT
2026-03-07 10:53:16,188 [INFO] engine — ✓ crypto ETH/USDT
2026-03-07 10:53:16,212 [INFO] engine — ✓ crypto SOL/USDT
2026-03-07 10:53:17,444 [INFO] engine — ✓ equity MCD
2026-03-07 10:53:17,773 [INFO] engine — ✓ equity KO
2026-03-07 10:53:18,082 [INFO] engine — ✓ equity PEP
2026-03-07 10:53:18,363 [INFO] engine — ✓ equity DKNG
2026-03-07 10:53:37,900 [INFO] scanner_p2p — Pre-fetching spot rates for all LATAM currencies...
2026-03-07 10:53:37,900 [INFO] scanner_p2p — Fetching fresh spot rates for: MXN, COP, VES, ARS
2026-03-07 10:53:38,193 [INFO] scanner_p2p — Fetched 3/4 rates from open.er-api.com
2026-03-07 10:53:38,562 [INFO] scanner_p2p — VES parallel rate: 612.34 (dolarapi.com)
2026-03-07 10:53:39,224 [INFO] scanner_p2p — Using cached spot rates (age: 1s)
2026-03-07 10:53:39,971 [INFO] scanner_p2p — Using cached spot rates (age: 2s)
2026-03-07 10:53:40,626 [INFO] scanner_p2p — Using cached spot rates (age: 3s)
2026-03-07 10:53:41,588 [INFO] scanner_p2p — Using cached spot rates (age: 4s)
2026-03-07 10:53:42,106 [INFO] runner — Generating market intelligence with Ollama...
2026-03-07 10:53:42,107 [INFO] ollama_intel — Generating market intelligence for 2026-03-07...
2026-03-07 10:53:42,112 [INFO] ollama_intel — Read 229 opportunities for 2026-03-07
2026-03-07 10:53:42,113 [INFO] ollama_intel — Calling Ollama (attempt 1/2)...
2026-03-07 10:53:47,852 [INFO] ollama_intel — Successfully received AI analysis from Ollama
2026-03-07 10:53:47,854 [INFO] ollama_intel — Market intelligence generated: ok
2026-03-07 10:53:47,854 [INFO] runner — Intelligence generated: ok
2026-03-07 10:53:47,855 [INFO] runner — Running ALFRED data quality check...
2026-03-07 10:53:47,855 [INFO] alfred — ALFRED: Running quality check on last 50 records...
2026-03-07 10:53:47,856 [INFO] alfred — ALFRED: dq_score 100.00% - OK
2026-03-07 10:53:47,857 [INFO] runner — Data quality: 100.00% (OK)
[2026-03-07 15:53:48 UTC] ✓ CYCLE #58 COMPLETED SUCCESSFULLY
[2026-03-07 15:53:48 UTC] ⏳ Waiting 20 minutes until next cycle...
[2026-03-07 15:53:48 UTC]    Next run at: 16:13:48 UTC
[2026-03-07 16:13:52 UTC] ─── CYCLE #59 START ───
[2026-03-07 16:14:39 UTC] STDOUT:
✅ DB inicializada: storage/batman.db

🦇 RISK SCORES TOP 10
SYM       VOL_Z   RISK REGIME
-----------------------------------
HLT        3.74   3.86 EXTREME
MAR        3.82   3.85 EXTREME
UAL        3.33   3.76 EXTREME
XLY        3.89   3.60 EXTREME
DKNG       3.71   3.35 EXTREME
XLK        3.49   3.31 EXTREME
TLT        4.09   3.25 EXTREME
DIS        3.92   3.19 EXTREME
PEP        4.17   3.17 EXTREME
FOXA       3.91   3.06 EXTREME
[scanner_cross] Scanning 3 pairs (threshold: 0.05%)...
  [scanner_cross] BTC: Binance $67883.24 | OKX $67888.00 | spread +0.0070%
  [scanner_cross] BTC: Skipped (spread 0.0070% < threshold 0.05%)
  [scanner_cross] ETH: Binance $1979.29 | OKX $1979.27 | spread -0.0010%
  [scanner_cross] ETH: Skipped (spread 0.0010% < threshold 0.05%)
  [scanner_cross] SOL: Binance $83.78 | OKX $83.77 | spread -0.0119%
  [scanner_cross] SOL: Skipped (spread 0.0119% < threshold 0.05%)
📡 Scanning P2P markets across LATAM...
  [scanner_p2p] Scanning USDT/MXN...
  [scanner_p2p] USDT/MXN: Buy $17.9140 | Spread +0.280% | EdgeNet +0.463% ✓ | Logged
  [scanner_p2p] Scanning USDT/COP...
  [scanner_p2p] USDT/COP: Buy $3749.5980 | Spread +0.081% | EdgeNet -0.588% ✗ | Logged (below threshold)
  [scanner_p2p] Scanning USDT/VES...
  [scanner_p2p] USDT/VES: Buy $608.5200 | Spread -9.220% | EdgeNet -0.974% ✗ | Logged
  [scanner_p2p] Scanning USDT/ARS...
  [scanner_p2p] USDT/ARS: Buy $1462.8720 | Spread +0.219% | EdgeNet +0.331% ✓ | Logged
📡 P2P scan complete: 4/4 pairs successful
[scanner_basis] Scanning BTCUSDT...
  [scanner_basis] Spot: $67883.24 | Futures: $67847.80 | Basis: -0.0522%
  [scanner_basis] Logged (basis 0.0522% >= threshold 0.02%)
Report saved: storage/reports/2026-03-07_16-14-39.json
Hash: bdedbd0a243642f28a1a4702a8562f7a2db768cef91430be084a368a5d244609
Ollama: AVAILABLE
Data Quality: 100.00% (OK)
[2026-03-07 16:14:39 UTC] STDERR:
2026-03-07 11:13:57,516 [INFO] engine — ✓ equity QQQ
2026-03-07 11:13:57,805 [INFO] engine — ✓ equity IWM
2026-03-07 11:13:58,799 [INFO] engine — ✓ equity XLF
2026-03-07 11:13:59,240 [INFO] engine — ✓ equity XLK
2026-03-07 11:13:59,513 [INFO] engine — ✓ equity XLE
2026-03-07 11:13:59,797 [INFO] engine — ✓ equity XLY
2026-03-07 11:14:00,071 [INFO] engine — ✓ equity XLP
2026-03-07 11:14:00,464 [INFO] engine — ✓ equity GLD
2026-03-07 11:14:03,170 [INFO] engine — ✓ equity TLT
2026-03-07 11:14:03,540 [INFO] engine — ✓ equity HYG
2026-03-07 11:14:03,912 [INFO] engine — ✓ equity MAR
2026-03-07 11:14:04,222 [INFO] engine — ✓ equity HLT
2026-03-07 11:14:04,551 [INFO] engine — ✓ equity DAL
2026-03-07 11:14:04,843 [INFO] engine — ✓ equity UAL
2026-03-07 11:14:05,163 [INFO] engine — ✓ equity DIS
2026-03-07 11:14:05,878 [INFO] engine — ✓ equity FOXA
2026-03-07 11:14:07,590 [INFO] engine — ✓ equity MCD
2026-03-07 11:14:07,919 [INFO] engine — ✓ equity KO
2026-03-07 11:14:08,045 [INFO] engine — ✓ crypto BTC/USDT
2026-03-07 11:14:08,060 [INFO] engine — ✓ crypto SOL/USDT
2026-03-07 11:14:08,214 [INFO] engine — ✓ equity PEP
2026-03-07 11:14:08,320 [INFO] engine — ✓ crypto ETH/USDT
2026-03-07 11:14:08,476 [INFO] engine — ✓ equity DKNG
2026-03-07 11:14:29,093 [INFO] scanner_p2p — Pre-fetching spot rates for all LATAM currencies...
2026-03-07 11:14:29,093 [INFO] scanner_p2p — Fetching fresh spot rates for: MXN, COP, VES, ARS
2026-03-07 11:14:29,347 [INFO] scanner_p2p — Fetched 3/4 rates from open.er-api.com
2026-03-07 11:14:29,661 [INFO] scanner_p2p — VES parallel rate: 612.34 (dolarapi.com)
2026-03-07 11:14:30,315 [INFO] scanner_p2p — Using cached spot rates (age: 1s)
2026-03-07 11:14:30,969 [INFO] scanner_p2p — Using cached spot rates (age: 2s)
2026-03-07 11:14:31,614 [INFO] scanner_p2p — Using cached spot rates (age: 3s)
2026-03-07 11:14:32,625 [INFO] scanner_p2p — Using cached spot rates (age: 4s)
2026-03-07 11:14:33,147 [INFO] runner — Generating market intelligence with Ollama...
2026-03-07 11:14:33,148 [INFO] ollama_intel — Generating market intelligence for 2026-03-07...
2026-03-07 11:14:33,152 [INFO] ollama_intel — Read 234 opportunities for 2026-03-07
2026-03-07 11:14:33,153 [INFO] ollama_intel — Calling Ollama (attempt 1/2)...
2026-03-07 11:14:39,831 [INFO] ollama_intel — Successfully received AI analysis from Ollama
2026-03-07 11:14:39,832 [INFO] ollama_intel — Market intelligence generated: ok
2026-03-07 11:14:39,833 [INFO] runner — Intelligence generated: ok
2026-03-07 11:14:39,833 [INFO] runner — Running ALFRED data quality check...
2026-03-07 11:14:39,834 [INFO] alfred — ALFRED: Running quality check on last 50 records...
2026-03-07 11:14:39,836 [INFO] alfred — ALFRED: dq_score 100.00% - OK
2026-03-07 11:14:39,837 [INFO] runner — Data quality: 100.00% (OK)
[2026-03-07 16:14:39 UTC] ✓ CYCLE #59 COMPLETED SUCCESSFULLY
[2026-03-07 16:14:39 UTC] ⏳ Waiting 20 minutes until next cycle...
[2026-03-07 16:14:39 UTC]    Next run at: 16:34:39 UTC
[2026-03-07 16:34:44 UTC] ─── CYCLE #60 START ───
[2026-03-07 16:35:27 UTC] STDOUT:
✅ DB inicializada: storage/batman.db

🦇 RISK SCORES TOP 10
SYM       VOL_Z   RISK REGIME
-----------------------------------
HLT        3.74   3.86 EXTREME
MAR        3.82   3.85 EXTREME
UAL        3.33   3.76 EXTREME
XLY        3.89   3.60 EXTREME
DKNG       3.71   3.35 EXTREME
XLK        3.49   3.31 EXTREME
TLT        4.09   3.25 EXTREME
DIS        3.92   3.19 EXTREME
PEP        4.17   3.17 EXTREME
FOXA       3.91   3.06 EXTREME
[scanner_cross] Scanning 3 pairs (threshold: 0.05%)...
  [scanner_cross] BTC: Binance $67801.64 | OKX $67806.90 | spread +0.0078%
  [scanner_cross] BTC: Skipped (spread 0.0078% < threshold 0.05%)
  [scanner_cross] ETH: Binance $1977.55 | OKX $1977.75 | spread +0.0101%
  [scanner_cross] ETH: Skipped (spread 0.0101% < threshold 0.05%)
  [scanner_cross] SOL: Binance $83.62 | OKX $83.62 | spread +0.0000%
  [scanner_cross] SOL: Skipped (spread 0.0000% < threshold 0.05%)
📡 Scanning P2P markets across LATAM...
  [scanner_p2p] Scanning USDT/MXN...
  [scanner_p2p] USDT/MXN: Buy $17.9100 | Spread +0.179% | EdgeNet +0.440% ✓ | Logged (below threshold)
  [scanner_p2p] Scanning USDT/COP...
  [scanner_p2p] USDT/COP: Buy $3749.4000 | Spread +0.042% | EdgeNet -0.593% ✗ | Logged (below threshold)
  [scanner_p2p] Scanning USDT/VES...
  [scanner_p2p] USDT/VES: Buy $606.1586 | Spread -11.684% | EdgeNet -1.359% ✗ | Logged
  [scanner_p2p] Scanning USDT/ARS...
  [scanner_p2p] USDT/ARS: Buy $1463.0540 | Spread +0.217% | EdgeNet +0.344% ✓ | Logged
📡 P2P scan complete: 4/4 pairs successful
[scanner_basis] Scanning BTCUSDT...
  [scanner_basis] Spot: $67801.64 | Futures: $67771.80 | Basis: -0.0440%
  [scanner_basis] Logged (basis 0.0440% >= threshold 0.02%)
Report saved: storage/reports/2026-03-07_16-35-27.json
Hash: e2d185144057a9dd3e909cb02bb60965e67b3dc124492621a7917beeb5b91483
Ollama: AVAILABLE
Data Quality: 98.00% (OK)
[2026-03-07 16:35:27 UTC] STDERR:
2026-03-07 11:34:48,466 [INFO] engine — ✓ equity QQQ
2026-03-07 11:34:48,772 [INFO] engine — ✓ equity IWM
2026-03-07 11:34:49,036 [INFO] engine — ✓ equity XLF
2026-03-07 11:34:49,305 [INFO] engine — ✓ equity XLK
2026-03-07 11:34:49,571 [INFO] engine — ✓ equity XLE
2026-03-07 11:34:49,834 [INFO] engine — ✓ equity XLY
2026-03-07 11:34:50,099 [INFO] engine — ✓ equity XLP
2026-03-07 11:34:50,404 [INFO] engine — ✓ equity GLD
2026-03-07 11:34:52,988 [INFO] engine — ✓ equity TLT
2026-03-07 11:34:53,256 [INFO] engine — ✓ equity HYG
2026-03-07 11:34:53,558 [INFO] engine — ✓ equity MAR
2026-03-07 11:34:53,859 [INFO] engine — ✓ equity HLT
2026-03-07 11:34:54,194 [INFO] engine — ✓ equity DAL
2026-03-07 11:34:54,559 [INFO] engine — ✓ equity UAL
2026-03-07 11:34:54,841 [INFO] engine — ✓ equity DIS
2026-03-07 11:34:55,110 [INFO] engine — ✓ equity FOXA
2026-03-07 11:34:56,700 [INFO] engine — ✓ equity MCD
2026-03-07 11:34:57,060 [INFO] engine — ✓ crypto BTC/USDT
2026-03-07 11:34:57,088 [INFO] engine — ✓ equity KO
2026-03-07 11:34:57,443 [INFO] engine — ✓ equity PEP
2026-03-07 11:34:57,508 [INFO] engine — ✓ crypto ETH/USDT
2026-03-07 11:34:57,669 [INFO] engine — ✓ crypto SOL/USDT
2026-03-07 11:34:57,718 [INFO] engine — ✓ equity DKNG
2026-03-07 11:35:17,612 [INFO] scanner_p2p — Pre-fetching spot rates for all LATAM currencies...
2026-03-07 11:35:17,612 [INFO] scanner_p2p — Fetching fresh spot rates for: MXN, COP, VES, ARS
2026-03-07 11:35:17,854 [INFO] scanner_p2p — Fetched 3/4 rates from open.er-api.com
2026-03-07 11:35:18,202 [INFO] scanner_p2p — VES parallel rate: 612.34 (dolarapi.com)
2026-03-07 11:35:18,915 [INFO] scanner_p2p — Using cached spot rates (age: 1s)
2026-03-07 11:35:19,575 [INFO] scanner_p2p — Using cached spot rates (age: 2s)
2026-03-07 11:35:20,221 [INFO] scanner_p2p — Using cached spot rates (age: 3s)
2026-03-07 11:35:21,137 [INFO] scanner_p2p — Using cached spot rates (age: 4s)
2026-03-07 11:35:21,971 [INFO] runner — Generating market intelligence with Ollama...
2026-03-07 11:35:21,971 [INFO] ollama_intel — Generating market intelligence for 2026-03-07...
2026-03-07 11:35:21,975 [INFO] ollama_intel — Read 239 opportunities for 2026-03-07
2026-03-07 11:35:21,976 [INFO] ollama_intel — Calling Ollama (attempt 1/2)...
2026-03-07 11:35:27,159 [INFO] ollama_intel — Successfully received AI analysis from Ollama
2026-03-07 11:35:27,161 [INFO] ollama_intel — Market intelligence generated: ok
2026-03-07 11:35:27,162 [INFO] runner — Intelligence generated: ok
2026-03-07 11:35:27,163 [INFO] runner — Running ALFRED data quality check...
2026-03-07 11:35:27,163 [INFO] alfred — ALFRED: Running quality check on last 50 records...
2026-03-07 11:35:27,165 [INFO] alfred — ALFRED: dq_score 98.00% - OK
2026-03-07 11:35:27,166 [INFO] runner — Data quality: 98.00% (OK)
[2026-03-07 16:35:27 UTC] ✓ CYCLE #60 COMPLETED SUCCESSFULLY
[2026-03-07 16:35:27 UTC] ⏳ Waiting 20 minutes until next cycle...
[2026-03-07 16:35:27 UTC]    Next run at: 16:55:27 UTC
[2026-03-07 16:50:07 UTC] ═══ LOOP STOPPED GRACEFULLY ═══
[2026-03-07 16:50:07 UTC] Total cycles completed: 60
[2026-03-10 17:48:11 UTC] ═══ BATMAN FLOW ENGINE LOOP STARTED ═══
[2026-03-10 17:48:11 UTC] Interval: 20 minutes
[2026-03-10 17:48:11 UTC] Log file: /Users/erickposselt/Projects/batcave/batman_flow_engine/storage/logs/loop.log
[2026-03-10 17:48:11 UTC] Press Ctrl+C to stop gracefully
[2026-03-10 17:48:11 UTC] ─── CYCLE #1 START ───
[2026-03-10 17:49:02 UTC] ✓ CYCLE #1 COMPLETED SUCCESSFULLY
[2026-03-10 17:49:02 UTC] ⏳ Waiting 20 minutes until next cycle...
[2026-03-10 17:49:02 UTC]    Next run at: 18:09:02 UTC
[2026-03-10 18:09:07 UTC] ─── CYCLE #2 START ───
[2026-03-10 18:09:54 UTC] ✓ CYCLE #2 COMPLETED SUCCESSFULLY
[2026-03-10 18:09:54 UTC] ⏳ Waiting 20 minutes until next cycle...
[2026-03-10 18:09:54 UTC]    Next run at: 18:29:54 UTC
[2026-03-10 18:29:58 UTC] ─── CYCLE #3 START ───
[2026-03-10 18:30:46 UTC] ✓ CYCLE #3 COMPLETED SUCCESSFULLY
[2026-03-10 18:30:46 UTC] ⏳ Waiting 20 minutes until next cycle...
[2026-03-10 18:30:46 UTC]    Next run at: 18:50:46 UTC
[2026-03-10 18:50:50 UTC] ─── CYCLE #4 START ───
[2026-03-10 18:51:30 UTC] ✓ CYCLE #4 COMPLETED SUCCESSFULLY
[2026-03-10 18:51:30 UTC] ⏳ Waiting 20 minutes until next cycle...
[2026-03-10 18:51:30 UTC]    Next run at: 19:11:30 UTC
[2026-03-10 19:11:35 UTC] ─── CYCLE #5 START ───
[2026-03-10 19:12:06 UTC] ✓ CYCLE #5 COMPLETED SUCCESSFULLY
[2026-03-10 19:12:06 UTC] ⏳ Waiting 20 minutes until next cycle...
[2026-03-10 19:12:06 UTC]    Next run at: 19:32:06 UTC
[2026-03-10 19:32:11 UTC] ─── CYCLE #6 START ───
[2026-03-10 19:32:47 UTC] ✓ CYCLE #6 COMPLETED SUCCESSFULLY
[2026-03-10 19:32:47 UTC] ⏳ Waiting 20 minutes until next cycle...
[2026-03-10 19:32:47 UTC]    Next run at: 19:52:47 UTC
[2026-03-10 19:52:51 UTC] ─── CYCLE #7 START ───
[2026-03-10 19:53:38 UTC] ✓ CYCLE #7 COMPLETED SUCCESSFULLY
[2026-03-10 19:53:38 UTC] ⏳ Waiting 20 minutes until next cycle...
[2026-03-10 19:53:38 UTC]    Next run at: 20:13:38 UTC
[2026-03-10 20:13:43 UTC] ─── CYCLE #8 START ───
[2026-03-10 20:14:19 UTC] ✓ CYCLE #8 COMPLETED SUCCESSFULLY
[2026-03-10 20:14:19 UTC] ⏳ Waiting 20 minutes until next cycle...
[2026-03-10 20:14:19 UTC]    Next run at: 20:34:19 UTC
[2026-03-10 20:34:23 UTC] ─── CYCLE #9 START ───
[2026-03-10 20:35:09 UTC] ✓ CYCLE #9 COMPLETED SUCCESSFULLY
[2026-03-10 20:35:09 UTC] ⏳ Waiting 20 minutes until next cycle...
[2026-03-10 20:35:09 UTC]    Next run at: 20:55:09 UTC
[2026-03-10 20:55:13 UTC] ─── CYCLE #10 START ───
[2026-03-10 20:56:43 UTC] ✓ CYCLE #10 COMPLETED SUCCESSFULLY
[2026-03-10 20:56:43 UTC] ⏳ Waiting 20 minutes until next cycle...
[2026-03-10 20:56:43 UTC]    Next run at: 21:16:43 UTC
[2026-03-10 21:16:48 UTC] ─── CYCLE #11 START ───
[2026-03-10 21:19:34 UTC] ✓ CYCLE #11 COMPLETED SUCCESSFULLY
[2026-03-10 21:19:34 UTC] ⏳ Waiting 20 minutes until next cycle...
[2026-03-10 21:19:34 UTC]    Next run at: 21:39:34 UTC
[2026-03-10 21:39:39 UTC] ─── CYCLE #12 START ───
[2026-03-10 21:40:42 UTC] ✓ CYCLE #12 COMPLETED SUCCESSFULLY
[2026-03-10 21:40:42 UTC] ⏳ Waiting 20 minutes until next cycle...
[2026-03-10 21:40:42 UTC]    Next run at: 22:00:42 UTC
[2026-03-10 22:00:46 UTC] ─── CYCLE #13 START ───
[2026-03-10 22:01:56 UTC] ✓ CYCLE #13 COMPLETED SUCCESSFULLY
[2026-03-10 22:01:56 UTC] ⏳ Waiting 20 minutes until next cycle...
[2026-03-10 22:01:56 UTC]    Next run at: 22:21:56 UTC
[2026-03-10 22:22:00 UTC] ─── CYCLE #14 START ───
[2026-03-10 22:23:14 UTC] ✓ CYCLE #14 COMPLETED SUCCESSFULLY
[2026-03-10 22:23:14 UTC] ⏳ Waiting 20 minutes until next cycle...
[2026-03-10 22:23:14 UTC]    Next run at: 22:43:14 UTC
[2026-03-10 22:43:19 UTC] ─── CYCLE #15 START ───
[2026-03-10 22:44:29 UTC] ✓ CYCLE #15 COMPLETED SUCCESSFULLY
[2026-03-10 22:44:29 UTC] ⏳ Waiting 20 minutes until next cycle...
[2026-03-10 22:44:29 UTC]    Next run at: 23:04:29 UTC
[2026-03-10 23:04:35 UTC] ─── CYCLE #16 START ───
[2026-03-10 23:05:22 UTC] ✓ CYCLE #16 COMPLETED SUCCESSFULLY
[2026-03-10 23:05:22 UTC] ⏳ Waiting 20 minutes until next cycle...
[2026-03-10 23:05:22 UTC]    Next run at: 23:25:22 UTC
[2026-03-11 00:23:51 UTC] ─── CYCLE #17 START ───
[2026-03-11 00:24:23 UTC] ✓ CYCLE #17 COMPLETED SUCCESSFULLY
[2026-03-11 00:24:23 UTC] ⏳ Waiting 20 minutes until next cycle...
[2026-03-11 00:24:23 UTC]    Next run at: 00:44:23 UTC
[2026-03-11 00:44:28 UTC] ─── CYCLE #18 START ───
[2026-03-11 00:44:59 UTC] ✓ CYCLE #18 COMPLETED SUCCESSFULLY
[2026-03-11 00:44:59 UTC] ⏳ Waiting 20 minutes until next cycle...
[2026-03-11 00:44:59 UTC]    Next run at: 01:04:59 UTC
[2026-03-11 01:05:04 UTC] ─── CYCLE #19 START ───
[2026-03-11 01:05:56 UTC] ✓ CYCLE #19 COMPLETED SUCCESSFULLY
[2026-03-11 01:05:56 UTC] ⏳ Waiting 20 minutes until next cycle...
[2026-03-11 01:05:56 UTC]    Next run at: 01:25:56 UTC
[2026-03-11 02:14:38 UTC] ─── CYCLE #20 START ───
[2026-03-11 02:15:08 UTC] ✓ CYCLE #20 COMPLETED SUCCESSFULLY
[2026-03-11 02:15:08 UTC] ⏳ Waiting 20 minutes until next cycle...
[2026-03-11 02:15:08 UTC]    Next run at: 02:35:08 UTC
[2026-03-11 02:35:13 UTC] ─── CYCLE #21 START ───
[2026-03-11 02:35:42 UTC] ✓ CYCLE #21 COMPLETED SUCCESSFULLY
[2026-03-11 02:35:42 UTC] ⏳ Waiting 20 minutes until next cycle...
[2026-03-11 02:35:42 UTC]    Next run at: 02:55:42 UTC
[2026-03-11 04:28:24 UTC] ─── CYCLE #22 START ───
[2026-03-11 04:28:56 UTC] ✓ CYCLE #22 COMPLETED SUCCESSFULLY
[2026-03-11 04:28:56 UTC] ⏳ Waiting 20 minutes until next cycle...
[2026-03-11 04:28:56 UTC]    Next run at: 04:48:56 UTC
[2026-03-11 04:49:01 UTC] ─── CYCLE #23 START ───
[2026-03-11 04:49:41 UTC] ✓ CYCLE #23 COMPLETED SUCCESSFULLY
[2026-03-11 04:49:41 UTC] ⏳ Waiting 20 minutes until next cycle...
[2026-03-11 04:49:41 UTC]    Next run at: 05:09:41 UTC
[2026-03-11 19:37:43 UTC] ═══ BATMAN FLOW ENGINE LOOP STARTED ═══
[2026-03-11 19:37:43 UTC] Interval: 20 minutes
[2026-03-11 19:37:43 UTC] Log file: /Users/erickposselt/Projects/batcave/batman_flow_engine/storage/logs/loop.log
[2026-03-11 19:37:43 UTC] Press Ctrl+C to stop gracefully
[2026-03-11 19:37:43 UTC] ─── CYCLE #1 START ───
[2026-03-11 19:38:40 UTC] ✓ CYCLE #1 COMPLETED SUCCESSFULLY
[2026-03-11 19:38:40 UTC] ⏳ Waiting 20 minutes until next cycle...
[2026-03-11 19:38:40 UTC]    Next run at: 19:58:40 UTC
[2026-03-11 19:58:44 UTC] ─── CYCLE #2 START ───
[2026-03-11 20:01:12 UTC] ✓ CYCLE #2 COMPLETED SUCCESSFULLY
[2026-03-11 20:01:12 UTC] ⏳ Waiting 20 minutes until next cycle...
[2026-03-11 20:01:12 UTC]    Next run at: 20:21:12 UTC
[2026-03-11 20:21:16 UTC] ─── CYCLE #3 START ───
[2026-03-11 20:23:25 UTC] ✓ CYCLE #3 COMPLETED SUCCESSFULLY
[2026-03-11 20:23:25 UTC] ⏳ Waiting 20 minutes until next cycle...
[2026-03-11 20:23:25 UTC]    Next run at: 20:43:25 UTC
[2026-03-11 20:43:29 UTC] ─── CYCLE #4 START ───
[2026-03-11 20:47:23 UTC] ✓ CYCLE #4 COMPLETED SUCCESSFULLY
[2026-03-11 20:47:23 UTC] ⏳ Waiting 20 minutes until next cycle...
[2026-03-11 20:47:23 UTC]    Next run at: 21:07:23 UTC
[2026-03-11 21:07:27 UTC] ─── CYCLE #5 START ───
[2026-03-11 21:09:31 UTC] ✓ CYCLE #5 COMPLETED SUCCESSFULLY
[2026-03-11 21:09:31 UTC] ⏳ Waiting 20 minutes until next cycle...
[2026-03-11 21:09:31 UTC]    Next run at: 21:29:31 UTC
[2026-03-11 21:29:35 UTC] ─── CYCLE #6 START ───
[2026-03-11 21:32:41 UTC] ✓ CYCLE #6 COMPLETED SUCCESSFULLY
[2026-03-11 21:32:41 UTC] ⏳ Waiting 20 minutes until next cycle...
[2026-03-11 21:32:41 UTC]    Next run at: 21:52:41 UTC
[2026-03-11 21:52:47 UTC] ─── CYCLE #7 START ───
[2026-03-11 21:54:21 UTC] ✓ CYCLE #7 COMPLETED SUCCESSFULLY
[2026-03-11 21:54:21 UTC] ⏳ Waiting 20 minutes until next cycle...
[2026-03-11 21:54:21 UTC]    Next run at: 22:14:21 UTC
[2026-03-11 22:14:25 UTC] ─── CYCLE #8 START ───
[2026-03-11 22:16:05 UTC] ✓ CYCLE #8 COMPLETED SUCCESSFULLY
[2026-03-11 22:16:05 UTC] ⏳ Waiting 20 minutes until next cycle...
[2026-03-11 22:16:05 UTC]    Next run at: 22:36:05 UTC
[2026-03-11 22:36:10 UTC] ─── CYCLE #9 START ───
[2026-03-11 22:36:44 UTC] ✓ CYCLE #9 COMPLETED SUCCESSFULLY
[2026-03-11 22:36:44 UTC] ⏳ Waiting 20 minutes until next cycle...
[2026-03-11 22:36:44 UTC]    Next run at: 22:56:44 UTC
[2026-03-11 22:56:49 UTC] ─── CYCLE #10 START ───
[2026-03-11 22:57:32 UTC] ✓ CYCLE #10 COMPLETED SUCCESSFULLY
[2026-03-11 22:57:32 UTC] ⏳ Waiting 20 minutes until next cycle...
[2026-03-11 22:57:32 UTC]    Next run at: 23:17:32 UTC
[2026-03-11 23:17:37 UTC] ─── CYCLE #11 START ───
[2026-03-11 23:18:16 UTC] ✓ CYCLE #11 COMPLETED SUCCESSFULLY
[2026-03-11 23:18:16 UTC] ⏳ Waiting 20 minutes until next cycle...
[2026-03-11 23:18:16 UTC]    Next run at: 23:38:16 UTC
[2026-03-11 23:38:20 UTC] ─── CYCLE #12 START ───
[2026-03-11 23:39:07 UTC] ✓ CYCLE #12 COMPLETED SUCCESSFULLY
[2026-03-11 23:39:07 UTC] ⏳ Waiting 20 minutes until next cycle...
[2026-03-11 23:39:07 UTC]    Next run at: 23:59:07 UTC
[2026-03-11 23:59:12 UTC] ─── CYCLE #13 START ───
[2026-03-12 00:00:07 UTC] ✓ CYCLE #13 COMPLETED SUCCESSFULLY
[2026-03-12 00:00:07 UTC] ⏳ Waiting 20 minutes until next cycle...
[2026-03-12 00:00:07 UTC]    Next run at: 00:20:07 UTC
[2026-03-12 00:20:11 UTC] ─── CYCLE #14 START ───
[2026-03-12 00:20:44 UTC] ✓ CYCLE #14 COMPLETED SUCCESSFULLY
[2026-03-12 00:20:44 UTC] ⏳ Waiting 20 minutes until next cycle...
[2026-03-12 00:20:44 UTC]    Next run at: 00:40:44 UTC
[2026-03-12 00:40:49 UTC] ─── CYCLE #15 START ───
[2026-03-12 00:41:23 UTC] ✓ CYCLE #15 COMPLETED SUCCESSFULLY
[2026-03-12 00:41:23 UTC] ⏳ Waiting 20 minutes until next cycle...
[2026-03-12 00:41:23 UTC]    Next run at: 01:01:23 UTC
[2026-03-12 01:01:27 UTC] ─── CYCLE #16 START ───
[2026-03-12 01:02:36 UTC] ✓ CYCLE #16 COMPLETED SUCCESSFULLY
[2026-03-12 01:02:36 UTC] ⏳ Waiting 20 minutes until next cycle...
[2026-03-12 01:02:36 UTC]    Next run at: 01:22:36 UTC
[2026-03-12 01:22:44 UTC] ─── CYCLE #17 START ───
[2026-03-12 01:23:15 UTC] ✓ CYCLE #17 COMPLETED SUCCESSFULLY
[2026-03-12 01:23:15 UTC] ⏳ Waiting 20 minutes until next cycle...
[2026-03-12 01:23:15 UTC]    Next run at: 01:43:15 UTC
[2026-03-12 01:43:24 UTC] ─── CYCLE #18 START ───
[2026-03-12 01:43:59 UTC] ✓ CYCLE #18 COMPLETED SUCCESSFULLY
[2026-03-12 01:43:59 UTC] ⏳ Waiting 20 minutes until next cycle...
[2026-03-12 01:43:59 UTC]    Next run at: 02:03:59 UTC
[2026-03-12 02:04:07 UTC] ─── CYCLE #19 START ───
[2026-03-12 02:04:48 UTC] ✓ CYCLE #19 COMPLETED SUCCESSFULLY
[2026-03-12 02:04:48 UTC] ⏳ Waiting 20 minutes until next cycle...
[2026-03-12 02:04:48 UTC]    Next run at: 02:24:48 UTC
[2026-03-12 02:24:56 UTC] ─── CYCLE #20 START ───
[2026-03-12 02:25:44 UTC] ✓ CYCLE #20 COMPLETED SUCCESSFULLY
[2026-03-12 02:25:44 UTC] ⏳ Waiting 20 minutes until next cycle...
[2026-03-12 02:25:44 UTC]    Next run at: 02:45:44 UTC
[2026-03-12 02:45:53 UTC] ─── CYCLE #21 START ───
[2026-03-12 02:46:32 UTC] ✓ CYCLE #21 COMPLETED SUCCESSFULLY
[2026-03-12 02:46:32 UTC] ⏳ Waiting 20 minutes until next cycle...
[2026-03-12 02:46:32 UTC]    Next run at: 03:06:32 UTC
[2026-03-12 03:06:41 UTC] ─── CYCLE #22 START ───
[2026-03-12 03:07:12 UTC] ✓ CYCLE #22 COMPLETED SUCCESSFULLY
[2026-03-12 03:07:12 UTC] ⏳ Waiting 20 minutes until next cycle...
[2026-03-12 03:07:12 UTC]    Next run at: 03:27:12 UTC
[2026-03-12 03:27:21 UTC] ─── CYCLE #23 START ───
[2026-03-12 03:27:58 UTC] ✓ CYCLE #23 COMPLETED SUCCESSFULLY
[2026-03-12 03:27:58 UTC] ⏳ Waiting 20 minutes until next cycle...
[2026-03-12 03:27:58 UTC]    Next run at: 03:47:58 UTC
[2026-03-12 03:48:07 UTC] ─── CYCLE #24 START ───
[2026-03-12 03:48:40 UTC] ✓ CYCLE #24 COMPLETED SUCCESSFULLY
[2026-03-12 03:48:40 UTC] ⏳ Waiting 20 minutes until next cycle...
[2026-03-12 03:48:40 UTC]    Next run at: 04:08:40 UTC
[2026-03-12 04:08:48 UTC] ─── CYCLE #25 START ───
[2026-03-12 04:09:36 UTC] ✓ CYCLE #25 COMPLETED SUCCESSFULLY
[2026-03-12 04:09:36 UTC] ⏳ Waiting 20 minutes until next cycle...
[2026-03-12 04:09:36 UTC]    Next run at: 04:29:36 UTC
[2026-03-12 04:20:34 UTC] ═══ LOOP STOPPED GRACEFULLY ═══
[2026-03-12 04:20:34 UTC] Total cycles completed: 25
[2026-03-13 18:24:12 UTC] ═══ BATMAN FLOW ENGINE LOOP STARTED ═══
[2026-03-13 18:24:12 UTC] Interval: 20 minutes
[2026-03-13 18:24:12 UTC] Log file: /Users/erickposselt/Projects/batcave/batman_flow_engine/storage/logs/loop.log
[2026-03-13 18:24:12 UTC] Press Ctrl+C to stop gracefully
[2026-03-13 18:24:12 UTC] ─── CYCLE #1 START ───
[2026-03-13 18:24:58 UTC] ✓ CYCLE #1 COMPLETED SUCCESSFULLY
[2026-03-13 18:24:58 UTC] ⏳ Waiting 20 minutes until next cycle...
[2026-03-13 18:24:58 UTC]    Next run at: 18:44:58 UTC
[2026-03-13 18:45:03 UTC] ─── CYCLE #2 START ───
[2026-03-13 18:45:38 UTC] ✓ CYCLE #2 COMPLETED SUCCESSFULLY
[2026-03-13 18:45:38 UTC] ⏳ Waiting 20 minutes until next cycle...
[2026-03-13 18:45:38 UTC]    Next run at: 19:05:38 UTC
[2026-03-13 19:05:43 UTC] ─── CYCLE #3 START ───
[2026-03-13 19:06:12 UTC] ✓ CYCLE #3 COMPLETED SUCCESSFULLY
[2026-03-13 19:06:12 UTC] ⏳ Waiting 20 minutes until next cycle...
[2026-03-13 19:06:12 UTC]    Next run at: 19:26:12 UTC
[2026-03-13 19:06:41 UTC] ═══ LOOP STOPPED GRACEFULLY ═══
[2026-03-13 19:06:41 UTC] Total cycles completed: 3
[2026-03-13 19:06:47 UTC] ═══ BATMAN FLOW ENGINE LOOP STARTED ═══
[2026-03-13 19:06:47 UTC] Interval: 20 minutes
[2026-03-13 19:06:47 UTC] Log file: /Users/erickposselt/Projects/batcave/batman_flow_engine/storage/logs/loop.log
[2026-03-13 19:06:47 UTC] Press Ctrl+C to stop gracefully
[2026-03-13 19:06:47 UTC] ─── CYCLE #1 START ───
[2026-03-13 19:07:22 UTC] ✓ CYCLE #1 COMPLETED SUCCESSFULLY
[2026-03-13 19:07:22 UTC] ⏳ Waiting 20 minutes until next cycle...
[2026-03-13 19:07:22 UTC]    Next run at: 19:27:22 UTC
[2026-03-13 19:27:27 UTC] ─── CYCLE #2 START ───
[2026-03-13 19:28:07 UTC] ✓ CYCLE #2 COMPLETED SUCCESSFULLY
[2026-03-13 19:28:07 UTC] ⏳ Waiting 20 minutes until next cycle...
[2026-03-13 19:28:07 UTC]    Next run at: 19:48:07 UTC
[2026-03-13 19:48:12 UTC] ─── CYCLE #3 START ───
[2026-03-13 19:48:59 UTC] ✓ CYCLE #3 COMPLETED SUCCESSFULLY
[2026-03-13 19:48:59 UTC] ⏳ Waiting 20 minutes until next cycle...
[2026-03-13 19:48:59 UTC]    Next run at: 20:08:59 UTC
[2026-03-13 20:09:06 UTC] ─── CYCLE #4 START ───
[2026-03-13 20:09:51 UTC] ✓ CYCLE #4 COMPLETED SUCCESSFULLY
[2026-03-13 20:09:51 UTC] ⏳ Waiting 20 minutes until next cycle...
[2026-03-13 20:09:51 UTC]    Next run at: 20:29:51 UTC
[2026-03-13 20:30:00 UTC] ─── CYCLE #5 START ───
[2026-03-13 20:30:43 UTC] ✓ CYCLE #5 COMPLETED SUCCESSFULLY
[2026-03-13 20:30:43 UTC] ⏳ Waiting 20 minutes until next cycle...
[2026-03-13 20:30:43 UTC]    Next run at: 20:50:43 UTC
[2026-03-13 20:50:51 UTC] ─── CYCLE #6 START ───
[2026-03-13 20:54:59 UTC] ✓ CYCLE #6 COMPLETED SUCCESSFULLY
[2026-03-13 20:54:59 UTC] ⏳ Waiting 20 minutes until next cycle...
[2026-03-13 20:54:59 UTC]    Next run at: 21:14:59 UTC
[2026-03-13 21:15:06 UTC] ─── CYCLE #7 START ───
[2026-03-13 21:16:24 UTC] ✓ CYCLE #7 COMPLETED SUCCESSFULLY
[2026-03-13 21:16:24 UTC] ⏳ Waiting 20 minutes until next cycle...
[2026-03-13 21:16:24 UTC]    Next run at: 21:36:24 UTC
[2026-03-13 21:36:29 UTC] ─── CYCLE #8 START ───
[2026-03-13 21:36:58 UTC] ✓ CYCLE #8 COMPLETED SUCCESSFULLY
[2026-03-13 21:36:58 UTC] ⏳ Waiting 20 minutes until next cycle...
[2026-03-13 21:36:58 UTC]    Next run at: 21:56:58 UTC
[2026-03-13 21:57:03 UTC] ─── CYCLE #9 START ───
[2026-03-13 21:57:47 UTC] ✓ CYCLE #9 COMPLETED SUCCESSFULLY
[2026-03-13 21:57:47 UTC] ⏳ Waiting 20 minutes until next cycle...
[2026-03-13 21:57:47 UTC]    Next run at: 22:17:47 UTC
[2026-03-13 22:17:51 UTC] ─── CYCLE #10 START ───
[2026-03-13 22:18:50 UTC] ✓ CYCLE #10 COMPLETED SUCCESSFULLY
[2026-03-13 22:18:50 UTC] ⏳ Waiting 20 minutes until next cycle...
[2026-03-13 22:18:50 UTC]    Next run at: 22:38:50 UTC
[2026-03-13 22:38:55 UTC] ─── CYCLE #11 START ───
[2026-03-13 22:39:28 UTC] ✓ CYCLE #11 COMPLETED SUCCESSFULLY
[2026-03-13 22:39:28 UTC] ⏳ Waiting 20 minutes until next cycle...
[2026-03-13 22:39:28 UTC]    Next run at: 22:59:28 UTC
[2026-03-13 22:59:36 UTC] ─── CYCLE #12 START ───
[2026-03-13 23:00:06 UTC] ✓ CYCLE #12 COMPLETED SUCCESSFULLY
[2026-03-13 23:00:06 UTC] ⏳ Waiting 20 minutes until next cycle...
[2026-03-13 23:00:06 UTC]    Next run at: 23:20:06 UTC
[2026-03-13 23:20:14 UTC] ─── CYCLE #13 START ───
[2026-03-13 23:20:59 UTC] ✓ CYCLE #13 COMPLETED SUCCESSFULLY
[2026-03-13 23:20:59 UTC] ⏳ Waiting 20 minutes until next cycle...
[2026-03-13 23:20:59 UTC]    Next run at: 23:40:59 UTC
[2026-03-13 23:41:07 UTC] ─── CYCLE #14 START ───
[2026-03-13 23:41:35 UTC] ✓ CYCLE #14 COMPLETED SUCCESSFULLY
[2026-03-13 23:41:35 UTC] ⏳ Waiting 20 minutes until next cycle...
[2026-03-13 23:41:35 UTC]    Next run at: 00:01:35 UTC
[2026-03-14 00:01:44 UTC] ─── CYCLE #15 START ───
[2026-03-14 00:02:24 UTC] ✓ CYCLE #15 COMPLETED SUCCESSFULLY
[2026-03-14 00:02:24 UTC] ⏳ Waiting 20 minutes until next cycle...
[2026-03-14 00:02:24 UTC]    Next run at: 00:22:24 UTC
[2026-03-14 00:22:32 UTC] ─── CYCLE #16 START ───
[2026-03-14 00:23:14 UTC] ✓ CYCLE #16 COMPLETED SUCCESSFULLY
[2026-03-14 00:23:14 UTC] ⏳ Waiting 20 minutes until next cycle...
[2026-03-14 00:23:14 UTC]    Next run at: 00:43:14 UTC
[2026-03-14 00:43:21 UTC] ─── CYCLE #17 START ───
[2026-03-14 00:44:02 UTC] ✓ CYCLE #17 COMPLETED SUCCESSFULLY
[2026-03-14 00:44:02 UTC] ⏳ Waiting 20 minutes until next cycle...
[2026-03-14 00:44:02 UTC]    Next run at: 01:04:02 UTC
[2026-03-14 01:04:08 UTC] ─── CYCLE #18 START ───
[2026-03-14 01:04:55 UTC] ✓ CYCLE #18 COMPLETED SUCCESSFULLY
[2026-03-14 01:04:55 UTC] ⏳ Waiting 20 minutes until next cycle...
[2026-03-14 01:04:55 UTC]    Next run at: 01:24:55 UTC
[2026-03-14 01:25:04 UTC] ─── CYCLE #19 START ───
[2026-03-14 01:25:35 UTC] ✓ CYCLE #19 COMPLETED SUCCESSFULLY
[2026-03-14 01:25:35 UTC] ⏳ Waiting 20 minutes until next cycle...
[2026-03-14 01:25:35 UTC]    Next run at: 01:45:35 UTC
[2026-03-14 01:45:44 UTC] ─── CYCLE #20 START ───
[2026-03-14 01:46:31 UTC] ✓ CYCLE #20 COMPLETED SUCCESSFULLY
[2026-03-14 01:46:31 UTC] ⏳ Waiting 20 minutes until next cycle...
[2026-03-14 01:46:31 UTC]    Next run at: 02:06:31 UTC
[2026-03-14 02:06:40 UTC] ─── CYCLE #21 START ───
[2026-03-14 02:07:10 UTC] ✓ CYCLE #21 COMPLETED SUCCESSFULLY
[2026-03-14 02:07:10 UTC] ⏳ Waiting 20 minutes until next cycle...
[2026-03-14 02:07:10 UTC]    Next run at: 02:27:10 UTC
[2026-03-14 02:27:19 UTC] ─── CYCLE #22 START ───
[2026-03-14 02:27:55 UTC] ✓ CYCLE #22 COMPLETED SUCCESSFULLY
[2026-03-14 02:27:55 UTC] ⏳ Waiting 20 minutes until next cycle...
[2026-03-14 02:27:55 UTC]    Next run at: 02:47:55 UTC
[2026-03-14 02:48:04 UTC] ─── CYCLE #23 START ───
[2026-03-14 02:48:37 UTC] ✓ CYCLE #23 COMPLETED SUCCESSFULLY
[2026-03-14 02:48:37 UTC] ⏳ Waiting 20 minutes until next cycle...
[2026-03-14 02:48:37 UTC]    Next run at: 03:08:37 UTC
[2026-03-14 03:08:45 UTC] ─── CYCLE #24 START ───
[2026-03-14 03:09:24 UTC] ✓ CYCLE #24 COMPLETED SUCCESSFULLY
[2026-03-14 03:09:24 UTC] ⏳ Waiting 20 minutes until next cycle...
[2026-03-14 03:09:24 UTC]    Next run at: 03:29:24 UTC
[2026-03-14 03:29:33 UTC] ─── CYCLE #25 START ───
[2026-03-14 03:30:29 UTC] ✓ CYCLE #25 COMPLETED SUCCESSFULLY
[2026-03-14 03:30:29 UTC] ⏳ Waiting 20 minutes until next cycle...
[2026-03-14 03:30:29 UTC]    Next run at: 03:50:29 UTC
[2026-03-14 03:50:38 UTC] ─── CYCLE #26 START ───
[2026-03-14 03:51:10 UTC] ✓ CYCLE #26 COMPLETED SUCCESSFULLY
[2026-03-14 03:51:10 UTC] ⏳ Waiting 20 minutes until next cycle...
[2026-03-14 03:51:10 UTC]    Next run at: 04:11:10 UTC
[2026-03-14 04:11:19 UTC] ─── CYCLE #27 START ───
[2026-03-14 04:12:06 UTC] ✓ CYCLE #27 COMPLETED SUCCESSFULLY
[2026-03-14 04:12:06 UTC] ⏳ Waiting 20 minutes until next cycle...
[2026-03-14 04:12:06 UTC]    Next run at: 04:32:06 UTC
[2026-03-14 04:32:15 UTC] ─── CYCLE #28 START ───
[2026-03-14 04:32:52 UTC] ✓ CYCLE #28 COMPLETED SUCCESSFULLY
[2026-03-14 04:32:52 UTC] ⏳ Waiting 20 minutes until next cycle...
[2026-03-14 04:32:52 UTC]    Next run at: 04:52:52 UTC
[2026-03-14 04:53:01 UTC] ─── CYCLE #29 START ───
[2026-03-14 04:53:33 UTC] ✓ CYCLE #29 COMPLETED SUCCESSFULLY
[2026-03-14 04:53:33 UTC] ⏳ Waiting 20 minutes until next cycle...
[2026-03-14 04:53:33 UTC]    Next run at: 05:13:33 UTC
[2026-03-14 05:13:42 UTC] ─── CYCLE #30 START ───
[2026-03-14 05:14:09 UTC] ✓ CYCLE #30 COMPLETED SUCCESSFULLY
[2026-03-14 05:14:09 UTC] ⏳ Waiting 20 minutes until next cycle...
[2026-03-14 05:14:09 UTC]    Next run at: 05:34:09 UTC
[2026-03-14 05:34:16 UTC] ─── CYCLE #31 START ───
[2026-03-14 05:35:10 UTC] ✓ CYCLE #31 COMPLETED SUCCESSFULLY
[2026-03-14 05:35:10 UTC] ⏳ Waiting 20 minutes until next cycle...
[2026-03-14 05:35:10 UTC]    Next run at: 05:55:10 UTC
[2026-03-14 05:55:19 UTC] ─── CYCLE #32 START ───
[2026-03-14 05:56:02 UTC] ✓ CYCLE #32 COMPLETED SUCCESSFULLY
[2026-03-14 05:56:02 UTC] ⏳ Waiting 20 minutes until next cycle...
[2026-03-14 05:56:02 UTC]    Next run at: 06:16:02 UTC
[2026-03-14 06:16:11 UTC] ─── CYCLE #33 START ───
[2026-03-14 06:16:51 UTC] ✓ CYCLE #33 COMPLETED SUCCESSFULLY
[2026-03-14 06:16:51 UTC] ⏳ Waiting 20 minutes until next cycle...
[2026-03-14 06:16:51 UTC]    Next run at: 06:36:51 UTC
[2026-03-14 06:37:00 UTC] ─── CYCLE #34 START ───
[2026-03-14 06:37:30 UTC] ✓ CYCLE #34 COMPLETED SUCCESSFULLY
[2026-03-14 06:37:30 UTC] ⏳ Waiting 20 minutes until next cycle...
[2026-03-14 06:37:30 UTC]    Next run at: 06:57:30 UTC
[2026-03-14 06:57:39 UTC] ─── CYCLE #35 START ───
[2026-03-14 06:58:06 UTC] ✓ CYCLE #35 COMPLETED SUCCESSFULLY
[2026-03-14 06:58:06 UTC] ⏳ Waiting 20 minutes until next cycle...
[2026-03-14 06:58:06 UTC]    Next run at: 07:18:06 UTC
[2026-03-14 07:18:15 UTC] ─── CYCLE #36 START ───
[2026-03-14 07:18:52 UTC] ✓ CYCLE #36 COMPLETED SUCCESSFULLY
[2026-03-14 07:18:52 UTC] ⏳ Waiting 20 minutes until next cycle...
[2026-03-14 07:18:52 UTC]    Next run at: 07:38:52 UTC
[2026-03-14 07:39:01 UTC] ─── CYCLE #37 START ───
[2026-03-14 07:39:37 UTC] ✓ CYCLE #37 COMPLETED SUCCESSFULLY
[2026-03-14 07:39:37 UTC] ⏳ Waiting 20 minutes until next cycle...
[2026-03-14 07:39:37 UTC]    Next run at: 07:59:37 UTC
[2026-03-14 07:59:45 UTC] ─── CYCLE #38 START ───
[2026-03-14 08:00:37 UTC] ✓ CYCLE #38 COMPLETED SUCCESSFULLY
[2026-03-14 08:00:37 UTC] ⏳ Waiting 20 minutes until next cycle...
[2026-03-14 08:00:37 UTC]    Next run at: 08:20:37 UTC
[2026-03-14 08:20:46 UTC] ─── CYCLE #39 START ───
[2026-03-14 08:21:15 UTC] ✓ CYCLE #39 COMPLETED SUCCESSFULLY
[2026-03-14 08:21:15 UTC] ⏳ Waiting 20 minutes until next cycle...
[2026-03-14 08:21:15 UTC]    Next run at: 08:41:15 UTC
[2026-03-14 08:41:24 UTC] ─── CYCLE #40 START ───
[2026-03-14 08:41:55 UTC] ✓ CYCLE #40 COMPLETED SUCCESSFULLY
[2026-03-14 08:41:55 UTC] ⏳ Waiting 20 minutes until next cycle...
[2026-03-14 08:41:55 UTC]    Next run at: 09:01:55 UTC
[2026-03-14 09:02:04 UTC] ─── CYCLE #41 START ───
[2026-03-14 09:02:36 UTC] ✓ CYCLE #41 COMPLETED SUCCESSFULLY
[2026-03-14 09:02:36 UTC] ⏳ Waiting 20 minutes until next cycle...
[2026-03-14 09:02:36 UTC]    Next run at: 09:22:36 UTC
[2026-03-14 09:22:45 UTC] ─── CYCLE #42 START ───
[2026-03-14 09:23:18 UTC] ✓ CYCLE #42 COMPLETED SUCCESSFULLY
[2026-03-14 09:23:18 UTC] ⏳ Waiting 20 minutes until next cycle...
[2026-03-14 09:23:18 UTC]    Next run at: 09:43:18 UTC
[2026-03-14 09:43:27 UTC] ─── CYCLE #43 START ───
[2026-03-14 09:43:57 UTC] ✓ CYCLE #43 COMPLETED SUCCESSFULLY
[2026-03-14 09:43:57 UTC] ⏳ Waiting 20 minutes until next cycle...
[2026-03-14 09:43:57 UTC]    Next run at: 10:03:57 UTC
[2026-03-14 10:04:06 UTC] ─── CYCLE #44 START ───
[2026-03-14 10:04:53 UTC] ✓ CYCLE #44 COMPLETED SUCCESSFULLY
[2026-03-14 10:04:53 UTC] ⏳ Waiting 20 minutes until next cycle...
[2026-03-14 10:04:53 UTC]    Next run at: 10:24:53 UTC
[2026-03-14 10:25:02 UTC] ─── CYCLE #45 START ───
[2026-03-14 10:25:51 UTC] ✓ CYCLE #45 COMPLETED SUCCESSFULLY
[2026-03-14 10:25:51 UTC] ⏳ Waiting 20 minutes until next cycle...
[2026-03-14 10:25:51 UTC]    Next run at: 10:45:51 UTC
[2026-03-14 10:46:00 UTC] ─── CYCLE #46 START ───
[2026-03-14 10:46:29 UTC] ✓ CYCLE #46 COMPLETED SUCCESSFULLY
[2026-03-14 10:46:29 UTC] ⏳ Waiting 20 minutes until next cycle...
[2026-03-14 10:46:29 UTC]    Next run at: 11:06:29 UTC
[2026-03-14 11:06:38 UTC] ─── CYCLE #47 START ───
[2026-03-14 11:07:18 UTC] ✓ CYCLE #47 COMPLETED SUCCESSFULLY
[2026-03-14 11:07:18 UTC] ⏳ Waiting 20 minutes until next cycle...
[2026-03-14 11:07:18 UTC]    Next run at: 11:27:18 UTC
[2026-03-14 11:27:27 UTC] ─── CYCLE #48 START ───
[2026-03-14 11:28:04 UTC] ✓ CYCLE #48 COMPLETED SUCCESSFULLY
[2026-03-14 11:28:04 UTC] ⏳ Waiting 20 minutes until next cycle...
[2026-03-14 11:28:04 UTC]    Next run at: 11:48:04 UTC
[2026-03-14 11:48:13 UTC] ─── CYCLE #49 START ───
[2026-03-14 11:48:55 UTC] ✓ CYCLE #49 COMPLETED SUCCESSFULLY
[2026-03-14 11:48:55 UTC] ⏳ Waiting 20 minutes until next cycle...
[2026-03-14 11:48:55 UTC]    Next run at: 12:08:55 UTC
[2026-03-14 12:09:04 UTC] ─── CYCLE #50 START ───
[2026-03-14 12:09:35 UTC] ✓ CYCLE #50 COMPLETED SUCCESSFULLY
[2026-03-14 12:09:35 UTC] ⏳ Waiting 20 minutes until next cycle...
[2026-03-14 12:09:35 UTC]    Next run at: 12:29:35 UTC
[2026-03-14 12:29:44 UTC] ─── CYCLE #51 START ───
[2026-03-14 12:30:41 UTC] ✓ CYCLE #51 COMPLETED SUCCESSFULLY
[2026-03-14 12:30:41 UTC] ⏳ Waiting 20 minutes until next cycle...
[2026-03-14 12:30:41 UTC]    Next run at: 12:50:41 UTC
[2026-03-14 12:50:50 UTC] ─── CYCLE #52 START ───
[2026-03-14 12:51:19 UTC] ✓ CYCLE #52 COMPLETED SUCCESSFULLY
[2026-03-14 12:51:19 UTC] ⏳ Waiting 20 minutes until next cycle...
[2026-03-14 12:51:19 UTC]    Next run at: 13:11:19 UTC
[2026-03-14 13:11:28 UTC] ─── CYCLE #53 START ───
[2026-03-14 13:12:46 UTC] ✓ CYCLE #53 COMPLETED SUCCESSFULLY
[2026-03-14 13:12:46 UTC] ⏳ Waiting 20 minutes until next cycle...
[2026-03-14 13:12:46 UTC]    Next run at: 13:32:46 UTC
[2026-03-14 13:32:55 UTC] ─── CYCLE #54 START ───
[2026-03-14 13:33:39 UTC] ✓ CYCLE #54 COMPLETED SUCCESSFULLY
[2026-03-14 13:33:39 UTC] ⏳ Waiting 20 minutes until next cycle...
[2026-03-14 13:33:39 UTC]    Next run at: 13:53:39 UTC
[2026-03-14 13:53:48 UTC] ─── CYCLE #55 START ───
[2026-03-14 13:54:22 UTC] ✓ CYCLE #55 COMPLETED SUCCESSFULLY
[2026-03-14 13:54:22 UTC] ⏳ Waiting 20 minutes until next cycle...
[2026-03-14 13:54:22 UTC]    Next run at: 14:14:22 UTC
[2026-03-14 14:14:28 UTC] ─── CYCLE #56 START ───
[2026-03-14 14:15:07 UTC] ✓ CYCLE #56 COMPLETED SUCCESSFULLY
[2026-03-14 14:15:07 UTC] ⏳ Waiting 20 minutes until next cycle...
[2026-03-14 14:15:07 UTC]    Next run at: 14:35:07 UTC
[2026-03-14 14:35:14 UTC] ─── CYCLE #57 START ───
[2026-03-14 14:35:48 UTC] ✓ CYCLE #57 COMPLETED SUCCESSFULLY
[2026-03-14 14:35:48 UTC] ⏳ Waiting 20 minutes until next cycle...
[2026-03-14 14:35:48 UTC]    Next run at: 14:55:48 UTC
[2026-03-14 14:55:53 UTC] ─── CYCLE #58 START ───
[2026-03-14 14:56:23 UTC] ✓ CYCLE #58 COMPLETED SUCCESSFULLY
[2026-03-14 14:56:23 UTC] ⏳ Waiting 20 minutes until next cycle...
[2026-03-14 14:56:23 UTC]    Next run at: 15:16:23 UTC
[2026-03-14 15:16:28 UTC] ─── CYCLE #59 START ───
[2026-03-14 15:17:04 UTC] ✓ CYCLE #59 COMPLETED SUCCESSFULLY
[2026-03-14 15:17:04 UTC] ⏳ Waiting 20 minutes until next cycle...
[2026-03-14 15:17:04 UTC]    Next run at: 15:37:04 UTC
[2026-03-14 15:37:08 UTC] ─── CYCLE #60 START ───
[2026-03-14 15:37:42 UTC] ✓ CYCLE #60 COMPLETED SUCCESSFULLY
[2026-03-14 15:37:42 UTC] ⏳ Waiting 20 minutes until next cycle...
[2026-03-14 15:37:42 UTC]    Next run at: 15:57:42 UTC
[2026-03-14 15:57:47 UTC] ─── CYCLE #61 START ───
[2026-03-14 15:58:17 UTC] ✓ CYCLE #61 COMPLETED SUCCESSFULLY
[2026-03-14 15:58:17 UTC] ⏳ Waiting 20 minutes until next cycle...
[2026-03-14 15:58:17 UTC]    Next run at: 16:18:17 UTC
[2026-03-14 16:18:22 UTC] ─── CYCLE #62 START ───
[2026-03-14 16:19:11 UTC] ✓ CYCLE #62 COMPLETED SUCCESSFULLY
[2026-03-14 16:19:11 UTC] ⏳ Waiting 20 minutes until next cycle...
[2026-03-14 16:19:11 UTC]    Next run at: 16:39:11 UTC
[2026-03-14 16:39:16 UTC] ─── CYCLE #63 START ───
[2026-03-14 16:39:58 UTC] ✓ CYCLE #63 COMPLETED SUCCESSFULLY
[2026-03-14 16:39:58 UTC] ⏳ Waiting 20 minutes until next cycle...
[2026-03-14 16:39:58 UTC]    Next run at: 16:59:58 UTC
[2026-03-14 17:00:05 UTC] ─── CYCLE #64 START ───
[2026-03-14 17:00:54 UTC] ✓ CYCLE #64 COMPLETED SUCCESSFULLY
[2026-03-14 17:00:54 UTC] ⏳ Waiting 20 minutes until next cycle...
[2026-03-14 17:00:54 UTC]    Next run at: 17:20:54 UTC
[2026-03-14 17:20:58 UTC] ─── CYCLE #65 START ───
[2026-03-14 17:21:34 UTC] ✓ CYCLE #65 COMPLETED SUCCESSFULLY
[2026-03-14 17:21:34 UTC] ⏳ Waiting 20 minutes until next cycle...
[2026-03-14 17:21:34 UTC]    Next run at: 17:41:34 UTC
[2026-03-14 17:41:40 UTC] ─── CYCLE #66 START ───
[2026-03-14 17:42:29 UTC] ✓ CYCLE #66 COMPLETED SUCCESSFULLY
[2026-03-14 17:42:29 UTC] ⏳ Waiting 20 minutes until next cycle...
[2026-03-14 17:42:29 UTC]    Next run at: 18:02:29 UTC
[2026-03-14 18:02:38 UTC] ─── CYCLE #67 START ───
[2026-03-14 18:03:09 UTC] ✓ CYCLE #67 COMPLETED SUCCESSFULLY
[2026-03-14 18:03:09 UTC] ⏳ Waiting 20 minutes until next cycle...
[2026-03-14 18:03:09 UTC]    Next run at: 18:23:09 UTC
[2026-03-14 18:23:18 UTC] ─── CYCLE #68 START ───
[2026-03-14 18:23:49 UTC] ✓ CYCLE #68 COMPLETED SUCCESSFULLY
[2026-03-14 18:23:49 UTC] ⏳ Waiting 20 minutes until next cycle...
[2026-03-14 18:23:49 UTC]    Next run at: 18:43:49 UTC
[2026-03-14 18:43:58 UTC] ─── CYCLE #69 START ───
[2026-03-14 18:45:32 UTC] ✓ CYCLE #69 COMPLETED SUCCESSFULLY
[2026-03-14 18:45:32 UTC] ⏳ Waiting 20 minutes until next cycle...
[2026-03-14 18:45:32 UTC]    Next run at: 19:05:32 UTC
[2026-03-14 19:05:41 UTC] ─── CYCLE #70 START ───
[2026-03-14 19:06:28 UTC] ✓ CYCLE #70 COMPLETED SUCCESSFULLY
[2026-03-14 19:06:28 UTC] ⏳ Waiting 20 minutes until next cycle...
[2026-03-14 19:06:28 UTC]    Next run at: 19:26:28 UTC
[2026-03-14 19:26:37 UTC] ─── CYCLE #71 START ───
[2026-03-14 19:27:06 UTC] ✓ CYCLE #71 COMPLETED SUCCESSFULLY
[2026-03-14 19:27:06 UTC] ⏳ Waiting 20 minutes until next cycle...
[2026-03-14 19:27:06 UTC]    Next run at: 19:47:06 UTC
[2026-03-14 19:47:15 UTC] ─── CYCLE #72 START ───
[2026-03-14 19:47:50 UTC] ✓ CYCLE #72 COMPLETED SUCCESSFULLY
[2026-03-14 19:47:50 UTC] ⏳ Waiting 20 minutes until next cycle...
[2026-03-14 19:47:50 UTC]    Next run at: 20:07:50 UTC
[2026-03-14 20:07:59 UTC] ─── CYCLE #73 START ───
[2026-03-14 20:08:37 UTC] ✓ CYCLE #73 COMPLETED SUCCESSFULLY
[2026-03-14 20:08:37 UTC] ⏳ Waiting 20 minutes until next cycle...
[2026-03-14 20:08:37 UTC]    Next run at: 20:28:37 UTC
[2026-03-14 20:28:46 UTC] ─── CYCLE #74 START ───
[2026-03-14 20:29:24 UTC] ✓ CYCLE #74 COMPLETED SUCCESSFULLY
[2026-03-14 20:29:24 UTC] ⏳ Waiting 20 minutes until next cycle...
[2026-03-14 20:29:24 UTC]    Next run at: 20:49:24 UTC
[2026-03-14 20:49:33 UTC] ─── CYCLE #75 START ───
[2026-03-14 20:50:04 UTC] ✓ CYCLE #75 COMPLETED SUCCESSFULLY
[2026-03-14 20:50:04 UTC] ⏳ Waiting 20 minutes until next cycle...
[2026-03-14 20:50:04 UTC]    Next run at: 21:10:04 UTC
[2026-03-14 21:10:13 UTC] ─── CYCLE #76 START ───
[2026-03-14 21:10:55 UTC] ✓ CYCLE #76 COMPLETED SUCCESSFULLY
[2026-03-14 21:10:55 UTC] ⏳ Waiting 20 minutes until next cycle...
[2026-03-14 21:10:55 UTC]    Next run at: 21:30:55 UTC
[2026-03-14 21:31:04 UTC] ─── CYCLE #77 START ───
[2026-03-14 21:31:41 UTC] ✓ CYCLE #77 COMPLETED SUCCESSFULLY
[2026-03-14 21:31:41 UTC] ⏳ Waiting 20 minutes until next cycle...
[2026-03-14 21:31:41 UTC]    Next run at: 21:51:41 UTC
[2026-03-14 21:51:50 UTC] ─── CYCLE #78 START ───
[2026-03-14 21:52:26 UTC] ✓ CYCLE #78 COMPLETED SUCCESSFULLY
[2026-03-14 21:52:26 UTC] ⏳ Waiting 20 minutes until next cycle...
[2026-03-14 21:52:26 UTC]    Next run at: 22:12:26 UTC
[2026-03-14 22:12:35 UTC] ─── CYCLE #79 START ───
[2026-03-14 22:13:08 UTC] ✓ CYCLE #79 COMPLETED SUCCESSFULLY
[2026-03-14 22:13:08 UTC] ⏳ Waiting 20 minutes until next cycle...
[2026-03-14 22:13:08 UTC]    Next run at: 22:33:08 UTC
[2026-03-14 22:33:17 UTC] ─── CYCLE #80 START ───
[2026-03-14 22:33:56 UTC] ✓ CYCLE #80 COMPLETED SUCCESSFULLY
[2026-03-14 22:33:56 UTC] ⏳ Waiting 20 minutes until next cycle...
[2026-03-14 22:33:56 UTC]    Next run at: 22:53:56 UTC
[2026-03-14 22:54:04 UTC] ─── CYCLE #81 START ───
[2026-03-14 22:54:37 UTC] ✓ CYCLE #81 COMPLETED SUCCESSFULLY
[2026-03-14 22:54:37 UTC] ⏳ Waiting 20 minutes until next cycle...
[2026-03-14 22:54:37 UTC]    Next run at: 23:14:37 UTC
[2026-03-14 23:14:46 UTC] ─── CYCLE #82 START ───
[2026-03-14 23:15:20 UTC] ✓ CYCLE #82 COMPLETED SUCCESSFULLY
[2026-03-14 23:15:20 UTC] ⏳ Waiting 20 minutes until next cycle...
[2026-03-14 23:15:20 UTC]    Next run at: 23:35:20 UTC
[2026-03-14 23:35:29 UTC] ─── CYCLE #83 START ───
[2026-03-14 23:36:06 UTC] ✓ CYCLE #83 COMPLETED SUCCESSFULLY
[2026-03-14 23:36:06 UTC] ⏳ Waiting 20 minutes until next cycle...
[2026-03-14 23:36:06 UTC]    Next run at: 23:56:06 UTC
[2026-03-14 23:56:15 UTC] ─── CYCLE #84 START ───
[2026-03-14 23:56:56 UTC] ✓ CYCLE #84 COMPLETED SUCCESSFULLY
[2026-03-14 23:56:56 UTC] ⏳ Waiting 20 minutes until next cycle...
[2026-03-14 23:56:56 UTC]    Next run at: 00:16:56 UTC
[2026-03-15 00:17:05 UTC] ─── CYCLE #85 START ───
[2026-03-15 00:17:50 UTC] ✓ CYCLE #85 COMPLETED SUCCESSFULLY
[2026-03-15 00:17:50 UTC] ⏳ Waiting 20 minutes until next cycle...
[2026-03-15 00:17:50 UTC]    Next run at: 00:37:50 UTC
[2026-03-15 00:38:00 UTC] ─── CYCLE #86 START ───
[2026-03-15 00:38:37 UTC] ✓ CYCLE #86 COMPLETED SUCCESSFULLY
[2026-03-15 00:38:37 UTC] ⏳ Waiting 20 minutes until next cycle...
[2026-03-15 00:38:37 UTC]    Next run at: 00:58:37 UTC
[2026-03-15 00:58:46 UTC] ─── CYCLE #87 START ───
[2026-03-15 00:59:23 UTC] ✓ CYCLE #87 COMPLETED SUCCESSFULLY
[2026-03-15 00:59:23 UTC] ⏳ Waiting 20 minutes until next cycle...
[2026-03-15 00:59:23 UTC]    Next run at: 01:19:23 UTC
[2026-03-15 01:19:32 UTC] ─── CYCLE #88 START ───
[2026-03-15 01:20:09 UTC] ✓ CYCLE #88 COMPLETED SUCCESSFULLY
[2026-03-15 01:20:09 UTC] ⏳ Waiting 20 minutes until next cycle...
[2026-03-15 01:20:09 UTC]    Next run at: 01:40:09 UTC
[2026-03-15 01:40:18 UTC] ─── CYCLE #89 START ───
[2026-03-15 01:40:48 UTC] ✓ CYCLE #89 COMPLETED SUCCESSFULLY
[2026-03-15 01:40:48 UTC] ⏳ Waiting 20 minutes until next cycle...
[2026-03-15 01:40:48 UTC]    Next run at: 02:00:48 UTC
[2026-03-15 02:00:57 UTC] ─── CYCLE #90 START ───
[2026-03-15 02:01:52 UTC] ✓ CYCLE #90 COMPLETED SUCCESSFULLY
[2026-03-15 02:01:52 UTC] ⏳ Waiting 20 minutes until next cycle...
[2026-03-15 02:01:52 UTC]    Next run at: 02:21:52 UTC
[2026-03-15 02:21:58 UTC] ─── CYCLE #91 START ───
[2026-03-15 02:22:39 UTC] ✓ CYCLE #91 COMPLETED SUCCESSFULLY
[2026-03-15 02:22:39 UTC] ⏳ Waiting 20 minutes until next cycle...
[2026-03-15 02:22:39 UTC]    Next run at: 02:42:39 UTC
[2026-03-15 02:42:44 UTC] ─── CYCLE #92 START ───
[2026-03-15 02:43:14 UTC] ✓ CYCLE #92 COMPLETED SUCCESSFULLY
[2026-03-15 02:43:14 UTC] ⏳ Waiting 20 minutes until next cycle...
[2026-03-15 02:43:14 UTC]    Next run at: 03:03:14 UTC
[2026-03-15 03:03:18 UTC] ─── CYCLE #93 START ───
[2026-03-15 03:04:08 UTC] ✓ CYCLE #93 COMPLETED SUCCESSFULLY
[2026-03-15 03:04:08 UTC] ⏳ Waiting 20 minutes until next cycle...
[2026-03-15 03:04:08 UTC]    Next run at: 03:24:08 UTC
[2026-03-15 03:24:14 UTC] ─── CYCLE #94 START ───
[2026-03-15 03:25:04 UTC] ✓ CYCLE #94 COMPLETED SUCCESSFULLY
[2026-03-15 03:25:04 UTC] ⏳ Waiting 20 minutes until next cycle...
[2026-03-15 03:25:04 UTC]    Next run at: 03:45:04 UTC
[2026-03-15 03:45:12 UTC] ─── CYCLE #95 START ───
[2026-03-15 03:45:53 UTC] ✓ CYCLE #95 COMPLETED SUCCESSFULLY
[2026-03-15 03:45:53 UTC] ⏳ Waiting 20 minutes until next cycle...
[2026-03-15 03:45:53 UTC]    Next run at: 04:05:53 UTC
[2026-03-15 04:05:59 UTC] ─── CYCLE #96 START ───
[2026-03-15 04:06:50 UTC] ✓ CYCLE #96 COMPLETED SUCCESSFULLY
[2026-03-15 04:06:50 UTC] ⏳ Waiting 20 minutes until next cycle...
[2026-03-15 04:06:50 UTC]    Next run at: 04:26:50 UTC
[2026-03-15 04:26:54 UTC] ─── CYCLE #97 START ───
[2026-03-15 04:27:29 UTC] ✓ CYCLE #97 COMPLETED SUCCESSFULLY
[2026-03-15 04:27:29 UTC] ⏳ Waiting 20 minutes until next cycle...
[2026-03-15 04:27:29 UTC]    Next run at: 04:47:29 UTC
[2026-03-15 04:47:33 UTC] ─── CYCLE #98 START ───
[2026-03-15 04:48:30 UTC] ✓ CYCLE #98 COMPLETED SUCCESSFULLY
[2026-03-15 04:48:30 UTC] ⏳ Waiting 20 minutes until next cycle...
[2026-03-15 04:48:30 UTC]    Next run at: 05:08:30 UTC
[2026-03-15 05:08:34 UTC] ─── CYCLE #99 START ───
[2026-03-15 05:09:11 UTC] ✓ CYCLE #99 COMPLETED SUCCESSFULLY
[2026-03-15 05:09:11 UTC] ⏳ Waiting 20 minutes until next cycle...
[2026-03-15 05:09:11 UTC]    Next run at: 05:29:11 UTC
[2026-03-15 05:29:15 UTC] ─── CYCLE #100 START ───
[2026-03-15 05:30:07 UTC] ✓ CYCLE #100 COMPLETED SUCCESSFULLY
[2026-03-15 05:30:07 UTC] ⏳ Waiting 20 minutes until next cycle...
[2026-03-15 05:30:07 UTC]    Next run at: 05:50:07 UTC
[2026-03-15 21:18:08 UTC] ═══ BATMAN FLOW ENGINE LOOP STARTED ═══
[2026-03-15 21:18:08 UTC] Interval: 20 minutes
[2026-03-15 21:18:08 UTC] Log file: /Users/erickposselt/Projects/batcave/batman_flow_engine/storage/logs/loop.log
[2026-03-15 21:18:08 UTC] Press Ctrl+C to stop gracefully
[2026-03-15 21:18:08 UTC] ─── CYCLE #1 START ───
[2026-03-15 21:18:29 UTC] ═══ BATMAN FLOW ENGINE LOOP STARTED ═══
[2026-03-15 21:18:29 UTC] Interval: 20 minutes
[2026-03-15 21:18:29 UTC] Log file: /Users/erickposselt/Projects/batcave/batman_flow_engine/storage/logs/loop.log
[2026-03-15 21:18:29 UTC] Press Ctrl+C to stop gracefully
[2026-03-15 21:18:29 UTC] ─── CYCLE #1 START ───
[2026-03-15 21:18:29 UTC] ⚠ CYCLE #1 SKIPPED (engine lock already present)
[2026-03-15 21:18:29 UTC] ⏳ Waiting 20 minutes until next cycle...
[2026-03-15 21:18:29 UTC]    Next run at: 21:38:29 UTC
[2026-03-15 21:18:43 UTC] ✓ CYCLE #1 COMPLETED SUCCESSFULLY
[2026-03-15 21:18:43 UTC] ═══ LOOP STOPPED GRACEFULLY ═══
[2026-03-15 21:18:43 UTC] Total cycles completed: 1
[2026-03-15 21:38:33 UTC] ─── CYCLE #2 START ───
[2026-03-15 21:39:06 UTC] ✓ CYCLE #2 COMPLETED SUCCESSFULLY
[2026-03-15 21:39:06 UTC] ⏳ Waiting 20 minutes until next cycle...
[2026-03-15 21:39:06 UTC]    Next run at: 21:59:06 UTC
[2026-03-15 21:59:10 UTC] ─── CYCLE #3 START ───
[2026-03-15 21:59:43 UTC] ✓ CYCLE #3 COMPLETED SUCCESSFULLY
[2026-03-15 21:59:43 UTC] ⏳ Waiting 20 minutes until next cycle...
[2026-03-15 21:59:43 UTC]    Next run at: 22:19:43 UTC
[2026-03-15 22:19:47 UTC] ─── CYCLE #4 START ───
[2026-03-15 22:20:37 UTC] ✓ CYCLE #4 COMPLETED SUCCESSFULLY
[2026-03-15 22:20:37 UTC] ⏳ Waiting 20 minutes until next cycle...
[2026-03-15 22:20:37 UTC]    Next run at: 22:40:37 UTC
[2026-03-15 22:40:41 UTC] ─── CYCLE #5 START ───
[2026-03-15 22:41:25 UTC] ✓ CYCLE #5 COMPLETED SUCCESSFULLY
[2026-03-15 22:41:25 UTC] ⏳ Waiting 20 minutes until next cycle...
[2026-03-15 22:41:25 UTC]    Next run at: 23:01:25 UTC
[2026-03-15 23:01:30 UTC] ─── CYCLE #6 START ───
[2026-03-15 23:02:35 UTC] ✓ CYCLE #6 COMPLETED SUCCESSFULLY
[2026-03-15 23:02:35 UTC] ⏳ Waiting 20 minutes until next cycle...
[2026-03-15 23:02:35 UTC]    Next run at: 23:22:35 UTC
[2026-03-15 23:22:40 UTC] ─── CYCLE #7 START ───
[2026-03-15 23:23:07 UTC] ✓ CYCLE #7 COMPLETED SUCCESSFULLY
[2026-03-15 23:23:07 UTC] ⏳ Waiting 20 minutes until next cycle...
[2026-03-15 23:23:07 UTC]    Next run at: 23:43:07 UTC
[2026-03-15 23:43:12 UTC] ─── CYCLE #8 START ───
[2026-03-15 23:43:51 UTC] ✓ CYCLE #8 COMPLETED SUCCESSFULLY
[2026-03-15 23:43:51 UTC] ⏳ Waiting 20 minutes until next cycle...
[2026-03-15 23:43:51 UTC]    Next run at: 00:03:51 UTC
[2026-03-16 00:03:56 UTC] ─── CYCLE #9 START ───
[2026-03-16 00:04:30 UTC] ✓ CYCLE #9 COMPLETED SUCCESSFULLY
[2026-03-16 00:04:30 UTC] ⏳ Waiting 20 minutes until next cycle...
[2026-03-16 00:04:30 UTC]    Next run at: 00:24:30 UTC
[2026-03-16 00:24:35 UTC] ─── CYCLE #10 START ───
[2026-03-16 00:25:06 UTC] ✓ CYCLE #10 COMPLETED SUCCESSFULLY
[2026-03-16 00:25:06 UTC] ⏳ Waiting 20 minutes until next cycle...
[2026-03-16 00:25:06 UTC]    Next run at: 00:45:06 UTC
[2026-03-16 00:45:11 UTC] ─── CYCLE #11 START ───
[2026-03-16 00:45:47 UTC] ✓ CYCLE #11 COMPLETED SUCCESSFULLY
[2026-03-16 00:45:47 UTC] ⏳ Waiting 20 minutes until next cycle...
[2026-03-16 00:45:47 UTC]    Next run at: 01:05:47 UTC
[2026-03-16 01:05:52 UTC] ─── CYCLE #12 START ───
[2026-03-16 01:06:33 UTC] ✓ CYCLE #12 COMPLETED SUCCESSFULLY
[2026-03-16 01:06:33 UTC] ⏳ Waiting 20 minutes until next cycle...
[2026-03-16 01:06:33 UTC]    Next run at: 01:26:33 UTC
[2026-03-16 01:26:42 UTC] ─── CYCLE #13 START ───
[2026-03-16 01:27:32 UTC] ✓ CYCLE #13 COMPLETED SUCCESSFULLY
[2026-03-16 01:27:32 UTC] ⏳ Waiting 20 minutes until next cycle...
[2026-03-16 01:27:32 UTC]    Next run at: 01:47:32 UTC
[2026-03-16 01:47:41 UTC] ─── CYCLE #14 START ───
[2026-03-16 01:48:10 UTC] ✓ CYCLE #14 COMPLETED SUCCESSFULLY
[2026-03-16 01:48:10 UTC] ⏳ Waiting 20 minutes until next cycle...
[2026-03-16 01:48:10 UTC]    Next run at: 02:08:10 UTC
[2026-03-16 02:08:19 UTC] ─── CYCLE #15 START ───
[2026-03-16 02:08:53 UTC] ✓ CYCLE #15 COMPLETED SUCCESSFULLY
[2026-03-16 02:08:53 UTC] ⏳ Waiting 20 minutes until next cycle...
[2026-03-16 02:08:53 UTC]    Next run at: 02:28:53 UTC
[2026-03-16 02:29:02 UTC] ─── CYCLE #16 START ───
[2026-03-16 02:29:33 UTC] ✓ CYCLE #16 COMPLETED SUCCESSFULLY
[2026-03-16 02:29:33 UTC] ⏳ Waiting 20 minutes until next cycle...
[2026-03-16 02:29:33 UTC]    Next run at: 02:49:33 UTC
[2026-03-16 02:49:42 UTC] ─── CYCLE #17 START ───
[2026-03-16 02:50:35 UTC] ✓ CYCLE #17 COMPLETED SUCCESSFULLY
[2026-03-16 02:50:35 UTC] ⏳ Waiting 20 minutes until next cycle...
[2026-03-16 02:50:35 UTC]    Next run at: 03:10:35 UTC
[2026-03-16 03:10:44 UTC] ─── CYCLE #18 START ───
[2026-03-16 03:11:22 UTC] ✓ CYCLE #18 COMPLETED SUCCESSFULLY
[2026-03-16 03:11:22 UTC] ⏳ Waiting 20 minutes until next cycle...
[2026-03-16 03:11:22 UTC]    Next run at: 03:31:22 UTC
[2026-03-16 03:31:31 UTC] ─── CYCLE #19 START ───
[2026-03-16 03:32:08 UTC] ✓ CYCLE #19 COMPLETED SUCCESSFULLY
[2026-03-16 03:32:08 UTC] ⏳ Waiting 20 minutes until next cycle...
[2026-03-16 03:32:08 UTC]    Next run at: 03:52:08 UTC
[2026-03-16 03:52:17 UTC] ─── CYCLE #20 START ───
[2026-03-16 03:52:53 UTC] ✓ CYCLE #20 COMPLETED SUCCESSFULLY
[2026-03-16 03:52:53 UTC] ⏳ Waiting 20 minutes until next cycle...
[2026-03-16 03:52:53 UTC]    Next run at: 04:12:53 UTC
[2026-03-16 04:13:02 UTC] ─── CYCLE #21 START ───
[2026-03-16 04:13:28 UTC] ✓ CYCLE #21 COMPLETED SUCCESSFULLY
[2026-03-16 04:13:28 UTC] ⏳ Waiting 20 minutes until next cycle...
[2026-03-16 04:13:28 UTC]    Next run at: 04:33:28 UTC
[2026-03-17 20:34:00 UTC] ═══ BATMAN FLOW ENGINE LOOP STARTED ═══
[2026-03-17 20:34:00 UTC] Interval: 20 minutes
[2026-03-17 20:34:00 UTC] Log file: /Users/erickposselt/Projects/batcave/batman_flow_engine/storage/logs/loop.log
[2026-03-17 20:34:00 UTC] Press Ctrl+C to stop gracefully
[2026-03-17 20:34:00 UTC] ─── CYCLE #1 START ───
[2026-03-17 20:34:41 UTC] ✓ CYCLE #1 COMPLETED SUCCESSFULLY
[2026-03-17 20:34:41 UTC] ⏳ Waiting 20 minutes until next cycle...
[2026-03-17 20:34:41 UTC]    Next run at: 20:54:41 UTC
[2026-03-17 20:54:46 UTC] ─── CYCLE #2 START ───
[2026-03-17 20:55:34 UTC] ✓ CYCLE #2 COMPLETED SUCCESSFULLY
[2026-03-17 20:55:34 UTC] ⏳ Waiting 20 minutes until next cycle...
[2026-03-17 20:55:34 UTC]    Next run at: 21:15:34 UTC
[2026-03-17 21:15:39 UTC] ─── CYCLE #3 START ───
[2026-03-17 21:16:33 UTC] ✓ CYCLE #3 COMPLETED SUCCESSFULLY
[2026-03-17 21:16:33 UTC] ⏳ Waiting 20 minutes until next cycle...
[2026-03-17 21:16:33 UTC]    Next run at: 21:36:33 UTC
[2026-03-17 21:36:38 UTC] ─── CYCLE #4 START ───
[2026-03-17 21:37:43 UTC] ✓ CYCLE #4 COMPLETED SUCCESSFULLY
[2026-03-17 21:37:43 UTC] ⏳ Waiting 20 minutes until next cycle...
[2026-03-17 21:37:43 UTC]    Next run at: 21:57:43 UTC
[2026-03-17 21:57:49 UTC] ─── CYCLE #5 START ───
[2026-03-17 21:59:06 UTC] ✓ CYCLE #5 COMPLETED SUCCESSFULLY
[2026-03-17 21:59:06 UTC] ⏳ Waiting 20 minutes until next cycle...
[2026-03-17 21:59:06 UTC]    Next run at: 22:19:06 UTC
[2026-03-17 22:19:15 UTC] ─── CYCLE #6 START ───
[2026-03-17 22:20:16 UTC] ✓ CYCLE #6 COMPLETED SUCCESSFULLY
[2026-03-17 22:20:16 UTC] ⏳ Waiting 20 minutes until next cycle...
[2026-03-17 22:20:16 UTC]    Next run at: 22:40:16 UTC
[2026-03-17 22:40:21 UTC] ─── CYCLE #7 START ───
[2026-03-17 22:41:35 UTC] ✓ CYCLE #7 COMPLETED SUCCESSFULLY
[2026-03-17 22:41:35 UTC] ⏳ Waiting 20 minutes until next cycle...
[2026-03-17 22:41:35 UTC]    Next run at: 23:01:35 UTC
[2026-03-17 23:01:44 UTC] ─── CYCLE #8 START ───
[2026-03-17 23:02:44 UTC] ✓ CYCLE #8 COMPLETED SUCCESSFULLY
[2026-03-17 23:02:44 UTC] ⏳ Waiting 20 minutes until next cycle...
[2026-03-17 23:02:44 UTC]    Next run at: 23:22:44 UTC
[2026-03-17 23:22:54 UTC] ─── CYCLE #9 START ───
[2026-03-17 23:23:51 UTC] ✓ CYCLE #9 COMPLETED SUCCESSFULLY
[2026-03-17 23:23:51 UTC] ⏳ Waiting 20 minutes until next cycle...
[2026-03-17 23:23:51 UTC]    Next run at: 23:43:51 UTC
[2026-03-17 23:44:00 UTC] ─── CYCLE #10 START ───
[2026-03-17 23:44:34 UTC] ✓ CYCLE #10 COMPLETED SUCCESSFULLY
[2026-03-17 23:44:34 UTC] ⏳ Waiting 20 minutes until next cycle...
[2026-03-17 23:44:34 UTC]    Next run at: 00:04:34 UTC
[2026-03-18 00:04:43 UTC] ─── CYCLE #11 START ───
[2026-03-18 00:05:40 UTC] ✓ CYCLE #11 COMPLETED SUCCESSFULLY
[2026-03-18 00:05:40 UTC] ⏳ Waiting 20 minutes until next cycle...
[2026-03-18 00:05:40 UTC]    Next run at: 00:25:40 UTC
[2026-03-18 00:25:48 UTC] ─── CYCLE #12 START ───
[2026-03-18 00:26:33 UTC] ✓ CYCLE #12 COMPLETED SUCCESSFULLY
[2026-03-18 00:26:33 UTC] ⏳ Waiting 20 minutes until next cycle...
[2026-03-18 00:26:33 UTC]    Next run at: 00:46:33 UTC
[2026-03-18 00:46:41 UTC] ─── CYCLE #13 START ───
[2026-03-18 00:47:14 UTC] ✓ CYCLE #13 COMPLETED SUCCESSFULLY
[2026-03-18 00:47:14 UTC] ⏳ Waiting 20 minutes until next cycle...
[2026-03-18 00:47:14 UTC]    Next run at: 01:07:14 UTC
[2026-03-18 01:07:23 UTC] ─── CYCLE #14 START ───
[2026-03-18 01:07:55 UTC] ✓ CYCLE #14 COMPLETED SUCCESSFULLY
[2026-03-18 01:07:55 UTC] ⏳ Waiting 20 minutes until next cycle...
[2026-03-18 01:07:55 UTC]    Next run at: 01:27:55 UTC
[2026-03-18 01:28:03 UTC] ─── CYCLE #15 START ───
[2026-03-18 01:28:48 UTC] ✓ CYCLE #15 COMPLETED SUCCESSFULLY
[2026-03-18 01:28:48 UTC] ⏳ Waiting 20 minutes until next cycle...
[2026-03-18 01:28:48 UTC]    Next run at: 01:48:48 UTC
[2026-03-18 01:48:57 UTC] ─── CYCLE #16 START ───
[2026-03-18 01:50:52 UTC] ✓ CYCLE #16 COMPLETED SUCCESSFULLY
[2026-03-18 01:50:52 UTC] ⏳ Waiting 20 minutes until next cycle...
[2026-03-18 01:50:52 UTC]    Next run at: 02:10:52 UTC
[2026-03-18 02:10:59 UTC] ─── CYCLE #17 START ───
[2026-03-18 02:11:51 UTC] ✓ CYCLE #17 COMPLETED SUCCESSFULLY
[2026-03-18 02:11:51 UTC] ⏳ Waiting 20 minutes until next cycle...
[2026-03-18 02:11:51 UTC]    Next run at: 02:31:51 UTC
[2026-03-18 02:31:59 UTC] ─── CYCLE #18 START ───
[2026-03-18 02:32:32 UTC] ✓ CYCLE #18 COMPLETED SUCCESSFULLY
[2026-03-18 02:32:32 UTC] ⏳ Waiting 20 minutes until next cycle...
[2026-03-18 02:32:32 UTC]    Next run at: 02:52:32 UTC
[2026-03-18 02:52:41 UTC] ─── CYCLE #19 START ───
[2026-03-18 02:53:10 UTC] ✓ CYCLE #19 COMPLETED SUCCESSFULLY
[2026-03-18 02:53:10 UTC] ⏳ Waiting 20 minutes until next cycle...
[2026-03-18 02:53:10 UTC]    Next run at: 03:13:10 UTC
[2026-03-18 03:13:18 UTC] ─── CYCLE #20 START ───
[2026-03-18 03:14:03 UTC] ✓ CYCLE #20 COMPLETED SUCCESSFULLY
[2026-03-18 03:14:03 UTC] ⏳ Waiting 20 minutes until next cycle...
[2026-03-18 03:14:03 UTC]    Next run at: 03:34:03 UTC
[2026-03-18 03:34:11 UTC] ─── CYCLE #21 START ───
[2026-03-18 03:34:43 UTC] ✓ CYCLE #21 COMPLETED SUCCESSFULLY
[2026-03-18 03:34:43 UTC] ⏳ Waiting 20 minutes until next cycle...
[2026-03-18 03:34:43 UTC]    Next run at: 03:54:43 UTC
[2026-03-18 03:54:50 UTC] ─── CYCLE #22 START ───
[2026-03-18 03:55:33 UTC] ✓ CYCLE #22 COMPLETED SUCCESSFULLY
[2026-03-18 03:55:33 UTC] ⏳ Waiting 20 minutes until next cycle...
[2026-03-18 03:55:33 UTC]    Next run at: 04:15:33 UTC
[2026-03-18 04:15:38 UTC] ─── CYCLE #23 START ───
[2026-03-18 04:16:19 UTC] ✓ CYCLE #23 COMPLETED SUCCESSFULLY
[2026-03-18 04:16:19 UTC] ⏳ Waiting 20 minutes until next cycle...
[2026-03-18 04:16:19 UTC]    Next run at: 04:36:19 UTC
[2026-03-19 22:12:19 UTC] ═══ BATMAN FLOW ENGINE LOOP STARTED ═══
[2026-03-19 22:12:19 UTC] Interval: 20 minutes
[2026-03-19 22:12:19 UTC] Log file: /Users/erickposselt/Projects/batcave/batman_flow_engine/storage/logs/loop.log
[2026-03-19 22:12:19 UTC] Press Ctrl+C to stop gracefully
[2026-03-19 22:12:19 UTC] ─── CYCLE #1 START ───
[2026-03-19 22:13:27 UTC] ✓ CYCLE #1 COMPLETED SUCCESSFULLY
[2026-03-19 22:13:27 UTC] ═══ LOOP STOPPED GRACEFULLY ═══
[2026-03-19 22:13:27 UTC] Total cycles completed: 1
[2026-03-19 23:43:58 UTC] ═══ BATMAN FLOW ENGINE LOOP STARTED ═══
[2026-03-19 23:43:58 UTC] Interval: 20 minutes
[2026-03-19 23:43:58 UTC] Log file: /Users/erickposselt/Projects/batcave/batman_flow_engine/storage/logs/loop.log
[2026-03-19 23:43:58 UTC] Press Ctrl+C to stop gracefully
[2026-03-19 23:43:58 UTC] ─── CYCLE #1 START ───
[2026-03-19 23:45:19 UTC] ✓ CYCLE #1 COMPLETED SUCCESSFULLY
[2026-03-19 23:45:19 UTC] ⏳ Waiting 20 minutes until next cycle...
[2026-03-19 23:45:19 UTC]    Next run at: 00:05:19 UTC
[2026-03-20 00:05:23 UTC] ─── CYCLE #2 START ───
[2026-03-20 00:07:40 UTC] ✓ CYCLE #2 COMPLETED SUCCESSFULLY
[2026-03-20 00:07:40 UTC] ⏳ Waiting 20 minutes until next cycle...
[2026-03-20 00:07:40 UTC]    Next run at: 00:27:40 UTC
[2026-03-20 00:27:44 UTC] ─── CYCLE #3 START ───
[2026-03-20 00:30:13 UTC] ✓ CYCLE #3 COMPLETED SUCCESSFULLY
[2026-03-20 00:30:13 UTC] ⏳ Waiting 20 minutes until next cycle...
[2026-03-20 00:30:13 UTC]    Next run at: 00:50:13 UTC
[2026-03-20 00:50:17 UTC] ─── CYCLE #4 START ───
[2026-03-20 00:52:55 UTC] ✓ CYCLE #4 COMPLETED SUCCESSFULLY
[2026-03-20 00:52:55 UTC] ⏳ Waiting 20 minutes until next cycle...
[2026-03-20 00:52:55 UTC]    Next run at: 01:12:55 UTC
[2026-03-20 01:13:04 UTC] ─── CYCLE #5 START ───
[2026-03-20 01:15:16 UTC] ✓ CYCLE #5 COMPLETED SUCCESSFULLY
[2026-03-20 01:15:16 UTC] ⏳ Waiting 20 minutes until next cycle...
[2026-03-20 01:15:16 UTC]    Next run at: 01:35:16 UTC
[2026-03-20 01:35:24 UTC] ─── CYCLE #6 START ───
[2026-03-20 01:36:33 UTC] ✓ CYCLE #6 COMPLETED SUCCESSFULLY
[2026-03-20 01:36:33 UTC] ⏳ Waiting 20 minutes until next cycle...
[2026-03-20 01:36:33 UTC]    Next run at: 01:56:33 UTC
[2026-03-20 01:56:42 UTC] ─── CYCLE #7 START ───
[2026-03-20 01:57:25 UTC] ✓ CYCLE #7 COMPLETED SUCCESSFULLY
[2026-03-20 01:57:25 UTC] ⏳ Waiting 20 minutes until next cycle...
[2026-03-20 01:57:25 UTC]    Next run at: 02:17:25 UTC
[2026-03-20 02:17:33 UTC] ─── CYCLE #8 START ───
[2026-03-20 02:18:27 UTC] ✓ CYCLE #8 COMPLETED SUCCESSFULLY
[2026-03-20 02:18:27 UTC] ⏳ Waiting 20 minutes until next cycle...
[2026-03-20 02:18:27 UTC]    Next run at: 02:38:27 UTC
[2026-03-20 02:38:36 UTC] ─── CYCLE #9 START ───
[2026-03-20 02:39:19 UTC] ✓ CYCLE #9 COMPLETED SUCCESSFULLY
[2026-03-20 02:39:19 UTC] ⏳ Waiting 20 minutes until next cycle...
[2026-03-20 02:39:19 UTC]    Next run at: 02:59:19 UTC
[2026-03-20 02:59:28 UTC] ─── CYCLE #10 START ───
[2026-03-20 03:00:30 UTC] ✓ CYCLE #10 COMPLETED SUCCESSFULLY
[2026-03-20 03:00:30 UTC] ⏳ Waiting 20 minutes until next cycle...
[2026-03-20 03:00:30 UTC]    Next run at: 03:20:30 UTC
[2026-03-20 03:20:38 UTC] ─── CYCLE #11 START ───
[2026-03-20 03:21:19 UTC] ✓ CYCLE #11 COMPLETED SUCCESSFULLY
[2026-03-20 03:21:19 UTC] ⏳ Waiting 20 minutes until next cycle...
[2026-03-20 03:21:19 UTC]    Next run at: 03:41:19 UTC
[2026-03-20 03:41:28 UTC] ─── CYCLE #12 START ───
[2026-03-20 03:42:09 UTC] ✓ CYCLE #12 COMPLETED SUCCESSFULLY
[2026-03-20 03:42:09 UTC] ⏳ Waiting 20 minutes until next cycle...
[2026-03-20 03:42:09 UTC]    Next run at: 04:02:09 UTC
[2026-03-20 04:02:18 UTC] ─── CYCLE #13 START ───
[2026-03-20 04:04:53 UTC] ✓ CYCLE #13 COMPLETED SUCCESSFULLY
[2026-03-20 04:04:53 UTC] ⏳ Waiting 20 minutes until next cycle...
[2026-03-20 04:04:53 UTC]    Next run at: 04:24:53 UTC
[2026-03-20 04:25:02 UTC] ─── CYCLE #14 START ───
[2026-03-20 04:25:42 UTC] ✓ CYCLE #14 COMPLETED SUCCESSFULLY
[2026-03-20 04:25:42 UTC] ⏳ Waiting 20 minutes until next cycle...
[2026-03-20 04:25:42 UTC]    Next run at: 04:45:42 UTC
[2026-03-20 04:45:50 UTC] ─── CYCLE #15 START ───
[2026-03-20 04:46:53 UTC] ✓ CYCLE #15 COMPLETED SUCCESSFULLY
[2026-03-20 04:46:53 UTC] ⏳ Waiting 20 minutes until next cycle...
[2026-03-20 04:46:53 UTC]    Next run at: 05:06:53 UTC
[2026-03-20 05:07:01 UTC] ─── CYCLE #16 START ───
[2026-03-20 05:07:49 UTC] ✓ CYCLE #16 COMPLETED SUCCESSFULLY
[2026-03-20 05:07:49 UTC] ⏳ Waiting 20 minutes until next cycle...
[2026-03-20 05:07:49 UTC]    Next run at: 05:27:49 UTC
[2026-03-20 05:27:58 UTC] ─── CYCLE #17 START ───
[2026-03-20 05:28:46 UTC] ✓ CYCLE #17 COMPLETED SUCCESSFULLY
[2026-03-20 05:28:46 UTC] ⏳ Waiting 20 minutes until next cycle...
[2026-03-20 05:28:46 UTC]    Next run at: 05:48:46 UTC
[2026-03-20 05:48:55 UTC] ─── CYCLE #18 START ───
[2026-03-20 05:49:49 UTC] ✓ CYCLE #18 COMPLETED SUCCESSFULLY
[2026-03-20 05:49:49 UTC] ⏳ Waiting 20 minutes until next cycle...
[2026-03-20 05:49:49 UTC]    Next run at: 06:09:49 UTC
[2026-03-20 06:09:57 UTC] ─── CYCLE #19 START ───
[2026-03-20 06:12:09 UTC] ✓ CYCLE #19 COMPLETED SUCCESSFULLY
[2026-03-20 06:12:09 UTC] ⏳ Waiting 20 minutes until next cycle...
[2026-03-20 06:12:09 UTC]    Next run at: 06:32:09 UTC
[2026-03-20 06:32:17 UTC] ─── CYCLE #20 START ───
[2026-03-20 06:33:26 UTC] ✓ CYCLE #20 COMPLETED SUCCESSFULLY
[2026-03-20 06:33:26 UTC] ⏳ Waiting 20 minutes until next cycle...
[2026-03-20 06:33:26 UTC]    Next run at: 06:53:26 UTC
[2026-03-20 06:53:35 UTC] ─── CYCLE #21 START ───
[2026-03-20 06:55:33 UTC] ✓ CYCLE #21 COMPLETED SUCCESSFULLY
[2026-03-20 06:55:33 UTC] ⏳ Waiting 20 minutes until next cycle...
[2026-03-20 06:55:33 UTC]    Next run at: 07:15:33 UTC
[2026-03-20 07:15:42 UTC] ─── CYCLE #22 START ───
[2026-03-20 07:16:36 UTC] ✓ CYCLE #22 COMPLETED SUCCESSFULLY
[2026-03-20 07:16:36 UTC] ⏳ Waiting 20 minutes until next cycle...
[2026-03-20 07:16:36 UTC]    Next run at: 07:36:36 UTC
[2026-03-20 07:36:45 UTC] ─── CYCLE #23 START ───
[2026-03-20 07:39:08 UTC] ✓ CYCLE #23 COMPLETED SUCCESSFULLY
[2026-03-20 07:39:08 UTC] ⏳ Waiting 20 minutes until next cycle...
[2026-03-20 07:39:08 UTC]    Next run at: 07:59:08 UTC
[2026-03-20 07:59:17 UTC] ─── CYCLE #24 START ───
[2026-03-20 08:00:02 UTC] ✓ CYCLE #24 COMPLETED SUCCESSFULLY
[2026-03-20 08:00:02 UTC] ⏳ Waiting 20 minutes until next cycle...
[2026-03-20 08:00:02 UTC]    Next run at: 08:20:02 UTC
[2026-03-20 08:20:11 UTC] ─── CYCLE #25 START ───
[2026-03-20 08:22:20 UTC] ✓ CYCLE #25 COMPLETED SUCCESSFULLY
[2026-03-20 08:22:20 UTC] ⏳ Waiting 20 minutes until next cycle...
[2026-03-20 08:22:20 UTC]    Next run at: 08:42:20 UTC
[2026-03-20 08:42:29 UTC] ─── CYCLE #26 START ───
[2026-03-20 08:44:11 UTC] ✓ CYCLE #26 COMPLETED SUCCESSFULLY
[2026-03-20 08:44:11 UTC] ⏳ Waiting 20 minutes until next cycle...
[2026-03-20 08:44:11 UTC]    Next run at: 09:04:11 UTC
[2026-03-20 09:04:20 UTC] ─── CYCLE #27 START ───
[2026-03-20 09:06:07 UTC] ✓ CYCLE #27 COMPLETED SUCCESSFULLY
[2026-03-20 09:06:07 UTC] ⏳ Waiting 20 minutes until next cycle...
[2026-03-20 09:06:07 UTC]    Next run at: 09:26:07 UTC
[2026-03-20 09:26:16 UTC] ─── CYCLE #28 START ───
[2026-03-20 09:28:41 UTC] ✓ CYCLE #28 COMPLETED SUCCESSFULLY
[2026-03-20 09:28:41 UTC] ⏳ Waiting 20 minutes until next cycle...
[2026-03-20 09:28:41 UTC]    Next run at: 09:48:41 UTC
[2026-03-20 09:48:49 UTC] ─── CYCLE #29 START ───
[2026-03-20 09:50:00 UTC] ✓ CYCLE #29 COMPLETED SUCCESSFULLY
[2026-03-20 09:50:00 UTC] ⏳ Waiting 20 minutes until next cycle...
[2026-03-20 09:50:00 UTC]    Next run at: 10:10:00 UTC
[2026-03-20 10:10:09 UTC] ─── CYCLE #30 START ───
[2026-03-20 10:12:15 UTC] ✓ CYCLE #30 COMPLETED SUCCESSFULLY
[2026-03-20 10:12:15 UTC] ⏳ Waiting 20 minutes until next cycle...
[2026-03-20 10:12:15 UTC]    Next run at: 10:32:15 UTC
[2026-03-20 10:32:24 UTC] ─── CYCLE #31 START ───
[2026-03-20 10:33:56 UTC] ✓ CYCLE #31 COMPLETED SUCCESSFULLY
[2026-03-20 10:33:56 UTC] ⏳ Waiting 20 minutes until next cycle...
[2026-03-20 10:33:56 UTC]    Next run at: 10:53:56 UTC
[2026-03-20 10:54:05 UTC] ─── CYCLE #32 START ───
[2026-03-20 10:54:47 UTC] ✓ CYCLE #32 COMPLETED SUCCESSFULLY
[2026-03-20 10:54:47 UTC] ⏳ Waiting 20 minutes until next cycle...
[2026-03-20 10:54:47 UTC]    Next run at: 11:14:47 UTC
[2026-03-20 11:14:55 UTC] ─── CYCLE #33 START ───
[2026-03-20 11:15:53 UTC] ✓ CYCLE #33 COMPLETED SUCCESSFULLY
[2026-03-20 11:15:53 UTC] ⏳ Waiting 20 minutes until next cycle...
[2026-03-20 11:15:53 UTC]    Next run at: 11:35:53 UTC
[2026-03-20 11:36:02 UTC] ─── CYCLE #34 START ───
[2026-03-20 11:37:00 UTC] ✓ CYCLE #34 COMPLETED SUCCESSFULLY
[2026-03-20 11:37:00 UTC] ⏳ Waiting 20 minutes until next cycle...
[2026-03-20 11:37:00 UTC]    Next run at: 11:57:00 UTC
[2026-03-20 11:57:09 UTC] ─── CYCLE #35 START ───
[2026-03-20 11:58:19 UTC] ✓ CYCLE #35 COMPLETED SUCCESSFULLY
[2026-03-20 11:58:19 UTC] ⏳ Waiting 20 minutes until next cycle...
[2026-03-20 11:58:19 UTC]    Next run at: 12:18:19 UTC
[2026-03-20 12:18:27 UTC] ─── CYCLE #36 START ───
[2026-03-20 12:19:15 UTC] ✓ CYCLE #36 COMPLETED SUCCESSFULLY
[2026-03-20 12:19:15 UTC] ⏳ Waiting 20 minutes until next cycle...
[2026-03-20 12:19:15 UTC]    Next run at: 12:39:15 UTC
[2026-03-20 12:39:23 UTC] ─── CYCLE #37 START ───
[2026-03-20 12:40:09 UTC] ✓ CYCLE #37 COMPLETED SUCCESSFULLY
[2026-03-20 12:40:09 UTC] ⏳ Waiting 20 minutes until next cycle...
[2026-03-20 12:40:09 UTC]    Next run at: 13:00:09 UTC
[2026-03-20 13:00:17 UTC] ─── CYCLE #38 START ───
[2026-03-20 13:01:49 UTC] ✓ CYCLE #38 COMPLETED SUCCESSFULLY
[2026-03-20 13:01:49 UTC] ⏳ Waiting 20 minutes until next cycle...
[2026-03-20 13:01:49 UTC]    Next run at: 13:21:49 UTC
[2026-03-20 13:21:58 UTC] ─── CYCLE #39 START ───
[2026-03-20 13:22:55 UTC] ✓ CYCLE #39 COMPLETED SUCCESSFULLY
[2026-03-20 13:22:55 UTC] ⏳ Waiting 20 minutes until next cycle...
[2026-03-20 13:22:55 UTC]    Next run at: 13:42:55 UTC
[2026-03-20 13:43:04 UTC] ─── CYCLE #40 START ───
[2026-03-20 13:43:46 UTC] ✓ CYCLE #40 COMPLETED SUCCESSFULLY
[2026-03-20 13:43:46 UTC] ⏳ Waiting 20 minutes until next cycle...
[2026-03-20 13:43:46 UTC]    Next run at: 14:03:46 UTC
[2026-03-20 14:03:55 UTC] ─── CYCLE #41 START ───
[2026-03-20 14:05:13 UTC] ✓ CYCLE #41 COMPLETED SUCCESSFULLY
[2026-03-20 14:05:13 UTC] ⏳ Waiting 20 minutes until next cycle...
[2026-03-20 14:05:13 UTC]    Next run at: 14:25:13 UTC
[2026-03-20 14:25:22 UTC] ─── CYCLE #42 START ───
[2026-03-20 14:26:12 UTC] ✓ CYCLE #42 COMPLETED SUCCESSFULLY
[2026-03-20 14:26:12 UTC] ⏳ Waiting 20 minutes until next cycle...
[2026-03-20 14:26:12 UTC]    Next run at: 14:46:12 UTC
[2026-03-20 14:46:21 UTC] ─── CYCLE #43 START ───
[2026-03-20 14:47:12 UTC] ✓ CYCLE #43 COMPLETED SUCCESSFULLY
[2026-03-20 14:47:12 UTC] ⏳ Waiting 20 minutes until next cycle...
[2026-03-20 14:47:12 UTC]    Next run at: 15:07:12 UTC
[2026-03-20 15:07:21 UTC] ─── CYCLE #44 START ───
[2026-03-20 15:08:16 UTC] ✓ CYCLE #44 COMPLETED SUCCESSFULLY
[2026-03-20 15:08:16 UTC] ⏳ Waiting 20 minutes until next cycle...
[2026-03-20 15:08:16 UTC]    Next run at: 15:28:16 UTC
[2026-03-20 15:28:24 UTC] ─── CYCLE #45 START ───
[2026-03-20 15:29:09 UTC] ✓ CYCLE #45 COMPLETED SUCCESSFULLY
[2026-03-20 15:29:09 UTC] ⏳ Waiting 20 minutes until next cycle...
[2026-03-20 15:29:09 UTC]    Next run at: 15:49:09 UTC
[2026-03-20 15:49:18 UTC] ─── CYCLE #46 START ───
[2026-03-20 15:50:03 UTC] ✓ CYCLE #46 COMPLETED SUCCESSFULLY
[2026-03-20 15:50:03 UTC] ⏳ Waiting 20 minutes until next cycle...
[2026-03-20 15:50:03 UTC]    Next run at: 16:10:03 UTC
[2026-03-20 16:10:10 UTC] ─── CYCLE #47 START ───
[2026-03-20 16:11:36 UTC] ✓ CYCLE #47 COMPLETED SUCCESSFULLY
[2026-03-20 16:11:36 UTC] ⏳ Waiting 20 minutes until next cycle...
[2026-03-20 16:11:36 UTC]    Next run at: 16:31:36 UTC
[2026-03-20 16:31:40 UTC] ─── CYCLE #48 START ───
[2026-03-20 16:33:18 UTC] ✓ CYCLE #48 COMPLETED SUCCESSFULLY
[2026-03-20 16:33:18 UTC] ⏳ Waiting 20 minutes until next cycle...
[2026-03-20 16:33:18 UTC]    Next run at: 16:53:18 UTC
[2026-03-20 16:53:22 UTC] ─── CYCLE #49 START ───
[2026-03-20 16:56:03 UTC] ✓ CYCLE #49 COMPLETED SUCCESSFULLY
[2026-03-20 16:56:03 UTC] ⏳ Waiting 20 minutes until next cycle...
[2026-03-20 16:56:03 UTC]    Next run at: 17:16:03 UTC
[2026-03-20 17:16:08 UTC] ─── CYCLE #50 START ───
[2026-03-20 17:18:32 UTC] ✓ CYCLE #50 COMPLETED SUCCESSFULLY
[2026-03-20 17:18:32 UTC] ⏳ Waiting 20 minutes until next cycle...
[2026-03-20 17:18:32 UTC]    Next run at: 17:38:32 UTC
[2026-03-20 17:38:36 UTC] ─── CYCLE #51 START ───
[2026-03-20 17:41:19 UTC] ✓ CYCLE #51 COMPLETED SUCCESSFULLY
[2026-03-20 17:41:19 UTC] ⏳ Waiting 20 minutes until next cycle...
[2026-03-20 17:41:19 UTC]    Next run at: 18:01:19 UTC
[2026-03-20 18:01:24 UTC] ─── CYCLE #52 START ───
[2026-03-20 18:02:49 UTC] ✓ CYCLE #52 COMPLETED SUCCESSFULLY
[2026-03-20 18:02:49 UTC] ⏳ Waiting 20 minutes until next cycle...
[2026-03-20 18:02:49 UTC]    Next run at: 18:22:49 UTC
[2026-03-20 18:22:54 UTC] ─── CYCLE #53 START ───
[2026-03-20 18:23:51 UTC] ✓ CYCLE #53 COMPLETED SUCCESSFULLY
[2026-03-20 18:23:51 UTC] ⏳ Waiting 20 minutes until next cycle...
[2026-03-20 18:23:51 UTC]    Next run at: 18:43:51 UTC
[2026-03-20 18:43:56 UTC] ─── CYCLE #54 START ───
[2026-03-20 18:44:49 UTC] ✓ CYCLE #54 COMPLETED SUCCESSFULLY
[2026-03-20 18:44:49 UTC] ⏳ Waiting 20 minutes until next cycle...
[2026-03-20 18:44:49 UTC]    Next run at: 19:04:49 UTC
[2026-03-20 19:04:53 UTC] ─── CYCLE #55 START ───
[2026-03-20 19:06:45 UTC] ✓ CYCLE #55 COMPLETED SUCCESSFULLY
[2026-03-20 19:06:45 UTC] ⏳ Waiting 20 minutes until next cycle...
[2026-03-20 19:06:45 UTC]    Next run at: 19:26:45 UTC
[2026-03-20 19:26:50 UTC] ─── CYCLE #56 START ───
[2026-03-20 19:27:46 UTC] ✓ CYCLE #56 COMPLETED SUCCESSFULLY
[2026-03-20 19:27:46 UTC] ⏳ Waiting 20 minutes until next cycle...
[2026-03-20 19:27:46 UTC]    Next run at: 19:47:46 UTC
[2026-03-20 19:47:51 UTC] ─── CYCLE #57 START ───
[2026-03-20 19:48:54 UTC] ✓ CYCLE #57 COMPLETED SUCCESSFULLY
[2026-03-20 19:48:54 UTC] ⏳ Waiting 20 minutes until next cycle...
[2026-03-20 19:48:54 UTC]    Next run at: 20:08:54 UTC
[2026-03-20 20:08:59 UTC] ─── CYCLE #58 START ───
[2026-03-20 20:10:22 UTC] ✓ CYCLE #58 COMPLETED SUCCESSFULLY
[2026-03-20 20:10:22 UTC] ⏳ Waiting 20 minutes until next cycle...
[2026-03-20 20:10:22 UTC]    Next run at: 20:30:22 UTC
[2026-03-20 20:30:26 UTC] ─── CYCLE #59 START ───
[2026-03-20 20:31:57 UTC] ✓ CYCLE #59 COMPLETED SUCCESSFULLY
[2026-03-20 20:31:57 UTC] ⏳ Waiting 20 minutes until next cycle...
[2026-03-20 20:31:57 UTC]    Next run at: 20:51:57 UTC
[2026-03-20 20:52:02 UTC] ─── CYCLE #60 START ───
[2026-03-20 20:52:56 UTC] ✓ CYCLE #60 COMPLETED SUCCESSFULLY
[2026-03-20 20:52:56 UTC] ⏳ Waiting 20 minutes until next cycle...
[2026-03-20 20:52:56 UTC]    Next run at: 21:12:56 UTC
[2026-03-20 21:13:00 UTC] ─── CYCLE #61 START ───
[2026-03-20 21:13:47 UTC] ✓ CYCLE #61 COMPLETED SUCCESSFULLY
[2026-03-20 21:13:47 UTC] ⏳ Waiting 20 minutes until next cycle...
[2026-03-20 21:13:47 UTC]    Next run at: 21:33:47 UTC
[2026-03-20 21:33:51 UTC] ─── CYCLE #62 START ───
[2026-03-20 21:35:10 UTC] ✓ CYCLE #62 COMPLETED SUCCESSFULLY
[2026-03-20 21:35:10 UTC] ═══ LOOP STOPPED GRACEFULLY ═══
[2026-03-20 21:35:10 UTC] Total cycles completed: 62
[2026-03-20 21:35:11 UTC] ═══ BATMAN FLOW ENGINE LOOP STARTED ═══
[2026-03-20 21:35:11 UTC] Interval: 20 minutes
[2026-03-20 21:35:11 UTC] Log file: /Users/erickposselt/Projects/batcave/batman_flow_engine/storage/logs/loop.log
[2026-03-20 21:35:11 UTC] Press Ctrl+C to stop gracefully
[2026-03-20 21:35:11 UTC] ─── CYCLE #1 START ───
[2026-03-20 21:37:22 UTC] ✓ CYCLE #1 COMPLETED SUCCESSFULLY
[2026-03-20 21:37:22 UTC] ⏳ Waiting 20 minutes until next cycle...
[2026-03-20 21:37:22 UTC]    Next run at: 21:57:22 UTC
[2026-03-20 21:57:26 UTC] ─── CYCLE #2 START ───
[2026-03-20 21:58:22 UTC] ✓ CYCLE #2 COMPLETED SUCCESSFULLY
[2026-03-20 21:58:22 UTC] ⏳ Waiting 20 minutes until next cycle...
[2026-03-20 21:58:22 UTC]    Next run at: 22:18:22 UTC
[2026-03-20 22:18:27 UTC] ─── CYCLE #3 START ───
[2026-03-20 22:19:18 UTC] ✓ CYCLE #3 COMPLETED SUCCESSFULLY
[2026-03-20 22:19:18 UTC] ⏳ Waiting 20 minutes until next cycle...
[2026-03-20 22:19:18 UTC]    Next run at: 22:39:18 UTC
[2026-03-20 22:39:23 UTC] ─── CYCLE #4 START ───
[2026-03-20 22:40:21 UTC] ✓ CYCLE #4 COMPLETED SUCCESSFULLY
[2026-03-20 22:40:21 UTC] ⏳ Waiting 20 minutes until next cycle...
[2026-03-20 22:40:21 UTC]    Next run at: 23:00:21 UTC
[2026-03-20 23:00:25 UTC] ─── CYCLE #5 START ───
[2026-03-20 23:01:40 UTC] ✓ CYCLE #5 COMPLETED SUCCESSFULLY
[2026-03-20 23:01:40 UTC] ⏳ Waiting 20 minutes until next cycle...
[2026-03-20 23:01:40 UTC]    Next run at: 23:21:40 UTC
[2026-03-20 23:21:45 UTC] ─── CYCLE #6 START ───
[2026-03-20 23:22:51 UTC] ✓ CYCLE #6 COMPLETED SUCCESSFULLY
[2026-03-20 23:22:51 UTC] ⏳ Waiting 20 minutes until next cycle...
[2026-03-20 23:22:51 UTC]    Next run at: 23:42:51 UTC
[2026-03-20 23:42:56 UTC] ─── CYCLE #7 START ───
[2026-03-20 23:43:46 UTC] ✓ CYCLE #7 COMPLETED SUCCESSFULLY
[2026-03-20 23:43:46 UTC] ⏳ Waiting 20 minutes until next cycle...
[2026-03-20 23:43:46 UTC]    Next run at: 00:03:46 UTC
[2026-03-21 00:03:54 UTC] ─── CYCLE #8 START ───
[2026-03-21 00:04:53 UTC] ✓ CYCLE #8 COMPLETED SUCCESSFULLY
[2026-03-21 00:04:53 UTC] ⏳ Waiting 20 minutes until next cycle...
[2026-03-21 00:04:53 UTC]    Next run at: 00:24:53 UTC
[2026-03-21 00:25:02 UTC] ─── CYCLE #9 START ───
[2026-03-21 00:26:02 UTC] ✓ CYCLE #9 COMPLETED SUCCESSFULLY
[2026-03-21 00:26:02 UTC] ⏳ Waiting 20 minutes until next cycle...
[2026-03-21 00:26:02 UTC]    Next run at: 00:46:02 UTC
[2026-03-21 00:46:08 UTC] ─── CYCLE #10 START ───
[2026-03-21 00:47:00 UTC] ✓ CYCLE #10 COMPLETED SUCCESSFULLY
[2026-03-21 00:47:00 UTC] ⏳ Waiting 20 minutes until next cycle...
[2026-03-21 00:47:00 UTC]    Next run at: 01:07:00 UTC
[2026-03-21 01:05:20 UTC] ═══ BATMAN FLOW ENGINE LOOP STARTED ═══
[2026-03-21 01:05:20 UTC] Interval: 20 minutes
[2026-03-21 01:05:20 UTC] Log file: /Users/erickposselt/Projects/batcave/batman_flow_engine/storage/logs/loop.log
[2026-03-21 01:05:20 UTC] Press Ctrl+C to stop gracefully
[2026-03-21 01:05:20 UTC] ─── CYCLE #1 START ───
[2026-03-21 01:06:35 UTC] ═══ BATMAN FLOW ENGINE LOOP STARTED ═══
[2026-03-21 01:06:35 UTC] Interval: 20 minutes
[2026-03-21 01:06:35 UTC] Log file: /Users/erickposselt/Projects/batcave/batman_flow_engine/storage/logs/loop.log
[2026-03-21 01:06:35 UTC] Press Ctrl+C to stop gracefully
[2026-03-21 01:06:35 UTC] ─── CYCLE #1 START ───
[2026-03-21 01:06:35 UTC] ⚠ CYCLE #1 SKIPPED (engine lock already present)
[2026-03-21 01:06:35 UTC] ⏳ Waiting 20 minutes until next cycle...
[2026-03-21 01:06:35 UTC]    Next run at: 01:26:35 UTC
[2026-03-21 01:07:04 UTC] ─── CYCLE #11 START ───
[2026-03-21 01:07:04 UTC] ⚠ CYCLE #11 SKIPPED (engine lock already present)
[2026-03-21 01:07:04 UTC] ⏳ Waiting 20 minutes until next cycle...
[2026-03-21 01:07:04 UTC]    Next run at: 01:27:04 UTC
[2026-03-21 01:07:29 UTC] ✓ CYCLE #1 COMPLETED SUCCESSFULLY
[2026-03-21 01:07:29 UTC] ⏳ Waiting 20 minutes until next cycle...
[2026-03-21 01:07:29 UTC]    Next run at: 01:27:29 UTC
[2026-03-21 01:16:09 UTC] ═══ BATMAN FLOW ENGINE LOOP STARTED ═══
[2026-03-21 01:16:09 UTC] Interval: 20 minutes
[2026-03-21 01:16:09 UTC] Log file: /Users/erickposselt/Projects/batcave/batman_flow_engine/storage/logs/loop.log
[2026-03-21 01:16:09 UTC] Press Ctrl+C to stop gracefully
[2026-03-21 01:16:09 UTC] ─── CYCLE #1 START ───
[2026-03-21 01:19:31 UTC] ✓ CYCLE #1 COMPLETED SUCCESSFULLY
[2026-03-21 01:19:31 UTC] ⏳ Waiting 20 minutes until next cycle...
[2026-03-21 01:19:31 UTC]    Next run at: 01:39:31 UTC
[2026-03-21 01:26:39 UTC] ─── CYCLE #2 START ───
[2026-03-21 01:27:08 UTC] ─── CYCLE #12 START ───
[2026-03-21 01:27:08 UTC] ⚠ CYCLE #12 SKIPPED (engine lock already present)
[2026-03-21 01:27:08 UTC] ⏳ Waiting 20 minutes until next cycle...
[2026-03-21 01:27:08 UTC]    Next run at: 01:47:08 UTC
[2026-03-21 01:27:33 UTC] ─── CYCLE #2 START ───
[2026-03-21 01:27:33 UTC] ⚠ CYCLE #2 SKIPPED (engine lock already present)
[2026-03-21 01:27:33 UTC] ⏳ Waiting 20 minutes until next cycle...
[2026-03-21 01:27:33 UTC]    Next run at: 01:47:33 UTC
[2026-03-21 01:30:44 UTC] ✓ CYCLE #2 COMPLETED SUCCESSFULLY
[2026-03-21 01:30:44 UTC] ⏳ Waiting 20 minutes until next cycle...
[2026-03-21 01:30:44 UTC]    Next run at: 01:50:44 UTC
[2026-03-21 01:39:35 UTC] ─── CYCLE #2 START ───
[2026-03-21 01:43:03 UTC] ✓ CYCLE #2 COMPLETED SUCCESSFULLY
[2026-03-21 01:43:03 UTC] ⏳ Waiting 20 minutes until next cycle...
[2026-03-21 01:43:03 UTC]    Next run at: 02:03:03 UTC
[2026-03-21 01:47:13 UTC] ─── CYCLE #13 START ───
[2026-03-21 01:47:38 UTC] ─── CYCLE #3 START ───
[2026-03-21 01:47:38 UTC] ⚠ CYCLE #3 SKIPPED (engine lock already present)
[2026-03-21 01:47:38 UTC] ⏳ Waiting 20 minutes until next cycle...
[2026-03-21 01:47:38 UTC]    Next run at: 02:07:38 UTC
[2026-03-21 01:49:14 UTC] ✓ CYCLE #13 COMPLETED SUCCESSFULLY
[2026-03-21 01:49:14 UTC] ⏳ Waiting 20 minutes until next cycle...
[2026-03-21 01:49:14 UTC]    Next run at: 02:09:14 UTC
[2026-03-21 01:50:49 UTC] ─── CYCLE #3 START ───
[2026-03-21 01:54:10 UTC] ✓ CYCLE #3 COMPLETED SUCCESSFULLY
[2026-03-21 01:54:10 UTC] ⏳ Waiting 20 minutes until next cycle...
[2026-03-21 01:54:10 UTC]    Next run at: 02:14:10 UTC
[2026-03-21 02:03:10 UTC] ─── CYCLE #3 START ───
[2026-03-21 02:06:46 UTC] ✓ CYCLE #3 COMPLETED SUCCESSFULLY
[2026-03-21 02:06:46 UTC] ⏳ Waiting 20 minutes until next cycle...
[2026-03-21 02:06:46 UTC]    Next run at: 02:26:46 UTC
[2026-03-21 02:07:46 UTC] ─── CYCLE #4 START ───
[2026-03-21 02:09:22 UTC] ─── CYCLE #14 START ───
[2026-03-21 02:09:22 UTC] ⚠ CYCLE #14 SKIPPED (engine lock already present)
[2026-03-21 02:09:22 UTC] ⏳ Waiting 20 minutes until next cycle...
[2026-03-21 02:09:22 UTC]    Next run at: 02:29:22 UTC
[2026-03-21 02:11:23 UTC] ✓ CYCLE #4 COMPLETED SUCCESSFULLY
[2026-03-21 02:11:23 UTC] ⏳ Waiting 20 minutes until next cycle...
[2026-03-21 02:11:23 UTC]    Next run at: 02:31:23 UTC
[2026-03-21 02:14:19 UTC] ─── CYCLE #4 START ───
[2026-03-21 02:17:55 UTC] ✓ CYCLE #4 COMPLETED SUCCESSFULLY
[2026-03-21 02:17:55 UTC] ⏳ Waiting 20 minutes until next cycle...
[2026-03-21 02:17:55 UTC]    Next run at: 02:37:55 UTC
[2026-03-21 02:26:54 UTC] ─── CYCLE #4 START ───
[2026-03-21 02:29:31 UTC] ─── CYCLE #15 START ───
[2026-03-21 02:29:31 UTC] ⚠ CYCLE #15 SKIPPED (engine lock already present)
[2026-03-21 02:29:31 UTC] ⏳ Waiting 20 minutes until next cycle...
[2026-03-21 02:29:31 UTC]    Next run at: 02:49:31 UTC
[2026-03-21 02:30:50 UTC] ✓ CYCLE #4 COMPLETED SUCCESSFULLY
[2026-03-21 02:30:50 UTC] ⏳ Waiting 20 minutes until next cycle...
[2026-03-21 02:30:50 UTC]    Next run at: 02:50:50 UTC
[2026-03-21 02:31:32 UTC] ─── CYCLE #5 START ───
[2026-03-21 02:35:03 UTC] ✓ CYCLE #5 COMPLETED SUCCESSFULLY
[2026-03-21 02:35:03 UTC] ⏳ Waiting 20 minutes until next cycle...
[2026-03-21 02:35:03 UTC]    Next run at: 02:55:03 UTC
[2026-03-21 02:38:04 UTC] ─── CYCLE #5 START ───
[2026-03-21 02:41:37 UTC] ✓ CYCLE #5 COMPLETED SUCCESSFULLY
[2026-03-21 02:41:37 UTC] ⏳ Waiting 20 minutes until next cycle...
[2026-03-21 02:41:37 UTC]    Next run at: 03:01:37 UTC
[2026-03-21 02:49:40 UTC] ─── CYCLE #16 START ───
[2026-03-21 02:50:59 UTC] ─── CYCLE #5 START ───
[2026-03-21 02:50:59 UTC] ⚠ CYCLE #5 SKIPPED (engine lock already present)
[2026-03-21 02:50:59 UTC] ⏳ Waiting 20 minutes until next cycle...
[2026-03-21 02:50:59 UTC]    Next run at: 03:10:59 UTC
[2026-03-21 02:51:48 UTC] ✓ CYCLE #16 COMPLETED SUCCESSFULLY
[2026-03-21 02:51:48 UTC] ⏳ Waiting 20 minutes until next cycle...
[2026-03-21 02:51:48 UTC]    Next run at: 03:11:48 UTC
[2026-03-21 02:55:11 UTC] ─── CYCLE #6 START ───
[2026-03-21 02:58:47 UTC] ✓ CYCLE #6 COMPLETED SUCCESSFULLY
[2026-03-21 02:58:47 UTC] ⏳ Waiting 20 minutes until next cycle...
[2026-03-21 02:58:47 UTC]    Next run at: 03:18:47 UTC
[2026-03-21 03:01:46 UTC] ─── CYCLE #6 START ───
[2026-03-21 03:04:51 UTC] ✓ CYCLE #6 COMPLETED SUCCESSFULLY
[2026-03-21 03:04:51 UTC] ⏳ Waiting 20 minutes until next cycle...
[2026-03-21 03:04:51 UTC]    Next run at: 03:24:51 UTC
[2026-03-21 03:11:07 UTC] ─── CYCLE #6 START ───
[2026-03-21 03:11:56 UTC] ─── CYCLE #17 START ───
[2026-03-21 03:11:56 UTC] ⚠ CYCLE #17 SKIPPED (engine lock already present)
[2026-03-21 03:11:56 UTC] ⏳ Waiting 20 minutes until next cycle...
[2026-03-21 03:11:56 UTC]    Next run at: 03:31:56 UTC
[2026-03-21 03:14:27 UTC] ✓ CYCLE #6 COMPLETED SUCCESSFULLY
[2026-03-21 03:14:27 UTC] ⏳ Waiting 20 minutes until next cycle...
[2026-03-21 03:14:27 UTC]    Next run at: 03:34:27 UTC
[2026-03-21 03:18:56 UTC] ─── CYCLE #7 START ───
[2026-03-21 03:22:35 UTC] ✓ CYCLE #7 COMPLETED SUCCESSFULLY
[2026-03-21 03:22:35 UTC] ⏳ Waiting 20 minutes until next cycle...
[2026-03-21 03:22:35 UTC]    Next run at: 03:42:35 UTC
[2026-03-21 03:25:00 UTC] ─── CYCLE #7 START ───
[2026-03-21 03:26:57 UTC] ✓ CYCLE #7 COMPLETED SUCCESSFULLY
[2026-03-21 03:26:57 UTC] ⏳ Waiting 20 minutes until next cycle...
[2026-03-21 03:26:57 UTC]    Next run at: 03:46:57 UTC
[2026-03-21 03:32:05 UTC] ─── CYCLE #18 START ───
[2026-03-21 03:33:47 UTC] ✓ CYCLE #18 COMPLETED SUCCESSFULLY
[2026-03-21 03:33:47 UTC] ⏳ Waiting 20 minutes until next cycle...
[2026-03-21 03:33:47 UTC]    Next run at: 03:53:47 UTC
[2026-03-21 03:34:36 UTC] ─── CYCLE #7 START ───
[2026-03-21 03:37:58 UTC] ✓ CYCLE #7 COMPLETED SUCCESSFULLY
[2026-03-21 03:37:58 UTC] ⏳ Waiting 20 minutes until next cycle...
[2026-03-21 03:37:58 UTC]    Next run at: 03:57:58 UTC
[2026-03-21 03:42:43 UTC] ─── CYCLE #8 START ───
[2026-03-21 03:44:42 UTC] ✓ CYCLE #8 COMPLETED SUCCESSFULLY
[2026-03-21 03:44:42 UTC] ⏳ Waiting 20 minutes until next cycle...
[2026-03-21 03:44:42 UTC]    Next run at: 04:04:42 UTC
[2026-03-21 03:47:06 UTC] ─── CYCLE #8 START ───
[2026-03-21 03:49:04 UTC] ✓ CYCLE #8 COMPLETED SUCCESSFULLY
[2026-03-21 03:49:04 UTC] ⏳ Waiting 20 minutes until next cycle...
[2026-03-21 03:49:04 UTC]    Next run at: 04:09:04 UTC
[2026-03-21 03:53:56 UTC] ─── CYCLE #19 START ───
[2026-03-21 03:56:22 UTC] ✓ CYCLE #19 COMPLETED SUCCESSFULLY
[2026-03-21 03:56:22 UTC] ⏳ Waiting 20 minutes until next cycle...
[2026-03-21 03:56:22 UTC]    Next run at: 04:16:22 UTC
[2026-03-21 03:58:07 UTC] ─── CYCLE #8 START ───
[2026-03-21 04:01:43 UTC] ✓ CYCLE #8 COMPLETED SUCCESSFULLY
[2026-03-21 04:01:43 UTC] ⏳ Waiting 20 minutes until next cycle...
[2026-03-21 04:01:43 UTC]    Next run at: 04:21:43 UTC
[2026-03-21 04:04:50 UTC] ─── CYCLE #9 START ───
[2026-03-21 04:06:52 UTC] ✓ CYCLE #9 COMPLETED SUCCESSFULLY
[2026-03-21 04:06:52 UTC] ⏳ Waiting 20 minutes until next cycle...
[2026-03-21 04:06:52 UTC]    Next run at: 04:26:52 UTC
[2026-03-21 04:09:13 UTC] ─── CYCLE #9 START ───
[2026-03-21 04:11:04 UTC] ✓ CYCLE #9 COMPLETED SUCCESSFULLY
[2026-03-21 04:11:04 UTC] ⏳ Waiting 20 minutes until next cycle...
[2026-03-21 04:11:04 UTC]    Next run at: 04:31:04 UTC
[2026-03-21 04:16:31 UTC] ─── CYCLE #20 START ───
[2026-03-21 04:17:16 UTC] ✓ CYCLE #20 COMPLETED SUCCESSFULLY
[2026-03-21 04:17:16 UTC] ⏳ Waiting 20 minutes until next cycle...
[2026-03-21 04:17:16 UTC]    Next run at: 04:37:16 UTC
[2026-03-21 04:21:52 UTC] ─── CYCLE #9 START ───
[2026-03-21 04:23:53 UTC] ✓ CYCLE #9 COMPLETED SUCCESSFULLY
[2026-03-21 04:23:53 UTC] ⏳ Waiting 20 minutes until next cycle...
[2026-03-21 04:23:53 UTC]    Next run at: 04:43:53 UTC
[2026-03-21 04:27:00 UTC] ─── CYCLE #10 START ───
[2026-03-21 04:28:52 UTC] ✓ CYCLE #10 COMPLETED SUCCESSFULLY
[2026-03-21 04:28:52 UTC] ⏳ Waiting 20 minutes until next cycle...
[2026-03-21 04:28:52 UTC]    Next run at: 04:48:52 UTC
[2026-03-21 04:31:12 UTC] ─── CYCLE #10 START ───
[2026-03-21 04:34:02 UTC] ✓ CYCLE #10 COMPLETED SUCCESSFULLY
[2026-03-21 04:34:02 UTC] ⏳ Waiting 20 minutes until next cycle...
[2026-03-21 04:34:02 UTC]    Next run at: 04:54:02 UTC
[2026-03-21 04:37:25 UTC] ─── CYCLE #21 START ───
[2026-03-21 04:38:18 UTC] ✓ CYCLE #21 COMPLETED SUCCESSFULLY
[2026-03-21 04:38:18 UTC] ⏳ Waiting 20 minutes until next cycle...
[2026-03-21 04:38:18 UTC]    Next run at: 04:58:18 UTC
[2026-03-21 04:44:02 UTC] ─── CYCLE #10 START ───
[2026-03-21 04:46:09 UTC] ✓ CYCLE #10 COMPLETED SUCCESSFULLY
[2026-03-21 04:46:09 UTC] ⏳ Waiting 20 minutes until next cycle...
[2026-03-21 04:46:09 UTC]    Next run at: 05:06:09 UTC
[2026-03-21 04:49:01 UTC] ─── CYCLE #11 START ───
[2026-03-21 04:52:22 UTC] ✓ CYCLE #11 COMPLETED SUCCESSFULLY
[2026-03-21 04:52:22 UTC] ⏳ Waiting 20 minutes until next cycle...
[2026-03-21 04:52:22 UTC]    Next run at: 05:12:22 UTC
[2026-03-21 04:54:10 UTC] ─── CYCLE #11 START ───
[2026-03-21 04:57:25 UTC] ✓ CYCLE #11 COMPLETED SUCCESSFULLY
[2026-03-21 04:57:25 UTC] ⏳ Waiting 20 minutes until next cycle...
[2026-03-21 04:57:25 UTC]    Next run at: 05:17:25 UTC
[2026-03-21 04:58:26 UTC] ─── CYCLE #22 START ───
[2026-03-21 05:01:02 UTC] ✓ CYCLE #22 COMPLETED SUCCESSFULLY
[2026-03-21 05:01:02 UTC] ⏳ Waiting 20 minutes until next cycle...
[2026-03-21 05:01:02 UTC]    Next run at: 05:21:02 UTC
[2026-03-21 05:06:16 UTC] ─── CYCLE #11 START ───
[2026-03-21 05:08:08 UTC] ✓ CYCLE #11 COMPLETED SUCCESSFULLY
[2026-03-21 05:08:08 UTC] ⏳ Waiting 20 minutes until next cycle...
[2026-03-21 05:08:08 UTC]    Next run at: 05:28:08 UTC
[2026-03-21 05:12:28 UTC] ─── CYCLE #12 START ───
[2026-03-21 05:14:32 UTC] ✓ CYCLE #12 COMPLETED SUCCESSFULLY
[2026-03-21 05:14:32 UTC] ⏳ Waiting 20 minutes until next cycle...
[2026-03-21 05:14:32 UTC]    Next run at: 05:34:32 UTC
[2026-03-21 05:17:30 UTC] ─── CYCLE #12 START ───
[2026-03-21 05:19:22 UTC] ✓ CYCLE #12 COMPLETED SUCCESSFULLY
[2026-03-21 05:19:22 UTC] ⏳ Waiting 20 minutes until next cycle...
[2026-03-21 05:19:22 UTC]    Next run at: 05:39:22 UTC
[2026-03-21 05:21:07 UTC] ─── CYCLE #23 START ───
[2026-03-21 05:22:05 UTC] ✓ CYCLE #23 COMPLETED SUCCESSFULLY
[2026-03-21 05:22:05 UTC] ⏳ Waiting 20 minutes until next cycle...
[2026-03-21 05:22:05 UTC]    Next run at: 05:42:05 UTC
[2026-03-21 05:28:12 UTC] ─── CYCLE #12 START ───
[2026-03-21 05:30:25 UTC] ✓ CYCLE #12 COMPLETED SUCCESSFULLY
[2026-03-21 05:30:25 UTC] ⏳ Waiting 20 minutes until next cycle...
[2026-03-21 05:30:25 UTC]    Next run at: 05:50:25 UTC
[2026-03-21 05:34:37 UTC] ─── CYCLE #13 START ───
[2026-03-21 05:38:30 UTC] ✓ CYCLE #13 COMPLETED SUCCESSFULLY
[2026-03-21 05:38:30 UTC] ⏳ Waiting 20 minutes until next cycle...
[2026-03-21 05:38:30 UTC]    Next run at: 05:58:30 UTC
[2026-03-21 05:39:27 UTC] ─── CYCLE #13 START ───
[2026-03-21 05:41:20 UTC] ✓ CYCLE #13 COMPLETED SUCCESSFULLY
[2026-03-21 05:41:20 UTC] ⏳ Waiting 20 minutes until next cycle...
[2026-03-21 05:41:20 UTC]    Next run at: 06:01:20 UTC
[2026-03-21 05:42:09 UTC] ─── CYCLE #24 START ───
[2026-03-21 05:43:14 UTC] ✓ CYCLE #24 COMPLETED SUCCESSFULLY
[2026-03-21 05:43:14 UTC] ⏳ Waiting 20 minutes until next cycle...
[2026-03-21 05:43:14 UTC]    Next run at: 06:03:14 UTC
